-- -----------------------------------------------------
-- 200 Inserts de tabla Persona
-- -----------------------------------------------------
INSERT INTO persona (idPersona, primerNombre, segundoNombre, primerApellido, segundoApellido, email, password, genero, direccion, fechaNacimiento, imagenIdentificacion) VALUES (1, 'Brig', 'Powell', 'Trude', 'Bodker', 'pbodker0@bandcamp.com', '03c345ae8bd4c13f4eb2eb6dde0a92e0', 'M', '3132 Lerdahl Circle', '1931-04-18', 'https://robohash.org/quasvoluptatemnihil.jpg?size=50x50&set=set1');
INSERT INTO persona (idPersona, primerNombre, segundoNombre, primerApellido, segundoApellido, email, password, genero, direccion, fechaNacimiento, imagenIdentificacion) VALUES (2, 'Beverly', 'Ailis', 'Fearnill', 'Turnock', 'aturnock1@timesonline.co.uk', 'e10adc3949ba59abbe56e057f20f883e', 'F', '708 Schurz Lane', '2006-05-30', 'https://robohash.org/suscipitminimaquis.jpg?size=50x50&set=set1');
INSERT INTO persona (idPersona, primerNombre, segundoNombre, primerApellido, segundoApellido, email, password, genero, direccion, fechaNacimiento, imagenIdentificacion) VALUES (3, 'Judi', 'Mandie', 'Hotchkin', 'Spinelli', 'mspinelli2@ted.com', '03c345ae8bd4c13f4eb2eb6dde0a92e0', 'F', '853 Comanche Hill', '1949-02-22', 'https://robohash.org/etoptiosint.jpg?size=50x50&set=set1');
INSERT INTO persona (idPersona, primerNombre, segundoNombre, primerApellido, segundoApellido, email, password, genero, direccion, fechaNacimiento, imagenIdentificacion) VALUES (4, 'Alexei', 'Tad', 'Huckin', 'Aviss', 'taviss3@google.de', '3350f6fad3335484f5cf293f739973a1', 'M', '744 Kinsman Parkway', '1966-12-15', 'https://robohash.org/ipsumquocommodi.jpg?size=50x50&set=set1');
INSERT INTO persona (idPersona, primerNombre, segundoNombre, primerApellido, segundoApellido, email, password, genero, direccion, fechaNacimiento, imagenIdentificacion) VALUES (5, 'Patsy', 'Judye', 'Ship', 'Flemmich', 'jflemmich4@bbb.org', 'd8578edf8458ce06fbc5bb76a58c5ca4', 'F', '25705 Stoughton Point', '2007-10-12', 'https://robohash.org/consequaturrepellendusaut.jpg?size=50x50&set=set1');
INSERT INTO persona (idPersona, primerNombre, segundoNombre, primerApellido, segundoApellido, email, password, genero, direccion, fechaNacimiento, imagenIdentificacion) VALUES (6, 'Gilbertina', 'Afton', 'Tabourel', 'Malster', 'amalster5@mayoclinic.com', '5f4dcc3b5aa765d61d8327deb882cf99', 'F', '2 Lukken Center', '1960-07-20', 'https://robohash.org/velitnequerepellat.jpg?size=50x50&set=set1');
INSERT INTO persona (idPersona, primerNombre, segundoNombre, primerApellido, segundoApellido, email, password, genero, direccion, fechaNacimiento, imagenIdentificacion) VALUES (7, 'Anissa', 'Kinna', 'Yurasov', 'Mitskevich', 'kmitskevich6@cnn.com', '3350f6fad3335484f5cf293f739973a1', 'F', '57689 Rutledge Drive', '1997-01-21', 'https://robohash.org/facereundevel.jpg?size=50x50&set=set1');
INSERT INTO persona (idPersona, primerNombre, segundoNombre, primerApellido, segundoApellido, email, password, genero, direccion, fechaNacimiento, imagenIdentificacion) VALUES (8, 'Hartwell', 'Urbanus', 'Sheather', 'Broadstock', 'ubroadstock7@cdbaby.com', '1c7a92ae351d4e21ebdfb897508f59d6', 'M', '59 Duke Road', '1998-02-18', 'https://robohash.org/laboreconsequaturratione.jpg?size=50x50&set=set1');
INSERT INTO persona (idPersona, primerNombre, segundoNombre, primerApellido, segundoApellido, email, password, genero, direccion, fechaNacimiento, imagenIdentificacion) VALUES (9, 'Rana', 'Carri', 'Dignall', 'Ferran', 'cferran8@imgur.com', '03c345ae8bd4c13f4eb2eb6dde0a92e0', 'F', '5 Hollow Ridge Street', '1965-01-28', 'https://robohash.org/autemeaqueest.jpg?size=50x50&set=set1');
INSERT INTO persona (idPersona, primerNombre, segundoNombre, primerApellido, segundoApellido, email, password, genero, direccion, fechaNacimiento, imagenIdentificacion) VALUES (10, 'Adorne', 'Evelyn', 'Jellard', 'Hardeman', 'ehardeman9@naver.com', '5f4dcc3b5aa765d61d8327deb882cf99', 'F', '64683 Pankratz Terrace', '1996-08-01', 'https://robohash.org/liberodoloribusea.jpg?size=50x50&set=set1');
INSERT INTO persona (idPersona, primerNombre, segundoNombre, primerApellido, segundoApellido, email, password, genero, direccion, fechaNacimiento, imagenIdentificacion) VALUES (11, 'Ketti', 'Jessi', 'Stanlike', 'Kibbee', 'jkibbeea@51.la', '5f4dcc3b5aa765d61d8327deb882cf99', 'F', '9 International Pass', '2004-10-12', 'https://robohash.org/doloresquifugiat.jpg?size=50x50&set=set1');
INSERT INTO persona (idPersona, primerNombre, segundoNombre, primerApellido, segundoApellido, email, password, genero, direccion, fechaNacimiento, imagenIdentificacion) VALUES (12, 'Henriette', 'Simonne', 'Johanssen', 'Ridoutt', 'sridouttb@amazon.co.jp', 'e10adc3949ba59abbe56e057f20f883e', 'F', '0771 Dayton Circle', '1999-09-13', 'https://robohash.org/voluptatenihilullam.jpg?size=50x50&set=set1');
INSERT INTO persona (idPersona, primerNombre, segundoNombre, primerApellido, segundoApellido, email, password, genero, direccion, fechaNacimiento, imagenIdentificacion) VALUES (13, 'Andres', 'Isak', 'Radke', 'Estevez', 'iestevezc@moonfruit.com', '5f4dcc3b5aa765d61d8327deb882cf99', 'M', '48 Eagle Crest Point', '1943-11-11', 'https://robohash.org/quilaboreeum.jpg?size=50x50&set=set1');
INSERT INTO persona (idPersona, primerNombre, segundoNombre, primerApellido, segundoApellido, email, password, genero, direccion, fechaNacimiento, imagenIdentificacion) VALUES (14, 'Caitlin', 'Lissi', 'McKeown', 'Liebermann', 'lliebermannd@istockphoto.com', '5f4dcc3b5aa765d61d8327deb882cf99', 'F', '8 Dottie Plaza', '1972-07-24', 'https://robohash.org/corruptirationecumque.jpg?size=50x50&set=set1');
INSERT INTO persona (idPersona, primerNombre, segundoNombre, primerApellido, segundoApellido, email, password, genero, direccion, fechaNacimiento, imagenIdentificacion) VALUES (15, 'Isiahi', 'Keary', 'Cheverell', 'Youings', 'kyouingse@salon.com', 'd8578edf8458ce06fbc5bb76a58c5ca4', 'M', '931 Waxwing Terrace', '1975-01-31', 'https://robohash.org/reiciendisquiaest.jpg?size=50x50&set=set1');
INSERT INTO persona (idPersona, primerNombre, segundoNombre, primerApellido, segundoApellido, email, password, genero, direccion, fechaNacimiento, imagenIdentificacion) VALUES (16, 'Harv', 'Erin', 'Teulier', 'Spradbery', 'espradberyf@domainmarket.com', '5f4dcc3b5aa765d61d8327deb882cf99', 'M', '795 Sachtjen Drive', '1952-11-09', 'https://robohash.org/nostrumpossimusut.jpg?size=50x50&set=set1');
INSERT INTO persona (idPersona, primerNombre, segundoNombre, primerApellido, segundoApellido, email, password, genero, direccion, fechaNacimiento, imagenIdentificacion) VALUES (17, 'Kamilah', 'Feliza', 'Wagerfield', 'Poznanski', 'fpoznanskig@163.com', 'e10adc3949ba59abbe56e057f20f883e', 'F', '14135 Gina Pass', '1974-09-14', 'https://robohash.org/atqueerrorquidem.jpg?size=50x50&set=set1');
INSERT INTO persona (idPersona, primerNombre, segundoNombre, primerApellido, segundoApellido, email, password, genero, direccion, fechaNacimiento, imagenIdentificacion) VALUES (18, 'Ryon', 'Pattie', 'Horbath', 'Sedger', 'psedgerh@weebly.com', '3350f6fad3335484f5cf293f739973a1', 'M', '87 Lien Terrace', '1975-06-27', 'https://robohash.org/voluptatesuntquis.jpg?size=50x50&set=set1');
INSERT INTO persona (idPersona, primerNombre, segundoNombre, primerApellido, segundoApellido, email, password, genero, direccion, fechaNacimiento, imagenIdentificacion) VALUES (19, 'Larry', 'Niki', 'MacMeanma', 'Membry', 'nmembryi@ted.com', '1c7a92ae351d4e21ebdfb897508f59d6', 'M', '36 Westport Crossing', '2007-08-17', 'https://robohash.org/evenietdebitisfacere.jpg?size=50x50&set=set1');
INSERT INTO persona (idPersona, primerNombre, segundoNombre, primerApellido, segundoApellido, email, password, genero, direccion, fechaNacimiento, imagenIdentificacion) VALUES (20, 'Abbot', 'Waldon', 'Drayton', 'Colbron', 'wcolbronj@huffingtonpost.com', '1c7a92ae351d4e21ebdfb897508f59d6', 'M', '969 Mcbride Drive', '2005-12-25', 'https://robohash.org/omnisassumendaqui.jpg?size=50x50&set=set1');
INSERT INTO persona (idPersona, primerNombre, segundoNombre, primerApellido, segundoApellido, email, password, genero, direccion, fechaNacimiento, imagenIdentificacion) VALUES (21, 'Armin', 'Teddie', 'Kitter', 'Kirmond', 'tkirmondk@alibaba.com', '03c345ae8bd4c13f4eb2eb6dde0a92e0', 'M', '0 Lotheville Pass', '1946-12-26', 'https://robohash.org/temporeanimisimilique.jpg?size=50x50&set=set1');
INSERT INTO persona (idPersona, primerNombre, segundoNombre, primerApellido, segundoApellido, email, password, genero, direccion, fechaNacimiento, imagenIdentificacion) VALUES (22, 'Gussie', 'Wenona', 'Ruffy', 'Posner', 'wposnerl@bigcartel.com', '1c7a92ae351d4e21ebdfb897508f59d6', 'F', '1293 Sachs Hill', '1934-05-10', 'https://robohash.org/eaetvoluptas.jpg?size=50x50&set=set1');
INSERT INTO persona (idPersona, primerNombre, segundoNombre, primerApellido, segundoApellido, email, password, genero, direccion, fechaNacimiento, imagenIdentificacion) VALUES (23, 'Allyn', 'Timmy', 'Myderscough', 'Tweedlie', 'ttweedliem@tinyurl.com', 'e10adc3949ba59abbe56e057f20f883e', 'F', '2890 Stuart Court', '1983-04-18', 'https://robohash.org/etautat.jpg?size=50x50&set=set1');
INSERT INTO persona (idPersona, primerNombre, segundoNombre, primerApellido, segundoApellido, email, password, genero, direccion, fechaNacimiento, imagenIdentificacion) VALUES (24, 'Derick', 'Homer', 'Beetham', 'Lennox', 'hlennoxn@feedburner.com', '5f4dcc3b5aa765d61d8327deb882cf99', 'M', '42 Morningstar Way', '1975-04-29', 'https://robohash.org/impeditrecusandaeest.jpg?size=50x50&set=set1');
INSERT INTO persona (idPersona, primerNombre, segundoNombre, primerApellido, segundoApellido, email, password, genero, direccion, fechaNacimiento, imagenIdentificacion) VALUES (25, 'Amil', 'Tory', 'Tows', 'Dursley', 'tdursleyo@mtv.com', 'd8578edf8458ce06fbc5bb76a58c5ca4', 'F', '028 Merry Crossing', '1955-04-07', 'https://robohash.org/earumoditnatus.jpg?size=50x50&set=set1');
INSERT INTO persona (idPersona, primerNombre, segundoNombre, primerApellido, segundoApellido, email, password, genero, direccion, fechaNacimiento, imagenIdentificacion) VALUES (26, 'Shepard', 'Donnell', 'Cramer', 'Zienkiewicz', 'dzienkiewiczp@illinois.edu', '03c345ae8bd4c13f4eb2eb6dde0a92e0', 'M', '5 Manley Street', '1974-06-28', 'https://robohash.org/explicaboquibusdamquia.jpg?size=50x50&set=set1');
INSERT INTO persona (idPersona, primerNombre, segundoNombre, primerApellido, segundoApellido, email, password, genero, direccion, fechaNacimiento, imagenIdentificacion) VALUES (27, 'Neale', 'Anatol', 'Rebichon', 'Heffernan', 'aheffernanq@mashable.com', '03c345ae8bd4c13f4eb2eb6dde0a92e0', 'M', '7 Comanche Hill', '1963-04-21', 'https://robohash.org/voluptatemnonmolestias.jpg?size=50x50&set=set1');
INSERT INTO persona (idPersona, primerNombre, segundoNombre, primerApellido, segundoApellido, email, password, genero, direccion, fechaNacimiento, imagenIdentificacion) VALUES (28, 'Boycey', 'Birk', 'Mugleston', 'Chaplyn', 'bchaplynr@merriam-webster.com', '3350f6fad3335484f5cf293f739973a1', 'M', '5723 Toban Pass', '1943-07-14', 'https://robohash.org/repudiandaeodioipsa.jpg?size=50x50&set=set1');
INSERT INTO persona (idPersona, primerNombre, segundoNombre, primerApellido, segundoApellido, email, password, genero, direccion, fechaNacimiento, imagenIdentificacion) VALUES (29, 'Guilbert', 'Nathanil', 'Sabine', 'Clipston', 'nclipstons@typepad.com', '3350f6fad3335484f5cf293f739973a1', 'M', '9822 Lyons Court', '1948-10-25', 'https://robohash.org/aliasliberoasperiores.jpg?size=50x50&set=set1');
INSERT INTO persona (idPersona, primerNombre, segundoNombre, primerApellido, segundoApellido, email, password, genero, direccion, fechaNacimiento, imagenIdentificacion) VALUES (30, 'Willey', 'Kipp', 'Bebis', 'Swatton', 'kswattont@com.com', 'd8578edf8458ce06fbc5bb76a58c5ca4', 'M', '49484 Clemons Avenue', '1969-03-12', 'https://robohash.org/nesciuntestfacilis.jpg?size=50x50&set=set1');
INSERT INTO persona (idPersona, primerNombre, segundoNombre, primerApellido, segundoApellido, email, password, genero, direccion, fechaNacimiento, imagenIdentificacion) VALUES (31, 'Felicdad', 'Meggy', 'Roullier', 'Rycroft', 'mrycroftu@deviantart.com', 'd8578edf8458ce06fbc5bb76a58c5ca4', 'F', '75713 Susan Way', '1931-12-06', 'https://robohash.org/quifacilisillum.jpg?size=50x50&set=set1');
INSERT INTO persona (idPersona, primerNombre, segundoNombre, primerApellido, segundoApellido, email, password, genero, direccion, fechaNacimiento, imagenIdentificacion) VALUES (32, 'Mella', 'Maridel', 'Alejandri', 'Foxley', 'mfoxleyv@omniture.com', '1c7a92ae351d4e21ebdfb897508f59d6', 'F', '6024 Paget Avenue', '2010-06-12', 'https://robohash.org/expeditaconsecteturaccusamus.jpg?size=50x50&set=set1');
INSERT INTO persona (idPersona, primerNombre, segundoNombre, primerApellido, segundoApellido, email, password, genero, direccion, fechaNacimiento, imagenIdentificacion) VALUES (33, 'Beniamino', 'Jedediah', 'Girardy', 'Latus', 'jlatusw@bloomberg.com', 'd8578edf8458ce06fbc5bb76a58c5ca4', 'M', '63 School Street', '1997-08-30', 'https://robohash.org/remquipariatur.jpg?size=50x50&set=set1');
INSERT INTO persona (idPersona, primerNombre, segundoNombre, primerApellido, segundoApellido, email, password, genero, direccion, fechaNacimiento, imagenIdentificacion) VALUES (34, 'Marris', 'Bobinette', 'Santori', 'Desborough', 'bdesboroughx@123-reg.co.uk', '5f4dcc3b5aa765d61d8327deb882cf99', 'F', '06 Forest Crossing', '1975-08-06', 'https://robohash.org/etetconsequatur.jpg?size=50x50&set=set1');
INSERT INTO persona (idPersona, primerNombre, segundoNombre, primerApellido, segundoApellido, email, password, genero, direccion, fechaNacimiento, imagenIdentificacion) VALUES (35, 'Dael', 'Karlie', 'Sermin', 'Canario', 'kcanarioy@prlog.org', '5f4dcc3b5aa765d61d8327deb882cf99', 'F', '10335 Brickson Park Avenue', '1977-07-12', 'https://robohash.org/ipsautofficiis.jpg?size=50x50&set=set1');
INSERT INTO persona (idPersona, primerNombre, segundoNombre, primerApellido, segundoApellido, email, password, genero, direccion, fechaNacimiento, imagenIdentificacion) VALUES (36, 'Carola', 'Lurlene', 'Doubrava', 'Hudspeth', 'lhudspethz@berkeley.edu', '5f4dcc3b5aa765d61d8327deb882cf99', 'F', '5179 Oak Valley Plaza', '1975-10-01', 'https://robohash.org/nemocupiditatedolorum.jpg?size=50x50&set=set1');
INSERT INTO persona (idPersona, primerNombre, segundoNombre, primerApellido, segundoApellido, email, password, genero, direccion, fechaNacimiento, imagenIdentificacion) VALUES (37, 'Nerty', 'Tedra', 'Gorvin', 'Goldman', 'tgoldman10@tumblr.com', '1c7a92ae351d4e21ebdfb897508f59d6', 'F', '03231 American Ash Circle', '1973-11-25', 'https://robohash.org/facerequosint.jpg?size=50x50&set=set1');
INSERT INTO persona (idPersona, primerNombre, segundoNombre, primerApellido, segundoApellido, email, password, genero, direccion, fechaNacimiento, imagenIdentificacion) VALUES (38, 'Killie', 'Sergei', 'Fonso', 'Matyugin', 'smatyugin11@google.nl', '3350f6fad3335484f5cf293f739973a1', 'M', '911 Clarendon Park', '1959-09-12', 'https://robohash.org/assumendaliberoquo.jpg?size=50x50&set=set1');
INSERT INTO persona (idPersona, primerNombre, segundoNombre, primerApellido, segundoApellido, email, password, genero, direccion, fechaNacimiento, imagenIdentificacion) VALUES (39, 'Amberly', 'Carina', 'Doerrling', 'Baylay', 'cbaylay12@google.it', '3350f6fad3335484f5cf293f739973a1', 'F', '8 Merry Park', '1954-09-14', 'https://robohash.org/laboriosamtotamcumque.jpg?size=50x50&set=set1');
INSERT INTO persona (idPersona, primerNombre, segundoNombre, primerApellido, segundoApellido, email, password, genero, direccion, fechaNacimiento, imagenIdentificacion) VALUES (40, 'Niccolo', 'Gram', 'Petrelli', 'Florentine', 'gflorentine13@xinhuanet.com', '1c7a92ae351d4e21ebdfb897508f59d6', 'M', '765 Lindbergh Place', '2007-04-25', 'https://robohash.org/sitofficiabeatae.jpg?size=50x50&set=set1');
INSERT INTO persona (idPersona, primerNombre, segundoNombre, primerApellido, segundoApellido, email, password, genero, direccion, fechaNacimiento, imagenIdentificacion) VALUES (41, 'Murial', 'Dallas', 'Strutley', 'Gabbot', 'dgabbot14@uol.com.br', '5f4dcc3b5aa765d61d8327deb882cf99', 'F', '01 Fuller Parkway', '1990-07-04', 'https://robohash.org/laudantiumdelectusea.jpg?size=50x50&set=set1');
INSERT INTO persona (idPersona, primerNombre, segundoNombre, primerApellido, segundoApellido, email, password, genero, direccion, fechaNacimiento, imagenIdentificacion) VALUES (42, 'Dud', 'Ransell', 'Arnett', 'Bayldon', 'rbayldon15@blogger.com', '1c7a92ae351d4e21ebdfb897508f59d6', 'M', '893 Linden Avenue', '1977-08-19', 'https://robohash.org/laudantiumquaeratmolestiae.jpg?size=50x50&set=set1');
INSERT INTO persona (idPersona, primerNombre, segundoNombre, primerApellido, segundoApellido, email, password, genero, direccion, fechaNacimiento, imagenIdentificacion) VALUES (43, 'Warner', 'Portie', 'Wyard', 'Gocher', 'pgocher16@elpais.com', '5f4dcc3b5aa765d61d8327deb882cf99', 'M', '217 Lukken Center', '1955-11-03', 'https://robohash.org/dolorumerrorcupiditate.jpg?size=50x50&set=set1');
INSERT INTO persona (idPersona, primerNombre, segundoNombre, primerApellido, segundoApellido, email, password, genero, direccion, fechaNacimiento, imagenIdentificacion) VALUES (44, 'Christin', 'Chelsie', 'Denisevich', 'Bohlens', 'cbohlens17@reuters.com', '03c345ae8bd4c13f4eb2eb6dde0a92e0', 'F', '28854 Delaware Trail', '1958-05-06', 'https://robohash.org/utassumendaaliquam.jpg?size=50x50&set=set1');
INSERT INTO persona (idPersona, primerNombre, segundoNombre, primerApellido, segundoApellido, email, password, genero, direccion, fechaNacimiento, imagenIdentificacion) VALUES (45, 'Sigmund', 'Julio', 'Moggach', 'Puffett', 'jpuffett18@cornell.edu', '3350f6fad3335484f5cf293f739973a1', 'M', '1 Eliot Park', '1937-11-21', 'https://robohash.org/nemoveroautem.jpg?size=50x50&set=set1');
INSERT INTO persona (idPersona, primerNombre, segundoNombre, primerApellido, segundoApellido, email, password, genero, direccion, fechaNacimiento, imagenIdentificacion) VALUES (46, 'Flory', 'Edna', 'Dillestone', 'Grog', 'egrog19@forbes.com', 'e10adc3949ba59abbe56e057f20f883e', 'F', '12661 Messerschmidt Alley', '1991-11-05', 'https://robohash.org/eumautqui.jpg?size=50x50&set=set1');
INSERT INTO persona (idPersona, primerNombre, segundoNombre, primerApellido, segundoApellido, email, password, genero, direccion, fechaNacimiento, imagenIdentificacion) VALUES (47, 'Jay', 'Traver', 'Wintringham', 'Noury', 'tnoury1a@opera.com', '1c7a92ae351d4e21ebdfb897508f59d6', 'M', '730 Melby Point', '2010-02-22', 'https://robohash.org/nequeodioex.jpg?size=50x50&set=set1');
INSERT INTO persona (idPersona, primerNombre, segundoNombre, primerApellido, segundoApellido, email, password, genero, direccion, fechaNacimiento, imagenIdentificacion) VALUES (48, 'Lydia', 'Carlene', 'Vossing', 'Kopp', 'ckopp1b@ifeng.com', '5f4dcc3b5aa765d61d8327deb882cf99', 'F', '979 Scofield Junction', '1964-05-28', 'https://robohash.org/nihilomnisnon.jpg?size=50x50&set=set1');
INSERT INTO persona (idPersona, primerNombre, segundoNombre, primerApellido, segundoApellido, email, password, genero, direccion, fechaNacimiento, imagenIdentificacion) VALUES (49, 'Robbie', 'Alli', 'Vearncombe', 'Hawler', 'ahawler1c@miitbeian.gov.cn', '1c7a92ae351d4e21ebdfb897508f59d6', 'F', '88278 Orin Crossing', '1965-09-29', 'https://robohash.org/totamquaeratillum.jpg?size=50x50&set=set1');
INSERT INTO persona (idPersona, primerNombre, segundoNombre, primerApellido, segundoApellido, email, password, genero, direccion, fechaNacimiento, imagenIdentificacion) VALUES (50, 'Tami', 'Melesa', 'Chiese', 'Harlowe', 'mharlowe1d@zimbio.com', '3350f6fad3335484f5cf293f739973a1', 'F', '9997 Merchant Terrace', '1971-06-02', 'https://robohash.org/rerumdeserunthic.jpg?size=50x50&set=set1');
INSERT INTO persona (idPersona, primerNombre, segundoNombre, primerApellido, segundoApellido, email, password, genero, direccion, fechaNacimiento, imagenIdentificacion) VALUES (51, 'Beitris', 'Chrissy', 'Maier', 'McLarnon', 'cmclarnon1e@si.edu', '3350f6fad3335484f5cf293f739973a1', 'F', '1 Randy Circle', '1974-09-04', 'https://robohash.org/natusrerumin.jpg?size=50x50&set=set1');
INSERT INTO persona (idPersona, primerNombre, segundoNombre, primerApellido, segundoApellido, email, password, genero, direccion, fechaNacimiento, imagenIdentificacion) VALUES (52, 'Florance', 'Gwendolyn', 'McCandie', 'Locksley', 'glocksley1f@plala.or.jp', 'e10adc3949ba59abbe56e057f20f883e', 'F', '56 Mayer Junction', '1955-12-09', 'https://robohash.org/abetrem.jpg?size=50x50&set=set1');
INSERT INTO persona (idPersona, primerNombre, segundoNombre, primerApellido, segundoApellido, email, password, genero, direccion, fechaNacimiento, imagenIdentificacion) VALUES (53, 'Emmie', 'Sabra', 'Posthill', 'Vinter', 'svinter1g@craigslist.org', '03c345ae8bd4c13f4eb2eb6dde0a92e0', 'F', '533 Huxley Parkway', '1935-09-26', 'https://robohash.org/assumendasequivitae.jpg?size=50x50&set=set1');
INSERT INTO persona (idPersona, primerNombre, segundoNombre, primerApellido, segundoApellido, email, password, genero, direccion, fechaNacimiento, imagenIdentificacion) VALUES (54, 'Adoree', 'Danika', 'Desantis', 'Boldry', 'dboldry1h@prweb.com', 'd8578edf8458ce06fbc5bb76a58c5ca4', 'F', '50603 Leroy Court', '2001-06-12', 'https://robohash.org/vellaboriosameaque.jpg?size=50x50&set=set1');
INSERT INTO persona (idPersona, primerNombre, segundoNombre, primerApellido, segundoApellido, email, password, genero, direccion, fechaNacimiento, imagenIdentificacion) VALUES (55, 'Tailor', 'Levi', 'Sarginson', 'Note', 'lnote1i@pbs.org', 'e10adc3949ba59abbe56e057f20f883e', 'M', '93 7th Pass', '1991-11-26', 'https://robohash.org/quidemiureullam.jpg?size=50x50&set=set1');
INSERT INTO persona (idPersona, primerNombre, segundoNombre, primerApellido, segundoApellido, email, password, genero, direccion, fechaNacimiento, imagenIdentificacion) VALUES (56, 'Errick', 'Jodie', 'McInnes', 'Greville', 'jgreville1j@si.edu', '1c7a92ae351d4e21ebdfb897508f59d6', 'M', '1 7th Court', '1987-12-24', 'https://robohash.org/utaccusamusquisquam.jpg?size=50x50&set=set1');
INSERT INTO persona (idPersona, primerNombre, segundoNombre, primerApellido, segundoApellido, email, password, genero, direccion, fechaNacimiento, imagenIdentificacion) VALUES (57, 'Robby', 'Justen', 'Shrubb', 'Treweek', 'jtreweek1k@phoca.cz', '3350f6fad3335484f5cf293f739973a1', 'M', '686 Mayfield Park', '1958-05-30', 'https://robohash.org/rationeipsamolestias.jpg?size=50x50&set=set1');
INSERT INTO persona (idPersona, primerNombre, segundoNombre, primerApellido, segundoApellido, email, password, genero, direccion, fechaNacimiento, imagenIdentificacion) VALUES (58, 'Torrin', 'Moore', 'Briztman', 'MacKintosh', 'mmackintosh1l@com.com', '03c345ae8bd4c13f4eb2eb6dde0a92e0', 'M', '37166 Susan Court', '1933-02-05', 'https://robohash.org/hicrecusandaeeum.jpg?size=50x50&set=set1');
INSERT INTO persona (idPersona, primerNombre, segundoNombre, primerApellido, segundoApellido, email, password, genero, direccion, fechaNacimiento, imagenIdentificacion) VALUES (59, 'Lynett', 'Annabelle', 'Berthod', 'Hudleston', 'ahudleston1m@com.com', '5f4dcc3b5aa765d61d8327deb882cf99', 'F', '174 Maple Wood Plaza', '2010-05-15', 'https://robohash.org/laboriosamconsequaturid.jpg?size=50x50&set=set1');
INSERT INTO persona (idPersona, primerNombre, segundoNombre, primerApellido, segundoApellido, email, password, genero, direccion, fechaNacimiento, imagenIdentificacion) VALUES (60, 'Justus', 'Cleon', 'Valero', 'Baskett', 'cbaskett1n@shutterfly.com', '3350f6fad3335484f5cf293f739973a1', 'M', '1508 Vidon Road', '1999-07-31', 'https://robohash.org/aliasessenecessitatibus.jpg?size=50x50&set=set1');
INSERT INTO persona (idPersona, primerNombre, segundoNombre, primerApellido, segundoApellido, email, password, genero, direccion, fechaNacimiento, imagenIdentificacion) VALUES (61, 'Jennica', 'Codee', 'Haestier', 'Duthie', 'cduthie1o@joomla.org', '3350f6fad3335484f5cf293f739973a1', 'F', '603 Sunfield Avenue', '1979-12-12', 'https://robohash.org/autsequiitaque.jpg?size=50x50&set=set1');
INSERT INTO persona (idPersona, primerNombre, segundoNombre, primerApellido, segundoApellido, email, password, genero, direccion, fechaNacimiento, imagenIdentificacion) VALUES (62, 'Micaela', 'Tedra', 'Portis', 'Bills', 'tbills1p@liveinternet.ru', '03c345ae8bd4c13f4eb2eb6dde0a92e0', 'F', '2930 Lakewood Gardens Crossing', '2002-04-16', 'https://robohash.org/quisquiadolores.jpg?size=50x50&set=set1');
INSERT INTO persona (idPersona, primerNombre, segundoNombre, primerApellido, segundoApellido, email, password, genero, direccion, fechaNacimiento, imagenIdentificacion) VALUES (63, 'Adelle', 'Ainslie', 'Leathley', 'Sline', 'asline1q@squarespace.com', 'd8578edf8458ce06fbc5bb76a58c5ca4', 'F', '5274 Spenser Way', '1935-09-02', 'https://robohash.org/impeditestvoluptatem.jpg?size=50x50&set=set1');
INSERT INTO persona (idPersona, primerNombre, segundoNombre, primerApellido, segundoApellido, email, password, genero, direccion, fechaNacimiento, imagenIdentificacion) VALUES (64, 'Ardene', 'Agnella', 'Scowcroft', 'Calven', 'acalven1r@spiegel.de', 'e10adc3949ba59abbe56e057f20f883e', 'F', '7072 Wayridge Alley', '1963-01-06', 'https://robohash.org/etvitaequi.jpg?size=50x50&set=set1');
INSERT INTO persona (idPersona, primerNombre, segundoNombre, primerApellido, segundoApellido, email, password, genero, direccion, fechaNacimiento, imagenIdentificacion) VALUES (65, 'Lisha', 'Zsazsa', 'Pietrowski', 'Youell', 'zyouell1s@phpbb.com', 'e10adc3949ba59abbe56e057f20f883e', 'F', '26674 Raven Drive', '1974-01-24', 'https://robohash.org/veronatusvoluptas.jpg?size=50x50&set=set1');
INSERT INTO persona (idPersona, primerNombre, segundoNombre, primerApellido, segundoApellido, email, password, genero, direccion, fechaNacimiento, imagenIdentificacion) VALUES (66, 'Ella', 'Bette', 'Doutch', 'Drezzer', 'bdrezzer1t@cdc.gov', '1c7a92ae351d4e21ebdfb897508f59d6', 'F', '9272 Namekagon Trail', '1950-11-19', 'https://robohash.org/doloresnamincidunt.jpg?size=50x50&set=set1');
INSERT INTO persona (idPersona, primerNombre, segundoNombre, primerApellido, segundoApellido, email, password, genero, direccion, fechaNacimiento, imagenIdentificacion) VALUES (67, 'Sofia', 'Ingunna', 'Whiten', 'Soule', 'isoule1u@ehow.com', '3350f6fad3335484f5cf293f739973a1', 'F', '1755 Caliangt Way', '1930-08-09', 'https://robohash.org/asperioresnequelaboriosam.jpg?size=50x50&set=set1');
INSERT INTO persona (idPersona, primerNombre, segundoNombre, primerApellido, segundoApellido, email, password, genero, direccion, fechaNacimiento, imagenIdentificacion) VALUES (68, 'Maude', 'Albertina', 'Stansbie', 'Debold', 'adebold1v@t.co', '5f4dcc3b5aa765d61d8327deb882cf99', 'F', '00867 Charing Cross Trail', '1930-01-17', 'https://robohash.org/ducimusquiaet.jpg?size=50x50&set=set1');
INSERT INTO persona (idPersona, primerNombre, segundoNombre, primerApellido, segundoApellido, email, password, genero, direccion, fechaNacimiento, imagenIdentificacion) VALUES (69, 'Denise', 'Fey', 'Lennie', 'Raise', 'fraise1w@globo.com', '5f4dcc3b5aa765d61d8327deb882cf99', 'F', '2771 Memorial Road', '1961-08-18', 'https://robohash.org/nisiquaeratamet.jpg?size=50x50&set=set1');
INSERT INTO persona (idPersona, primerNombre, segundoNombre, primerApellido, segundoApellido, email, password, genero, direccion, fechaNacimiento, imagenIdentificacion) VALUES (70, 'Emmit', 'Ambros', 'Yoxen', 'Hovell', 'ahovell1x@illinois.edu', '03c345ae8bd4c13f4eb2eb6dde0a92e0', 'M', '2 Riverside Road', '2005-12-31', 'https://robohash.org/liberodistinctioin.jpg?size=50x50&set=set1');
INSERT INTO persona (idPersona, primerNombre, segundoNombre, primerApellido, segundoApellido, email, password, genero, direccion, fechaNacimiento, imagenIdentificacion) VALUES (71, 'Celestyna', 'Siusan', 'Dunderdale', 'Zannini', 'szannini1y@hatena.ne.jp', '5f4dcc3b5aa765d61d8327deb882cf99', 'F', '17379 Dapin Place', '1946-09-16', 'https://robohash.org/eosautemvero.jpg?size=50x50&set=set1');
INSERT INTO persona (idPersona, primerNombre, segundoNombre, primerApellido, segundoApellido, email, password, genero, direccion, fechaNacimiento, imagenIdentificacion) VALUES (72, 'Englebert', 'Ariel', 'Winfindale', 'Snaith', 'asnaith1z@webmd.com', '3350f6fad3335484f5cf293f739973a1', 'M', '9437 Nevada Court', '1966-01-10', 'https://robohash.org/sedpraesentiumnesciunt.jpg?size=50x50&set=set1');
INSERT INTO persona (idPersona, primerNombre, segundoNombre, primerApellido, segundoApellido, email, password, genero, direccion, fechaNacimiento, imagenIdentificacion) VALUES (73, 'Carlyle', 'Monty', 'MacAlpin', 'Rout', 'mrout20@ibm.com', 'd8578edf8458ce06fbc5bb76a58c5ca4', 'M', '18226 Mayfield Point', '1989-05-29', 'https://robohash.org/nihilveroeaque.jpg?size=50x50&set=set1');
INSERT INTO persona (idPersona, primerNombre, segundoNombre, primerApellido, segundoApellido, email, password, genero, direccion, fechaNacimiento, imagenIdentificacion) VALUES (74, 'Yves', 'Burlie', 'Lake', 'Haydn', 'bhaydn21@tinypic.com', '1c7a92ae351d4e21ebdfb897508f59d6', 'M', '1270 Reindahl Place', '1992-07-26', 'https://robohash.org/repudiandaenecessitatibusaut.jpg?size=50x50&set=set1');
INSERT INTO persona (idPersona, primerNombre, segundoNombre, primerApellido, segundoApellido, email, password, genero, direccion, fechaNacimiento, imagenIdentificacion) VALUES (75, 'Rhett', 'Land', 'Donaghy', 'Kornacki', 'lkornacki22@foxnews.com', '03c345ae8bd4c13f4eb2eb6dde0a92e0', 'M', '37 Lerdahl Crossing', '1956-06-23', 'https://robohash.org/rerumnesciuntreprehenderit.jpg?size=50x50&set=set1');
INSERT INTO persona (idPersona, primerNombre, segundoNombre, primerApellido, segundoApellido, email, password, genero, direccion, fechaNacimiento, imagenIdentificacion) VALUES (76, 'Elaina', 'Linzy', 'Hutcheson', 'Flello', 'lflello23@wsj.com', '1c7a92ae351d4e21ebdfb897508f59d6', 'F', '41098 Graceland Point', '1963-09-04', 'https://robohash.org/accusamusetunde.jpg?size=50x50&set=set1');
INSERT INTO persona (idPersona, primerNombre, segundoNombre, primerApellido, segundoApellido, email, password, genero, direccion, fechaNacimiento, imagenIdentificacion) VALUES (77, 'Lila', 'Helen', 'Buse', 'Tippings', 'htippings24@alexa.com', '5f4dcc3b5aa765d61d8327deb882cf99', 'F', '600 Superior Parkway', '1966-09-08', 'https://robohash.org/animinostrumlabore.jpg?size=50x50&set=set1');
INSERT INTO persona (idPersona, primerNombre, segundoNombre, primerApellido, segundoApellido, email, password, genero, direccion, fechaNacimiento, imagenIdentificacion) VALUES (78, 'Silvana', 'Maire', 'Menguy', 'Stonham', 'mstonham25@nydailynews.com', 'e10adc3949ba59abbe56e057f20f883e', 'F', '9993 Dahle Court', '1997-09-29', 'https://robohash.org/etessequibusdam.jpg?size=50x50&set=set1');
INSERT INTO persona (idPersona, primerNombre, segundoNombre, primerApellido, segundoApellido, email, password, genero, direccion, fechaNacimiento, imagenIdentificacion) VALUES (79, 'Calhoun', 'Gorden', 'von Hagt', 'Fossick', 'gfossick26@tamu.edu', 'e10adc3949ba59abbe56e057f20f883e', 'M', '69 North Street', '1989-02-28', 'https://robohash.org/autfugavoluptatum.jpg?size=50x50&set=set1');
INSERT INTO persona (idPersona, primerNombre, segundoNombre, primerApellido, segundoApellido, email, password, genero, direccion, fechaNacimiento, imagenIdentificacion) VALUES (80, 'Bernadene', 'Catrina', 'Scudder', 'Friedman', 'cfriedman27@webeden.co.uk', 'd8578edf8458ce06fbc5bb76a58c5ca4', 'F', '09 Park Meadow Circle', '1961-11-13', 'https://robohash.org/dignissimosmolestiaeet.jpg?size=50x50&set=set1');
INSERT INTO persona (idPersona, primerNombre, segundoNombre, primerApellido, segundoApellido, email, password, genero, direccion, fechaNacimiento, imagenIdentificacion) VALUES (81, 'Lock', 'Bud', 'Gerhardt', 'Grieveson', 'bgrieveson28@cbsnews.com', 'e10adc3949ba59abbe56e057f20f883e', 'M', '732 Talisman Street', '1991-08-27', 'https://robohash.org/necessitatibusetquia.jpg?size=50x50&set=set1');
INSERT INTO persona (idPersona, primerNombre, segundoNombre, primerApellido, segundoApellido, email, password, genero, direccion, fechaNacimiento, imagenIdentificacion) VALUES (82, 'Stephani', 'Effie', 'Jakubovics', 'Dreossi', 'edreossi29@clickbank.net', '5f4dcc3b5aa765d61d8327deb882cf99', 'F', '6 Havey Terrace', '1992-04-07', 'https://robohash.org/temporaautlaudantium.jpg?size=50x50&set=set1');
INSERT INTO persona (idPersona, primerNombre, segundoNombre, primerApellido, segundoApellido, email, password, genero, direccion, fechaNacimiento, imagenIdentificacion) VALUES (83, 'Jammal', 'Hershel', 'Bouskill', 'Ragbourne', 'hragbourne2a@redcross.org', 'e10adc3949ba59abbe56e057f20f883e', 'M', '1444 Westport Parkway', '2001-06-13', 'https://robohash.org/fugitutalias.jpg?size=50x50&set=set1');
INSERT INTO persona (idPersona, primerNombre, segundoNombre, primerApellido, segundoApellido, email, password, genero, direccion, fechaNacimiento, imagenIdentificacion) VALUES (84, 'Tiffanie', 'Mariellen', 'Jorge', 'Lazar', 'mlazar2b@goo.ne.jp', 'e10adc3949ba59abbe56e057f20f883e', 'F', '885 Eggendart Trail', '1992-07-08', 'https://robohash.org/estpossimusmolestiae.jpg?size=50x50&set=set1');
INSERT INTO persona (idPersona, primerNombre, segundoNombre, primerApellido, segundoApellido, email, password, genero, direccion, fechaNacimiento, imagenIdentificacion) VALUES (85, 'Renault', 'Murdoch', 'McMurrugh', 'Press', 'mpress2c@loc.gov', '03c345ae8bd4c13f4eb2eb6dde0a92e0', 'M', '70 Welch Circle', '1972-09-18', 'https://robohash.org/atqueoccaecatimodi.jpg?size=50x50&set=set1');
INSERT INTO persona (idPersona, primerNombre, segundoNombre, primerApellido, segundoApellido, email, password, genero, direccion, fechaNacimiento, imagenIdentificacion) VALUES (86, 'Mohammed', 'Nathaniel', 'Swiggs', 'Leatt', 'nleatt2d@soup.io', 'e10adc3949ba59abbe56e057f20f883e', 'M', '3845 Lukken Circle', '1946-07-10', 'https://robohash.org/expeditautrepellat.jpg?size=50x50&set=set1');
INSERT INTO persona (idPersona, primerNombre, segundoNombre, primerApellido, segundoApellido, email, password, genero, direccion, fechaNacimiento, imagenIdentificacion) VALUES (87, 'Shadow', 'Cornelius', 'Sherman', 'MacFadzean', 'cmacfadzean2e@epa.gov', '3350f6fad3335484f5cf293f739973a1', 'M', '1 Commercial Court', '1985-01-07', 'https://robohash.org/remquodlaborum.jpg?size=50x50&set=set1');
INSERT INTO persona (idPersona, primerNombre, segundoNombre, primerApellido, segundoApellido, email, password, genero, direccion, fechaNacimiento, imagenIdentificacion) VALUES (88, 'York', 'Hugibert', 'Brugger', 'Crux', 'hcrux2f@ask.com', '5f4dcc3b5aa765d61d8327deb882cf99', 'M', '37 Hanover Court', '1938-07-17', 'https://robohash.org/modieiusvoluptatem.jpg?size=50x50&set=set1');
INSERT INTO persona (idPersona, primerNombre, segundoNombre, primerApellido, segundoApellido, email, password, genero, direccion, fechaNacimiento, imagenIdentificacion) VALUES (89, 'Conway', 'Justen', 'Drakeley', 'Wilde', 'jwilde2g@oakley.com', '3350f6fad3335484f5cf293f739973a1', 'M', '3782 Ohio Terrace', '1933-11-23', 'https://robohash.org/quisquideserunt.jpg?size=50x50&set=set1');
INSERT INTO persona (idPersona, primerNombre, segundoNombre, primerApellido, segundoApellido, email, password, genero, direccion, fechaNacimiento, imagenIdentificacion) VALUES (90, 'Jana', 'Nissa', 'Bramham', 'Streeton', 'nstreeton2h@toplist.cz', '3350f6fad3335484f5cf293f739973a1', 'F', '0853 Jenna Avenue', '1998-07-06', 'https://robohash.org/hicnihilreiciendis.jpg?size=50x50&set=set1');
INSERT INTO persona (idPersona, primerNombre, segundoNombre, primerApellido, segundoApellido, email, password, genero, direccion, fechaNacimiento, imagenIdentificacion) VALUES (91, 'Sybilla', 'Jeanne', 'Anmore', 'Pomphrey', 'jpomphrey2i@sitemeter.com', '3350f6fad3335484f5cf293f739973a1', 'F', '599 Hintze Avenue', '1936-12-08', 'https://robohash.org/magnamplaceatest.jpg?size=50x50&set=set1');
INSERT INTO persona (idPersona, primerNombre, segundoNombre, primerApellido, segundoApellido, email, password, genero, direccion, fechaNacimiento, imagenIdentificacion) VALUES (92, 'Tris', 'Walton', 'Charrisson', 'McColley', 'wmccolley2j@businesswire.com', 'e10adc3949ba59abbe56e057f20f883e', 'M', '80 Kennedy Avenue', '1954-08-19', 'https://robohash.org/idsuscipitmaxime.jpg?size=50x50&set=set1');
INSERT INTO persona (idPersona, primerNombre, segundoNombre, primerApellido, segundoApellido, email, password, genero, direccion, fechaNacimiento, imagenIdentificacion) VALUES (93, 'Bev', 'Leo', 'Juarez', 'Shearmur', 'lshearmur2k@npr.org', '03c345ae8bd4c13f4eb2eb6dde0a92e0', 'M', '532 Kings Street', '1932-01-10', 'https://robohash.org/isteateius.jpg?size=50x50&set=set1');
INSERT INTO persona (idPersona, primerNombre, segundoNombre, primerApellido, segundoApellido, email, password, genero, direccion, fechaNacimiento, imagenIdentificacion) VALUES (94, 'Gannon', 'Dalli', 'Mote', 'Wickersley', 'dwickersley2l@netlog.com', '1c7a92ae351d4e21ebdfb897508f59d6', 'M', '5542 Bobwhite Avenue', '2001-01-14', 'https://robohash.org/maximequiaesse.jpg?size=50x50&set=set1');
INSERT INTO persona (idPersona, primerNombre, segundoNombre, primerApellido, segundoApellido, email, password, genero, direccion, fechaNacimiento, imagenIdentificacion) VALUES (95, 'Libbey', 'Teresita', 'Szwarc', 'Allinson', 'tallinson2m@reference.com', '03c345ae8bd4c13f4eb2eb6dde0a92e0', 'F', '8 Ridgeview Junction', '2005-07-06', 'https://robohash.org/modipariaturblanditiis.jpg?size=50x50&set=set1');
INSERT INTO persona (idPersona, primerNombre, segundoNombre, primerApellido, segundoApellido, email, password, genero, direccion, fechaNacimiento, imagenIdentificacion) VALUES (96, 'Alexandro', 'Giulio', 'Grassett', 'Placido', 'gplacido2n@so-net.ne.jp', 'd8578edf8458ce06fbc5bb76a58c5ca4', 'M', '36 Pawling Road', '1967-04-24', 'https://robohash.org/veniamaquod.jpg?size=50x50&set=set1');
INSERT INTO persona (idPersona, primerNombre, segundoNombre, primerApellido, segundoApellido, email, password, genero, direccion, fechaNacimiento, imagenIdentificacion) VALUES (97, 'Barbra', 'Kimbra', 'Chennells', 'De Matteis', 'kdematteis2o@fda.gov', 'd8578edf8458ce06fbc5bb76a58c5ca4', 'F', '04 Sugar Avenue', '1963-02-17', 'https://robohash.org/quasisuscipitautem.jpg?size=50x50&set=set1');
INSERT INTO persona (idPersona, primerNombre, segundoNombre, primerApellido, segundoApellido, email, password, genero, direccion, fechaNacimiento, imagenIdentificacion) VALUES (98, 'Jacky', 'Pieter', 'Fayerman', 'McCuish', 'pmccuish2p@bluehost.com', 'e10adc3949ba59abbe56e057f20f883e', 'M', '0212 Mcbride Junction', '1983-02-07', 'https://robohash.org/facilisdoloremlaboriosam.jpg?size=50x50&set=set1');
INSERT INTO persona (idPersona, primerNombre, segundoNombre, primerApellido, segundoApellido, email, password, genero, direccion, fechaNacimiento, imagenIdentificacion) VALUES (99, 'Marena', 'Annemarie', 'Shephard', 'Jozsika', 'ajozsika2q@fc2.com', '1c7a92ae351d4e21ebdfb897508f59d6', 'F', '2067 Montana Pass', '1953-12-02', 'https://robohash.org/suntnonest.jpg?size=50x50&set=set1');
INSERT INTO persona (idPersona, primerNombre, segundoNombre, primerApellido, segundoApellido, email, password, genero, direccion, fechaNacimiento, imagenIdentificacion) VALUES (100, 'Katleen', 'Dorise', 'Bridgen', 'Burrage', 'dburrage2r@whitehouse.gov', 'd8578edf8458ce06fbc5bb76a58c5ca4', 'F', '74508 Eliot Road', '2003-01-09', 'https://robohash.org/veritatisinciduntqui.jpg?size=50x50&set=set1');
INSERT INTO persona (idPersona, primerNombre, segundoNombre, primerApellido, segundoApellido, email, password, genero, direccion, fechaNacimiento, imagenIdentificacion) VALUES (101, 'Nelia', 'Claribel', 'Goch', 'St. John', 'cstjohn2s@msn.com', '5f4dcc3b5aa765d61d8327deb882cf99', 'F', '568 Weeping Birch Trail', '1977-03-30', 'https://robohash.org/architectoetsit.jpg?size=50x50&set=set1');
INSERT INTO persona (idPersona, primerNombre, segundoNombre, primerApellido, segundoApellido, email, password, genero, direccion, fechaNacimiento, imagenIdentificacion) VALUES (102, 'Sidoney', 'Loria', 'Logg', 'Mighele', 'lmighele2t@sbwire.com', 'e10adc3949ba59abbe56e057f20f883e', 'F', '8943 Farragut Street', '1958-11-17', 'https://robohash.org/assumendasintreiciendis.jpg?size=50x50&set=set1');
INSERT INTO persona (idPersona, primerNombre, segundoNombre, primerApellido, segundoApellido, email, password, genero, direccion, fechaNacimiento, imagenIdentificacion) VALUES (103, 'Wilhelmina', 'Willamina', 'Carrodus', 'Kingsford', 'wkingsford2u@ucoz.ru', 'e10adc3949ba59abbe56e057f20f883e', 'F', '87035 Buena Vista Avenue', '1981-11-24', 'https://robohash.org/nemoconsequatureaque.jpg?size=50x50&set=set1');
INSERT INTO persona (idPersona, primerNombre, segundoNombre, primerApellido, segundoApellido, email, password, genero, direccion, fechaNacimiento, imagenIdentificacion) VALUES (104, 'Galven', 'Bret', 'Marples', 'Legendre', 'blegendre2v@google.it', 'e10adc3949ba59abbe56e057f20f883e', 'M', '70 Dexter Lane', '1987-07-30', 'https://robohash.org/etsitmaiores.jpg?size=50x50&set=set1');
INSERT INTO persona (idPersona, primerNombre, segundoNombre, primerApellido, segundoApellido, email, password, genero, direccion, fechaNacimiento, imagenIdentificacion) VALUES (105, 'Shellie', 'Jo-anne', 'Matevushev', 'Ovell', 'jovell2w@toplist.cz', '1c7a92ae351d4e21ebdfb897508f59d6', 'F', '34 Fremont Place', '1942-01-14', 'https://robohash.org/itaquevoluptatemqui.jpg?size=50x50&set=set1');
INSERT INTO persona (idPersona, primerNombre, segundoNombre, primerApellido, segundoApellido, email, password, genero, direccion, fechaNacimiento, imagenIdentificacion) VALUES (106, 'Ibrahim', 'Hubert', 'O''Shaughnessy', 'Boom', 'hboom2x@google.ca', 'd8578edf8458ce06fbc5bb76a58c5ca4', 'M', '5527 Memorial Pass', '1937-01-26', 'https://robohash.org/nesciuntrerumnumquam.jpg?size=50x50&set=set1');
INSERT INTO persona (idPersona, primerNombre, segundoNombre, primerApellido, segundoApellido, email, password, genero, direccion, fechaNacimiento, imagenIdentificacion) VALUES (107, 'Riki', 'Idalina', 'Brecher', 'Iscowitz', 'iiscowitz2y@bing.com', '03c345ae8bd4c13f4eb2eb6dde0a92e0', 'F', '0 Rieder Park', '1989-09-25', 'https://robohash.org/explicaboetsint.jpg?size=50x50&set=set1');
INSERT INTO persona (idPersona, primerNombre, segundoNombre, primerApellido, segundoApellido, email, password, genero, direccion, fechaNacimiento, imagenIdentificacion) VALUES (108, 'Burt', 'Wittie', 'Strathdee', 'Gutteridge', 'wgutteridge2z@1und1.de', '5f4dcc3b5aa765d61d8327deb882cf99', 'M', '38624 Nova Road', '1958-04-14', 'https://robohash.org/veritatisestsed.jpg?size=50x50&set=set1');
INSERT INTO persona (idPersona, primerNombre, segundoNombre, primerApellido, segundoApellido, email, password, genero, direccion, fechaNacimiento, imagenIdentificacion) VALUES (109, 'Ricard', 'Julius', 'Delahunty', 'Legat', 'jlegat30@prlog.org', 'd8578edf8458ce06fbc5bb76a58c5ca4', 'M', '67 Paget Parkway', '1945-03-10', 'https://robohash.org/velinventoreex.jpg?size=50x50&set=set1');
INSERT INTO persona (idPersona, primerNombre, segundoNombre, primerApellido, segundoApellido, email, password, genero, direccion, fechaNacimiento, imagenIdentificacion) VALUES (110, 'Tadeo', 'Alphonso', 'Pulver', 'Langhorn', 'alanghorn31@washington.edu', '3350f6fad3335484f5cf293f739973a1', 'M', '546 Park Meadow Lane', '1937-12-04', 'https://robohash.org/distinctiosequibeatae.jpg?size=50x50&set=set1');
INSERT INTO persona (idPersona, primerNombre, segundoNombre, primerApellido, segundoApellido, email, password, genero, direccion, fechaNacimiento, imagenIdentificacion) VALUES (111, 'Caryn', 'Millisent', 'Beastall', 'Koles', 'mkoles32@bbc.co.uk', '1c7a92ae351d4e21ebdfb897508f59d6', 'F', '3 Farmco Point', '1972-06-05', 'https://robohash.org/nihildictaconsequatur.jpg?size=50x50&set=set1');
INSERT INTO persona (idPersona, primerNombre, segundoNombre, primerApellido, segundoApellido, email, password, genero, direccion, fechaNacimiento, imagenIdentificacion) VALUES (112, 'Wylma', 'Marcela', 'Johansson', 'Druce', 'mdruce33@weibo.com', 'd8578edf8458ce06fbc5bb76a58c5ca4', 'F', '0 Welch Park', '1953-11-09', 'https://robohash.org/maioressimiliquelibero.jpg?size=50x50&set=set1');
INSERT INTO persona (idPersona, primerNombre, segundoNombre, primerApellido, segundoApellido, email, password, genero, direccion, fechaNacimiento, imagenIdentificacion) VALUES (113, 'Hilde', 'Karyl', 'Salman', 'Dulieu', 'kdulieu34@uol.com.br', '1c7a92ae351d4e21ebdfb897508f59d6', 'F', '58761 Morningstar Drive', '1995-08-15', 'https://robohash.org/ipsacupiditatedolorem.jpg?size=50x50&set=set1');
INSERT INTO persona (idPersona, primerNombre, segundoNombre, primerApellido, segundoApellido, email, password, genero, direccion, fechaNacimiento, imagenIdentificacion) VALUES (114, 'Karia', 'Dorise', 'Earnshaw', 'Labbe', 'dlabbe35@mozilla.org', '03c345ae8bd4c13f4eb2eb6dde0a92e0', 'F', '9 Village Way', '2005-09-19', 'https://robohash.org/dignissimoseosquia.jpg?size=50x50&set=set1');
INSERT INTO persona (idPersona, primerNombre, segundoNombre, primerApellido, segundoApellido, email, password, genero, direccion, fechaNacimiento, imagenIdentificacion) VALUES (115, 'Sylvia', 'Candy', 'Andreutti', 'Carr', 'ccarr36@icio.us', '5f4dcc3b5aa765d61d8327deb882cf99', 'F', '49643 Toban Street', '1999-12-22', 'https://robohash.org/quiainciduntrecusandae.jpg?size=50x50&set=set1');
INSERT INTO persona (idPersona, primerNombre, segundoNombre, primerApellido, segundoApellido, email, password, genero, direccion, fechaNacimiento, imagenIdentificacion) VALUES (116, 'Finn', 'Clarance', 'Ingledew', 'Schollick', 'cschollick37@angelfire.com', '3350f6fad3335484f5cf293f739973a1', 'M', '7573 Kensington Drive', '2006-06-22', 'https://robohash.org/eosnemoet.jpg?size=50x50&set=set1');
INSERT INTO persona (idPersona, primerNombre, segundoNombre, primerApellido, segundoApellido, email, password, genero, direccion, fechaNacimiento, imagenIdentificacion) VALUES (117, 'Elihu', 'Frasco', 'Moncreiffe', 'Brashaw', 'fbrashaw38@businessinsider.com', '03c345ae8bd4c13f4eb2eb6dde0a92e0', 'M', '53 Memorial Plaza', '1949-09-18', 'https://robohash.org/accusantiumitaquedolores.jpg?size=50x50&set=set1');
INSERT INTO persona (idPersona, primerNombre, segundoNombre, primerApellido, segundoApellido, email, password, genero, direccion, fechaNacimiento, imagenIdentificacion) VALUES (118, 'Allen', 'Lesley', 'Woollard', 'Kenelin', 'lkenelin39@blogspot.com', '03c345ae8bd4c13f4eb2eb6dde0a92e0', 'M', '831 Corscot Plaza', '1943-01-17', 'https://robohash.org/delenitivoluptatumsit.jpg?size=50x50&set=set1');
INSERT INTO persona (idPersona, primerNombre, segundoNombre, primerApellido, segundoApellido, email, password, genero, direccion, fechaNacimiento, imagenIdentificacion) VALUES (119, 'Leyla', 'Anatola', 'Keelinge', 'Pawlett', 'apawlett3a@independent.co.uk', '03c345ae8bd4c13f4eb2eb6dde0a92e0', 'F', '829 5th Drive', '1985-11-10', 'https://robohash.org/perferendispossimusodio.jpg?size=50x50&set=set1');
INSERT INTO persona (idPersona, primerNombre, segundoNombre, primerApellido, segundoApellido, email, password, genero, direccion, fechaNacimiento, imagenIdentificacion) VALUES (120, 'Reggy', 'Nil', 'Brellin', 'Bachellier', 'nbachellier3b@msn.com', 'e10adc3949ba59abbe56e057f20f883e', 'M', '877 Sunbrook Place', '1958-03-22', 'https://robohash.org/voluptatibusnostrumnihil.jpg?size=50x50&set=set1');
INSERT INTO persona (idPersona, primerNombre, segundoNombre, primerApellido, segundoApellido, email, password, genero, direccion, fechaNacimiento, imagenIdentificacion) VALUES (121, 'Melisandra', 'Gael', 'Stredwick', 'Bindley', 'gbindley3c@usa.gov', 'e10adc3949ba59abbe56e057f20f883e', 'F', '39 Quincy Way', '1930-01-24', 'https://robohash.org/architectofugaporro.jpg?size=50x50&set=set1');
INSERT INTO persona (idPersona, primerNombre, segundoNombre, primerApellido, segundoApellido, email, password, genero, direccion, fechaNacimiento, imagenIdentificacion) VALUES (122, 'Gonzalo', 'Horatius', 'Chastand', 'Dix', 'hdix3d@utexas.edu', '3350f6fad3335484f5cf293f739973a1', 'M', '7854 Almo Court', '1985-04-13', 'https://robohash.org/ullamquamperferendis.jpg?size=50x50&set=set1');
INSERT INTO persona (idPersona, primerNombre, segundoNombre, primerApellido, segundoApellido, email, password, genero, direccion, fechaNacimiento, imagenIdentificacion) VALUES (123, 'Torrence', 'Berny', 'McGrae', 'Franciotti', 'bfranciotti3e@sakura.ne.jp', '3350f6fad3335484f5cf293f739973a1', 'M', '9302 Fulton Court', '1974-06-06', 'https://robohash.org/suscipitquammolestias.jpg?size=50x50&set=set1');
INSERT INTO persona (idPersona, primerNombre, segundoNombre, primerApellido, segundoApellido, email, password, genero, direccion, fechaNacimiento, imagenIdentificacion) VALUES (124, 'Kristian', 'Arie', 'Van den Oord', 'Goublier', 'agoublier3f@fda.gov', 'd8578edf8458ce06fbc5bb76a58c5ca4', 'M', '838 Jana Road', '1950-02-05', 'https://robohash.org/providentveroet.jpg?size=50x50&set=set1');
INSERT INTO persona (idPersona, primerNombre, segundoNombre, primerApellido, segundoApellido, email, password, genero, direccion, fechaNacimiento, imagenIdentificacion) VALUES (125, 'Emilio', 'Art', 'Dower', 'Ottawell', 'aottawell3g@amazonaws.com', '3350f6fad3335484f5cf293f739973a1', 'M', '67 Hoffman Drive', '1994-04-02', 'https://robohash.org/eiusessetemporibus.jpg?size=50x50&set=set1');
INSERT INTO persona (idPersona, primerNombre, segundoNombre, primerApellido, segundoApellido, email, password, genero, direccion, fechaNacimiento, imagenIdentificacion) VALUES (126, 'Brennen', 'Domingo', 'Dollard', 'Gallop', 'dgallop3h@about.com', '03c345ae8bd4c13f4eb2eb6dde0a92e0', 'M', '94751 Mcbride Way', '1954-06-13', 'https://robohash.org/assumendasedaperiam.jpg?size=50x50&set=set1');
INSERT INTO persona (idPersona, primerNombre, segundoNombre, primerApellido, segundoApellido, email, password, genero, direccion, fechaNacimiento, imagenIdentificacion) VALUES (127, 'Alicea', 'Annabell', 'Hatfield', 'Ormerod', 'aormerod3i@purevolume.com', '3350f6fad3335484f5cf293f739973a1', 'F', '416 Summerview Hill', '2009-08-02', 'https://robohash.org/estautemquisquam.jpg?size=50x50&set=set1');
INSERT INTO persona (idPersona, primerNombre, segundoNombre, primerApellido, segundoApellido, email, password, genero, direccion, fechaNacimiento, imagenIdentificacion) VALUES (128, 'Janos', 'Sterling', 'McConnachie', 'Cron', 'scron3j@example.com', '03c345ae8bd4c13f4eb2eb6dde0a92e0', 'M', '7055 Blaine Drive', '1973-03-22', 'https://robohash.org/isteinventorepossimus.jpg?size=50x50&set=set1');
INSERT INTO persona (idPersona, primerNombre, segundoNombre, primerApellido, segundoApellido, email, password, genero, direccion, fechaNacimiento, imagenIdentificacion) VALUES (129, 'Eugenius', 'Jackson', 'Davidovsky', 'Karpenko', 'jkarpenko3k@altervista.org', 'd8578edf8458ce06fbc5bb76a58c5ca4', 'M', '99038 Commercial Park', '1957-10-02', 'https://robohash.org/oditutlaborum.jpg?size=50x50&set=set1');
INSERT INTO persona (idPersona, primerNombre, segundoNombre, primerApellido, segundoApellido, email, password, genero, direccion, fechaNacimiento, imagenIdentificacion) VALUES (130, 'Eachelle', 'Vinita', 'Olivie', 'Denidge', 'vdenidge3l@craigslist.org', 'd8578edf8458ce06fbc5bb76a58c5ca4', 'F', '5039 Annamark Parkway', '1954-05-29', 'https://robohash.org/veliteafugit.jpg?size=50x50&set=set1');
INSERT INTO persona (idPersona, primerNombre, segundoNombre, primerApellido, segundoApellido, email, password, genero, direccion, fechaNacimiento, imagenIdentificacion) VALUES (131, 'Kathye', 'Margery', 'Lathbury', 'Rizzardini', 'mrizzardini3m@vkontakte.ru', '03c345ae8bd4c13f4eb2eb6dde0a92e0', 'F', '8832 Comanche Park', '1975-11-05', 'https://robohash.org/exdelectusvitae.jpg?size=50x50&set=set1');
INSERT INTO persona (idPersona, primerNombre, segundoNombre, primerApellido, segundoApellido, email, password, genero, direccion, fechaNacimiento, imagenIdentificacion) VALUES (132, 'Christophorus', 'Farrell', 'Minnock', 'Ballefant', 'fballefant3n@nih.gov', '3350f6fad3335484f5cf293f739973a1', 'M', '7483 Heffernan Pass', '2001-06-13', 'https://robohash.org/itaquevoluptatumofficiis.jpg?size=50x50&set=set1');
INSERT INTO persona (idPersona, primerNombre, segundoNombre, primerApellido, segundoApellido, email, password, genero, direccion, fechaNacimiento, imagenIdentificacion) VALUES (133, 'Georgianne', 'Benita', 'McKim', 'Nussii', 'bnussii3o@storify.com', '3350f6fad3335484f5cf293f739973a1', 'F', '6 1st Lane', '1960-07-14', 'https://robohash.org/blanditiisquisquamdoloremque.jpg?size=50x50&set=set1');
INSERT INTO persona (idPersona, primerNombre, segundoNombre, primerApellido, segundoApellido, email, password, genero, direccion, fechaNacimiento, imagenIdentificacion) VALUES (134, 'Guillermo', 'Llewellyn', 'Peasegood', 'Toffetto', 'ltoffetto3p@walmart.com', '3350f6fad3335484f5cf293f739973a1', 'M', '5 Coolidge Street', '1957-10-18', 'https://robohash.org/sintvelitut.jpg?size=50x50&set=set1');
INSERT INTO persona (idPersona, primerNombre, segundoNombre, primerApellido, segundoApellido, email, password, genero, direccion, fechaNacimiento, imagenIdentificacion) VALUES (135, 'Mar', 'Arch', 'Petrashov', 'Lording', 'alording3q@creativecommons.org', 'e10adc3949ba59abbe56e057f20f883e', 'M', '47996 Westend Lane', '1949-01-18', 'https://robohash.org/recusandaeconsequunturquo.jpg?size=50x50&set=set1');
INSERT INTO persona (idPersona, primerNombre, segundoNombre, primerApellido, segundoApellido, email, password, genero, direccion, fechaNacimiento, imagenIdentificacion) VALUES (136, 'Catherina', 'Morganne', 'Bumphries', 'Preene', 'mpreene3r@utexas.edu', '03c345ae8bd4c13f4eb2eb6dde0a92e0', 'F', '6300 Hudson Place', '1948-05-03', 'https://robohash.org/velitquosfacilis.jpg?size=50x50&set=set1');
INSERT INTO persona (idPersona, primerNombre, segundoNombre, primerApellido, segundoApellido, email, password, genero, direccion, fechaNacimiento, imagenIdentificacion) VALUES (137, 'Job', 'Laurie', 'Yerson', 'McPhilip', 'lmcphilip3s@biglobe.ne.jp', '03c345ae8bd4c13f4eb2eb6dde0a92e0', 'M', '1513 Spaight Circle', '2011-12-14', 'https://robohash.org/enimvoluptatesquaerat.jpg?size=50x50&set=set1');
INSERT INTO persona (idPersona, primerNombre, segundoNombre, primerApellido, segundoApellido, email, password, genero, direccion, fechaNacimiento, imagenIdentificacion) VALUES (138, 'Eb', 'Dunc', 'Folliott', 'Finlaison', 'dfinlaison3t@nhs.uk', '5f4dcc3b5aa765d61d8327deb882cf99', 'M', '0657 Arizona Trail', '1983-07-13', 'https://robohash.org/blanditiisquismolestiae.jpg?size=50x50&set=set1');
INSERT INTO persona (idPersona, primerNombre, segundoNombre, primerApellido, segundoApellido, email, password, genero, direccion, fechaNacimiento, imagenIdentificacion) VALUES (139, 'Caroline', 'Alejandra', 'Curmi', 'Baptie', 'abaptie3u@ask.com', '3350f6fad3335484f5cf293f739973a1', 'F', '8702 Prentice Plaza', '1957-10-14', 'https://robohash.org/recusandaeanimioccaecati.jpg?size=50x50&set=set1');
INSERT INTO persona (idPersona, primerNombre, segundoNombre, primerApellido, segundoApellido, email, password, genero, direccion, fechaNacimiento, imagenIdentificacion) VALUES (140, 'Gram', 'Forrest', 'Gut', 'McMechan', 'fmcmechan3v@prnewswire.com', '1c7a92ae351d4e21ebdfb897508f59d6', 'M', '2543 Crescent Oaks Lane', '1984-09-05', 'https://robohash.org/errordoloremaspernatur.jpg?size=50x50&set=set1');
INSERT INTO persona (idPersona, primerNombre, segundoNombre, primerApellido, segundoApellido, email, password, genero, direccion, fechaNacimiento, imagenIdentificacion) VALUES (141, 'Davine', 'Oliy', 'Caudelier', 'Boase', 'oboase3w@privacy.gov.au', '1c7a92ae351d4e21ebdfb897508f59d6', 'F', '34423 Pond Plaza', '2008-09-24', 'https://robohash.org/minusminimased.jpg?size=50x50&set=set1');
INSERT INTO persona (idPersona, primerNombre, segundoNombre, primerApellido, segundoApellido, email, password, genero, direccion, fechaNacimiento, imagenIdentificacion) VALUES (142, 'Beverley', 'Alexandra', 'Devin', 'Benjafield', 'abenjafield3x@msn.com', '3350f6fad3335484f5cf293f739973a1', 'F', '05 Prentice Hill', '1945-09-05', 'https://robohash.org/etrepellatnatus.jpg?size=50x50&set=set1');
INSERT INTO persona (idPersona, primerNombre, segundoNombre, primerApellido, segundoApellido, email, password, genero, direccion, fechaNacimiento, imagenIdentificacion) VALUES (143, 'Dinny', 'Georgeanna', 'Dohr', 'Healings', 'ghealings3y@cbslocal.com', '1c7a92ae351d4e21ebdfb897508f59d6', 'F', '70 Grayhawk Trail', '1951-04-05', 'https://robohash.org/exercitationemenimomnis.jpg?size=50x50&set=set1');
INSERT INTO persona (idPersona, primerNombre, segundoNombre, primerApellido, segundoApellido, email, password, genero, direccion, fechaNacimiento, imagenIdentificacion) VALUES (144, 'Wandie', 'Evvie', 'Feehely', 'Dumingo', 'edumingo3z@oracle.com', '3350f6fad3335484f5cf293f739973a1', 'F', '930 Hermina Terrace', '2010-04-28', 'https://robohash.org/nullaillovelit.jpg?size=50x50&set=set1');
INSERT INTO persona (idPersona, primerNombre, segundoNombre, primerApellido, segundoApellido, email, password, genero, direccion, fechaNacimiento, imagenIdentificacion) VALUES (145, 'Francesca', 'Germana', 'Di Angelo', 'Scolding', 'gscolding40@spotify.com', '5f4dcc3b5aa765d61d8327deb882cf99', 'F', '4823 Corry Trail', '1987-07-12', 'https://robohash.org/eligendiautrepellat.jpg?size=50x50&set=set1');
INSERT INTO persona (idPersona, primerNombre, segundoNombre, primerApellido, segundoApellido, email, password, genero, direccion, fechaNacimiento, imagenIdentificacion) VALUES (146, 'Dieter', 'Broddie', 'Lawry', 'Lief', 'blief41@reference.com', '3350f6fad3335484f5cf293f739973a1', 'M', '11355 Buhler Parkway', '1982-06-11', 'https://robohash.org/quiamolestiaedeserunt.jpg?size=50x50&set=set1');
INSERT INTO persona (idPersona, primerNombre, segundoNombre, primerApellido, segundoApellido, email, password, genero, direccion, fechaNacimiento, imagenIdentificacion) VALUES (147, 'Moses', 'Sauncho', 'Boxe', 'Willerton', 'swillerton42@tripod.com', '03c345ae8bd4c13f4eb2eb6dde0a92e0', 'M', '780 Prairie Rose Point', '1994-03-24', 'https://robohash.org/fugitpossimusmagni.jpg?size=50x50&set=set1');
INSERT INTO persona (idPersona, primerNombre, segundoNombre, primerApellido, segundoApellido, email, password, genero, direccion, fechaNacimiento, imagenIdentificacion) VALUES (148, 'Evie', 'Rubie', 'Lathey', 'Webber', 'rwebber43@angelfire.com', '5f4dcc3b5aa765d61d8327deb882cf99', 'F', '0594 Evergreen Avenue', '1991-09-13', 'https://robohash.org/esteuma.jpg?size=50x50&set=set1');
INSERT INTO persona (idPersona, primerNombre, segundoNombre, primerApellido, segundoApellido, email, password, genero, direccion, fechaNacimiento, imagenIdentificacion) VALUES (149, 'Elnore', 'Erma', 'Entwisle', 'Cricket', 'ecricket44@foxnews.com', 'd8578edf8458ce06fbc5bb76a58c5ca4', 'F', '97992 Pierstorff Circle', '1971-09-15', 'https://robohash.org/etutsimilique.jpg?size=50x50&set=set1');
INSERT INTO persona (idPersona, primerNombre, segundoNombre, primerApellido, segundoApellido, email, password, genero, direccion, fechaNacimiento, imagenIdentificacion) VALUES (150, 'Mariette', 'Kirsten', 'Fehners', 'Janson', 'kjanson45@noaa.gov', '3350f6fad3335484f5cf293f739973a1', 'F', '848 Packers Plaza', '1938-09-07', 'https://robohash.org/etcorruptiquibusdam.jpg?size=50x50&set=set1');
INSERT INTO persona (idPersona, primerNombre, segundoNombre, primerApellido, segundoApellido, email, password, genero, direccion, fechaNacimiento, imagenIdentificacion) VALUES (151, 'Gherardo', 'Cecilius', 'Fenimore', 'Berzen', 'cberzen46@vkontakte.ru', '1c7a92ae351d4e21ebdfb897508f59d6', 'M', '00376 Golf Course Lane', '1991-01-17', 'https://robohash.org/blanditiiscupiditatereprehenderit.jpg?size=50x50&set=set1');
INSERT INTO persona (idPersona, primerNombre, segundoNombre, primerApellido, segundoApellido, email, password, genero, direccion, fechaNacimiento, imagenIdentificacion) VALUES (152, 'Leopold', 'Davey', 'Wapol', 'Carn', 'dcarn47@spiegel.de', '03c345ae8bd4c13f4eb2eb6dde0a92e0', 'M', '00 Graedel Drive', '1992-11-24', 'https://robohash.org/etnequeiusto.jpg?size=50x50&set=set1');
INSERT INTO persona (idPersona, primerNombre, segundoNombre, primerApellido, segundoApellido, email, password, genero, direccion, fechaNacimiento, imagenIdentificacion) VALUES (153, 'Avis', 'Tuesday', 'Rossin', 'Cayet', 'tcayet48@go.com', 'd8578edf8458ce06fbc5bb76a58c5ca4', 'F', '41368 Chinook Street', '1981-11-01', 'https://robohash.org/voluptatemcorruptiunde.jpg?size=50x50&set=set1');
INSERT INTO persona (idPersona, primerNombre, segundoNombre, primerApellido, segundoApellido, email, password, genero, direccion, fechaNacimiento, imagenIdentificacion) VALUES (154, 'Barnard', 'Gayelord', 'Aucock', 'Spinks', 'gspinks49@themeforest.net', 'd8578edf8458ce06fbc5bb76a58c5ca4', 'M', '1 Lyons Trail', '1979-02-02', 'https://robohash.org/minimaperferendisquo.jpg?size=50x50&set=set1');
INSERT INTO persona (idPersona, primerNombre, segundoNombre, primerApellido, segundoApellido, email, password, genero, direccion, fechaNacimiento, imagenIdentificacion) VALUES (155, 'Charmine', 'Rosamund', 'McIsaac', 'Laugherane', 'rlaugherane4a@pbs.org', '03c345ae8bd4c13f4eb2eb6dde0a92e0', 'F', '4 2nd Avenue', '1974-12-09', 'https://robohash.org/eosased.jpg?size=50x50&set=set1');
INSERT INTO persona (idPersona, primerNombre, segundoNombre, primerApellido, segundoApellido, email, password, genero, direccion, fechaNacimiento, imagenIdentificacion) VALUES (156, 'Haslett', 'Willey', 'Sheward', 'Patty', 'wpatty4b@studiopress.com', '5f4dcc3b5aa765d61d8327deb882cf99', 'M', '20 Walton Alley', '1999-09-21', 'https://robohash.org/repudiandaeinciduntsint.jpg?size=50x50&set=set1');
INSERT INTO persona (idPersona, primerNombre, segundoNombre, primerApellido, segundoApellido, email, password, genero, direccion, fechaNacimiento, imagenIdentificacion) VALUES (157, 'Mitch', 'Rooney', 'Summerley', 'Hanford', 'rhanford4c@cafepress.com', 'e10adc3949ba59abbe56e057f20f883e', 'M', '4 Swallow Point', '1945-05-15', 'https://robohash.org/impeditutid.jpg?size=50x50&set=set1');
INSERT INTO persona (idPersona, primerNombre, segundoNombre, primerApellido, segundoApellido, email, password, genero, direccion, fechaNacimiento, imagenIdentificacion) VALUES (158, 'Hi', 'Carlos', 'Matias', 'Durban', 'cdurban4d@instagram.com', 'e10adc3949ba59abbe56e057f20f883e', 'M', '57 Pepper Wood Crossing', '1930-08-27', 'https://robohash.org/etomnispariatur.jpg?size=50x50&set=set1');
INSERT INTO persona (idPersona, primerNombre, segundoNombre, primerApellido, segundoApellido, email, password, genero, direccion, fechaNacimiento, imagenIdentificacion) VALUES (159, 'Essie', 'Midge', 'Klemke', 'Deddum', 'mdeddum4e@alexa.com', '3350f6fad3335484f5cf293f739973a1', 'F', '1 Kingsford Crossing', '1990-10-31', 'https://robohash.org/oditvelut.jpg?size=50x50&set=set1');
INSERT INTO persona (idPersona, primerNombre, segundoNombre, primerApellido, segundoApellido, email, password, genero, direccion, fechaNacimiento, imagenIdentificacion) VALUES (160, 'Sophie', 'Terrye', 'Matuszyk', 'Askew', 'taskew4f@reference.com', 'e10adc3949ba59abbe56e057f20f883e', 'F', '81 Susan Parkway', '1984-12-19', 'https://robohash.org/utquomaxime.jpg?size=50x50&set=set1');
INSERT INTO persona (idPersona, primerNombre, segundoNombre, primerApellido, segundoApellido, email, password, genero, direccion, fechaNacimiento, imagenIdentificacion) VALUES (161, 'Audrye', 'Colette', 'Ricoald', 'Claricoats', 'cclaricoats4g@comsenz.com', '1c7a92ae351d4e21ebdfb897508f59d6', 'F', '51 Nobel Parkway', '1973-11-22', 'https://robohash.org/voluptatummolestiaeillum.jpg?size=50x50&set=set1');
INSERT INTO persona (idPersona, primerNombre, segundoNombre, primerApellido, segundoApellido, email, password, genero, direccion, fechaNacimiento, imagenIdentificacion) VALUES (162, 'Penni', 'Angele', 'Spere', 'Loakes', 'aloakes4h@auda.org.au', '1c7a92ae351d4e21ebdfb897508f59d6', 'F', '9186 Elmside Avenue', '1994-01-31', 'https://robohash.org/aeanobis.jpg?size=50x50&set=set1');
INSERT INTO persona (idPersona, primerNombre, segundoNombre, primerApellido, segundoApellido, email, password, genero, direccion, fechaNacimiento, imagenIdentificacion) VALUES (163, 'Jessa', 'Letty', 'Epton', 'Tamlett', 'ltamlett4i@economist.com', '5f4dcc3b5aa765d61d8327deb882cf99', 'F', '75 Coolidge Point', '1973-01-03', 'https://robohash.org/nequedolorvoluptates.jpg?size=50x50&set=set1');
INSERT INTO persona (idPersona, primerNombre, segundoNombre, primerApellido, segundoApellido, email, password, genero, direccion, fechaNacimiento, imagenIdentificacion) VALUES (164, 'Babita', 'Sela', 'Bidmead', 'Farran', 'sfarran4j@artisteer.com', 'd8578edf8458ce06fbc5bb76a58c5ca4', 'F', '38 Delaware Street', '1972-04-20', 'https://robohash.org/architectoautcorrupti.jpg?size=50x50&set=set1');
INSERT INTO persona (idPersona, primerNombre, segundoNombre, primerApellido, segundoApellido, email, password, genero, direccion, fechaNacimiento, imagenIdentificacion) VALUES (165, 'Doralyn', 'Anette', 'Reppaport', 'De Gregoli', 'adegregoli4k@state.tx.us', '1c7a92ae351d4e21ebdfb897508f59d6', 'F', '3434 Ryan Lane', '1951-05-02', 'https://robohash.org/exercitationemmolestiasvoluptas.jpg?size=50x50&set=set1');
INSERT INTO persona (idPersona, primerNombre, segundoNombre, primerApellido, segundoApellido, email, password, genero, direccion, fechaNacimiento, imagenIdentificacion) VALUES (166, 'Arch', 'Rooney', 'Scroxton', 'Keford', 'rkeford4l@mashable.com', '3350f6fad3335484f5cf293f739973a1', 'M', '4923 Service Junction', '2010-06-19', 'https://robohash.org/auteaearum.jpg?size=50x50&set=set1');
INSERT INTO persona (idPersona, primerNombre, segundoNombre, primerApellido, segundoApellido, email, password, genero, direccion, fechaNacimiento, imagenIdentificacion) VALUES (167, 'Amery', 'Ennis', 'Beefon', 'Christophers', 'echristophers4m@seesaa.net', '5f4dcc3b5aa765d61d8327deb882cf99', 'M', '417 Starling Drive', '1968-07-04', 'https://robohash.org/quameaqueet.jpg?size=50x50&set=set1');
INSERT INTO persona (idPersona, primerNombre, segundoNombre, primerApellido, segundoApellido, email, password, genero, direccion, fechaNacimiento, imagenIdentificacion) VALUES (168, 'Colline', 'Engracia', 'Snedden', 'Higbin', 'ehigbin4n@gov.uk', '3350f6fad3335484f5cf293f739973a1', 'F', '9 Laurel Center', '2000-05-16', 'https://robohash.org/repellatsequimollitia.jpg?size=50x50&set=set1');
INSERT INTO persona (idPersona, primerNombre, segundoNombre, primerApellido, segundoApellido, email, password, genero, direccion, fechaNacimiento, imagenIdentificacion) VALUES (169, 'Kata', 'Camila', 'Widdall', 'Olivetti', 'colivetti4o@sogou.com', '5f4dcc3b5aa765d61d8327deb882cf99', 'F', '4 Troy Crossing', '2007-09-19', 'https://robohash.org/quasexcepturinisi.jpg?size=50x50&set=set1');
INSERT INTO persona (idPersona, primerNombre, segundoNombre, primerApellido, segundoApellido, email, password, genero, direccion, fechaNacimiento, imagenIdentificacion) VALUES (170, 'Bev', 'Kandy', 'Grayshan', 'Forcer', 'kforcer4p@unicef.org', '5f4dcc3b5aa765d61d8327deb882cf99', 'F', '42 Colorado Court', '1960-09-02', 'https://robohash.org/estasperioresillum.jpg?size=50x50&set=set1');
INSERT INTO persona (idPersona, primerNombre, segundoNombre, primerApellido, segundoApellido, email, password, genero, direccion, fechaNacimiento, imagenIdentificacion) VALUES (171, 'Jobye', 'Margareta', 'MacCrachen', 'Raggles', 'mraggles4q@prnewswire.com', '03c345ae8bd4c13f4eb2eb6dde0a92e0', 'F', '539 Lerdahl Parkway', '1984-07-11', 'https://robohash.org/dolorumvoluptateearum.jpg?size=50x50&set=set1');
INSERT INTO persona (idPersona, primerNombre, segundoNombre, primerApellido, segundoApellido, email, password, genero, direccion, fechaNacimiento, imagenIdentificacion) VALUES (172, 'Ben', 'Nicky', 'Hutchins', 'Friatt', 'nfriatt4r@ebay.co.uk', 'd8578edf8458ce06fbc5bb76a58c5ca4', 'M', '8897 Monica Lane', '1972-07-19', 'https://robohash.org/beataelaborenihil.jpg?size=50x50&set=set1');
INSERT INTO persona (idPersona, primerNombre, segundoNombre, primerApellido, segundoApellido, email, password, genero, direccion, fechaNacimiento, imagenIdentificacion) VALUES (173, 'Tera', 'Krysta', 'Menary', 'Franzetti', 'kfranzetti4s@livejournal.com', '1c7a92ae351d4e21ebdfb897508f59d6', 'F', '97 Maple Wood Crossing', '1961-09-14', 'https://robohash.org/quisquamquisvoluptatem.jpg?size=50x50&set=set1');
INSERT INTO persona (idPersona, primerNombre, segundoNombre, primerApellido, segundoApellido, email, password, genero, direccion, fechaNacimiento, imagenIdentificacion) VALUES (174, 'Bell', 'Gerianna', 'Mullord', 'Philimore', 'gphilimore4t@mtv.com', '3350f6fad3335484f5cf293f739973a1', 'F', '7 Arizona Crossing', '1959-08-23', 'https://robohash.org/quamauttempora.jpg?size=50x50&set=set1');
INSERT INTO persona (idPersona, primerNombre, segundoNombre, primerApellido, segundoApellido, email, password, genero, direccion, fechaNacimiento, imagenIdentificacion) VALUES (175, 'Ruprecht', 'Salomon', 'Adamovitz', 'Wagge', 'swagge4u@bravesites.com', '5f4dcc3b5aa765d61d8327deb882cf99', 'M', '8 Gulseth Avenue', '1938-09-06', 'https://robohash.org/fugadelectusqui.jpg?size=50x50&set=set1');
INSERT INTO persona (idPersona, primerNombre, segundoNombre, primerApellido, segundoApellido, email, password, genero, direccion, fechaNacimiento, imagenIdentificacion) VALUES (176, 'Mia', 'Ondrea', 'McClements', 'Tolhurst', 'otolhurst4v@posterous.com', '5f4dcc3b5aa765d61d8327deb882cf99', 'F', '57096 Melby Place', '1977-05-07', 'https://robohash.org/minusametsoluta.jpg?size=50x50&set=set1');
INSERT INTO persona (idPersona, primerNombre, segundoNombre, primerApellido, segundoApellido, email, password, genero, direccion, fechaNacimiento, imagenIdentificacion) VALUES (177, 'Nester', 'Curtice', 'Avramovitz', 'Rosenstein', 'crosenstein4w@sciencedaily.com', '3350f6fad3335484f5cf293f739973a1', 'M', '1301 Elmside Parkway', '1977-12-08', 'https://robohash.org/corporisetcommodi.jpg?size=50x50&set=set1');
INSERT INTO persona (idPersona, primerNombre, segundoNombre, primerApellido, segundoApellido, email, password, genero, direccion, fechaNacimiento, imagenIdentificacion) VALUES (178, 'Bert', 'Roosevelt', 'Schenkel', 'Climpson', 'rclimpson4x@mac.com', '03c345ae8bd4c13f4eb2eb6dde0a92e0', 'M', '47 Dwight Trail', '2000-05-19', 'https://robohash.org/atrepellatarchitecto.jpg?size=50x50&set=set1');
INSERT INTO persona (idPersona, primerNombre, segundoNombre, primerApellido, segundoApellido, email, password, genero, direccion, fechaNacimiento, imagenIdentificacion) VALUES (179, 'Del', 'Risa', 'Rulton', 'Naismith', 'rnaismith4y@nsw.gov.au', 'e10adc3949ba59abbe56e057f20f883e', 'F', '0030 Algoma Avenue', '1931-08-25', 'https://robohash.org/quaeratautemcorrupti.jpg?size=50x50&set=set1');
INSERT INTO persona (idPersona, primerNombre, segundoNombre, primerApellido, segundoApellido, email, password, genero, direccion, fechaNacimiento, imagenIdentificacion) VALUES (180, 'Luce', 'Jehanna', 'Simonutti', 'Pargeter', 'jpargeter4z@unicef.org', '5f4dcc3b5aa765d61d8327deb882cf99', 'F', '80 Mallard Street', '1984-11-23', 'https://robohash.org/excepturidoloresveritatis.jpg?size=50x50&set=set1');
INSERT INTO persona (idPersona, primerNombre, segundoNombre, primerApellido, segundoApellido, email, password, genero, direccion, fechaNacimiento, imagenIdentificacion) VALUES (181, 'Tully', 'Ahmed', 'McCartney', 'Twigger', 'atwigger50@netvibes.com', '03c345ae8bd4c13f4eb2eb6dde0a92e0', 'M', '74 Fisk Avenue', '1952-09-20', 'https://robohash.org/ametminuslaudantium.jpg?size=50x50&set=set1');
INSERT INTO persona (idPersona, primerNombre, segundoNombre, primerApellido, segundoApellido, email, password, genero, direccion, fechaNacimiento, imagenIdentificacion) VALUES (182, 'Whitby', 'Jeffrey', 'Tille', 'Gooders', 'jgooders51@seattletimes.com', '1c7a92ae351d4e21ebdfb897508f59d6', 'M', '805 Veith Park', '1965-08-18', 'https://robohash.org/laboriosamlaudantiumerror.jpg?size=50x50&set=set1');
INSERT INTO persona (idPersona, primerNombre, segundoNombre, primerApellido, segundoApellido, email, password, genero, direccion, fechaNacimiento, imagenIdentificacion) VALUES (183, 'Tull', 'Corby', 'Giuron', 'Sothern', 'csothern52@statcounter.com', '03c345ae8bd4c13f4eb2eb6dde0a92e0', 'M', '0118 Bobwhite Way', '1964-10-09', 'https://robohash.org/maximeminimaquidem.jpg?size=50x50&set=set1');
INSERT INTO persona (idPersona, primerNombre, segundoNombre, primerApellido, segundoApellido, email, password, genero, direccion, fechaNacimiento, imagenIdentificacion) VALUES (184, 'Kendricks', 'Vail', 'Feldstein', 'MacAllan', 'vmacallan53@php.net', 'd8578edf8458ce06fbc5bb76a58c5ca4', 'M', '9207 Alpine Court', '1978-02-25', 'https://robohash.org/ducimussuntut.jpg?size=50x50&set=set1');
INSERT INTO persona (idPersona, primerNombre, segundoNombre, primerApellido, segundoApellido, email, password, genero, direccion, fechaNacimiento, imagenIdentificacion) VALUES (185, 'Robinett', 'Cinnamon', 'Percy', 'Heppner', 'cheppner54@facebook.com', '3350f6fad3335484f5cf293f739973a1', 'F', '80 Hovde Park', '1945-05-15', 'https://robohash.org/voluptasconsequaturcumque.jpg?size=50x50&set=set1');
INSERT INTO persona (idPersona, primerNombre, segundoNombre, primerApellido, segundoApellido, email, password, genero, direccion, fechaNacimiento, imagenIdentificacion) VALUES (186, 'Gary', 'Carleton', 'Thorowgood', 'Capener', 'ccapener55@princeton.edu', '5f4dcc3b5aa765d61d8327deb882cf99', 'M', '56 Tennyson Pass', '2006-08-18', 'https://robohash.org/exerrorsint.jpg?size=50x50&set=set1');
INSERT INTO persona (idPersona, primerNombre, segundoNombre, primerApellido, segundoApellido, email, password, genero, direccion, fechaNacimiento, imagenIdentificacion) VALUES (187, 'Cleavland', 'Tye', 'Bremeyer', 'Mynett', 'tmynett56@prnewswire.com', 'e10adc3949ba59abbe56e057f20f883e', 'M', '74 Di Loreto Junction', '1969-08-01', 'https://robohash.org/earumnihilreprehenderit.jpg?size=50x50&set=set1');
INSERT INTO persona (idPersona, primerNombre, segundoNombre, primerApellido, segundoApellido, email, password, genero, direccion, fechaNacimiento, imagenIdentificacion) VALUES (188, 'Corbet', 'Delmer', 'Scholtz', 'Connaughton', 'dconnaughton57@ca.gov', 'e10adc3949ba59abbe56e057f20f883e', 'M', '16298 Barnett Terrace', '1963-02-01', 'https://robohash.org/sintidneque.jpg?size=50x50&set=set1');
INSERT INTO persona (idPersona, primerNombre, segundoNombre, primerApellido, segundoApellido, email, password, genero, direccion, fechaNacimiento, imagenIdentificacion) VALUES (189, 'Galven', 'Nickey', 'Effemy', 'Raun', 'nraun58@sfgate.com', '5f4dcc3b5aa765d61d8327deb882cf99', 'M', '18641 Banding Point', '1996-04-16', 'https://robohash.org/cupiditatequiodit.jpg?size=50x50&set=set1');
INSERT INTO persona (idPersona, primerNombre, segundoNombre, primerApellido, segundoApellido, email, password, genero, direccion, fechaNacimiento, imagenIdentificacion) VALUES (190, 'Pearce', 'Nikolaus', 'Brumhead', 'Wheatman', 'nwheatman59@arstechnica.com', 'e10adc3949ba59abbe56e057f20f883e', 'M', '94424 Dovetail Junction', '1984-05-04', 'https://robohash.org/inlaborumdeleniti.jpg?size=50x50&set=set1');
INSERT INTO persona (idPersona, primerNombre, segundoNombre, primerApellido, segundoApellido, email, password, genero, direccion, fechaNacimiento, imagenIdentificacion) VALUES (191, 'Evonne', 'Milka', 'Preskett', 'Portwaine', 'mportwaine5a@engadget.com', '5f4dcc3b5aa765d61d8327deb882cf99', 'F', '04762 Logan Way', '1935-02-20', 'https://robohash.org/similiqueetculpa.jpg?size=50x50&set=set1');
INSERT INTO persona (idPersona, primerNombre, segundoNombre, primerApellido, segundoApellido, email, password, genero, direccion, fechaNacimiento, imagenIdentificacion) VALUES (192, 'Cody', 'Wilek', 'Donati', 'Reame', 'wreame5b@quantcast.com', '03c345ae8bd4c13f4eb2eb6dde0a92e0', 'M', '25 Magdeline Way', '1966-03-01', 'https://robohash.org/praesentiumaccusamusprovident.jpg?size=50x50&set=set1');
INSERT INTO persona (idPersona, primerNombre, segundoNombre, primerApellido, segundoApellido, email, password, genero, direccion, fechaNacimiento, imagenIdentificacion) VALUES (193, 'Vanessa', 'Maxie', 'Ondrus', 'Jochen', 'mjochen5c@ftc.gov', '03c345ae8bd4c13f4eb2eb6dde0a92e0', 'F', '75475 Messerschmidt Street', '1987-12-15', 'https://robohash.org/veleaex.jpg?size=50x50&set=set1');
INSERT INTO persona (idPersona, primerNombre, segundoNombre, primerApellido, segundoApellido, email, password, genero, direccion, fechaNacimiento, imagenIdentificacion) VALUES (194, 'Nicolis', 'Waylen', 'Capstake', 'Pim', 'wpim5d@cmu.edu', '03c345ae8bd4c13f4eb2eb6dde0a92e0', 'M', '0918 Rutledge Park', '1996-11-27', 'https://robohash.org/etprovidentconsequuntur.jpg?size=50x50&set=set1');
INSERT INTO persona (idPersona, primerNombre, segundoNombre, primerApellido, segundoApellido, email, password, genero, direccion, fechaNacimiento, imagenIdentificacion) VALUES (195, 'Nilson', 'Markus', 'Thomerson', 'Morigan', 'mmorigan5e@paypal.com', '03c345ae8bd4c13f4eb2eb6dde0a92e0', 'M', '5 Bultman Park', '1978-01-09', 'https://robohash.org/explicaboutillo.jpg?size=50x50&set=set1');
INSERT INTO persona (idPersona, primerNombre, segundoNombre, primerApellido, segundoApellido, email, password, genero, direccion, fechaNacimiento, imagenIdentificacion) VALUES (196, 'Gerri', 'Phaidra', 'Highwood', 'Paolicchi', 'ppaolicchi5f@hatena.ne.jp', 'e10adc3949ba59abbe56e057f20f883e', 'F', '644 Redwing Court', '1973-01-16', 'https://robohash.org/namadipiscinon.jpg?size=50x50&set=set1');
INSERT INTO persona (idPersona, primerNombre, segundoNombre, primerApellido, segundoApellido, email, password, genero, direccion, fechaNacimiento, imagenIdentificacion) VALUES (197, 'Layla', 'Danella', 'Graalman', 'Damiata', 'ddamiata5g@creativecommons.org', '1c7a92ae351d4e21ebdfb897508f59d6', 'F', '121 Cottonwood Drive', '2003-06-12', 'https://robohash.org/doloromnistenetur.jpg?size=50x50&set=set1');
INSERT INTO persona (idPersona, primerNombre, segundoNombre, primerApellido, segundoApellido, email, password, genero, direccion, fechaNacimiento, imagenIdentificacion) VALUES (198, 'Darrelle', 'Lyndy', 'Menis', 'Perelli', 'lperelli5h@about.com', '3350f6fad3335484f5cf293f739973a1', 'F', '14264 Victoria Street', '1986-10-15', 'https://robohash.org/praesentiumquonecessitatibus.jpg?size=50x50&set=set1');
INSERT INTO persona (idPersona, primerNombre, segundoNombre, primerApellido, segundoApellido, email, password, genero, direccion, fechaNacimiento, imagenIdentificacion) VALUES (199, 'Rey', 'Holden', 'Scolding', 'Ogglebie', 'hogglebie5i@example.com', '3350f6fad3335484f5cf293f739973a1', 'M', '551 Talmadge Point', '2007-12-10', 'https://robohash.org/autquiad.jpg?size=50x50&set=set1');
INSERT INTO persona (idPersona, primerNombre, segundoNombre, primerApellido, segundoApellido, email, password, genero, direccion, fechaNacimiento, imagenIdentificacion) VALUES (200, 'Claude', 'Emili', 'Klulisek', 'Bartlomieczak', 'ebartlomieczak5j@ask.com', '03c345ae8bd4c13f4eb2eb6dde0a92e0', 'F', '6 Westridge Drive', '1966-07-13', 'https://robohash.org/aperiametdeserunt.jpg?size=50x50&set=set1');


-- -----------------------------------------------------
-- 200 Inserts de tabla Telefono
-- -----------------------------------------------------
INSERT INTO telefono (idTelefono, numeroTelefono, idPersona) VALUES (1, '+50431360721', 1);
INSERT INTO telefono (idTelefono, numeroTelefono, idPersona) VALUES (2, '+50434055164', 2);
INSERT INTO telefono (idTelefono, numeroTelefono, idPersona) VALUES (3, '+50432774545', 3);
INSERT INTO telefono (idTelefono, numeroTelefono, idPersona) VALUES (4, '+50490924499', 4);
INSERT INTO telefono (idTelefono, numeroTelefono, idPersona) VALUES (5, '+50496443444', 5);
INSERT INTO telefono (idTelefono, numeroTelefono, idPersona) VALUES (6, '+50495009071', 6);
INSERT INTO telefono (idTelefono, numeroTelefono, idPersona) VALUES (7, '+50492074620', 7);
INSERT INTO telefono (idTelefono, numeroTelefono, idPersona) VALUES (8, '+50431561930', 8);
INSERT INTO telefono (idTelefono, numeroTelefono, idPersona) VALUES (9, '+50492416824', 9);
INSERT INTO telefono (idTelefono, numeroTelefono, idPersona) VALUES (10, '+50487480353', 10);
INSERT INTO telefono (idTelefono, numeroTelefono, idPersona) VALUES (11, '+50494700119', 11);
INSERT INTO telefono (idTelefono, numeroTelefono, idPersona) VALUES (12, '+50490136350', 12);
INSERT INTO telefono (idTelefono, numeroTelefono, idPersona) VALUES (13, '+50498312985', 13);
INSERT INTO telefono (idTelefono, numeroTelefono, idPersona) VALUES (14, '+50435829833', 14);
INSERT INTO telefono (idTelefono, numeroTelefono, idPersona) VALUES (15, '+50430292141', 15);
INSERT INTO telefono (idTelefono, numeroTelefono, idPersona) VALUES (16, '+50499236340', 16);
INSERT INTO telefono (idTelefono, numeroTelefono, idPersona) VALUES (17, '+50492969670', 17);
INSERT INTO telefono (idTelefono, numeroTelefono, idPersona) VALUES (18, '+50493512749', 18);
INSERT INTO telefono (idTelefono, numeroTelefono, idPersona) VALUES (19, '+50493222471', 19);
INSERT INTO telefono (idTelefono, numeroTelefono, idPersona) VALUES (20, '+50494726990', 20);
INSERT INTO telefono (idTelefono, numeroTelefono, idPersona) VALUES (21, '+50496152542', 21);
INSERT INTO telefono (idTelefono, numeroTelefono, idPersona) VALUES (22, '+50499415376', 22);
INSERT INTO telefono (idTelefono, numeroTelefono, idPersona) VALUES (23, '+50486822963', 23);
INSERT INTO telefono (idTelefono, numeroTelefono, idPersona) VALUES (24, '+50490416270', 24);
INSERT INTO telefono (idTelefono, numeroTelefono, idPersona) VALUES (25, '+50430071265', 25);
INSERT INTO telefono (idTelefono, numeroTelefono, idPersona) VALUES (26, '+50494460469', 26);
INSERT INTO telefono (idTelefono, numeroTelefono, idPersona) VALUES (27, '+50496187204', 27);
INSERT INTO telefono (idTelefono, numeroTelefono, idPersona) VALUES (28, '+50499244926', 28);
INSERT INTO telefono (idTelefono, numeroTelefono, idPersona) VALUES (29, '+50493724807', 29);
INSERT INTO telefono (idTelefono, numeroTelefono, idPersona) VALUES (30, '+50499544379', 30);
INSERT INTO telefono (idTelefono, numeroTelefono, idPersona) VALUES (31, '+50491393225', 31);
INSERT INTO telefono (idTelefono, numeroTelefono, idPersona) VALUES (32, '+50494533729', 32);
INSERT INTO telefono (idTelefono, numeroTelefono, idPersona) VALUES (33, '+50488831788', 33);
INSERT INTO telefono (idTelefono, numeroTelefono, idPersona) VALUES (34, '+50499795522', 34);
INSERT INTO telefono (idTelefono, numeroTelefono, idPersona) VALUES (35, '+50490693210', 35);
INSERT INTO telefono (idTelefono, numeroTelefono, idPersona) VALUES (36, '+50431019258', 36);
INSERT INTO telefono (idTelefono, numeroTelefono, idPersona) VALUES (37, '+50430322265', 37);
INSERT INTO telefono (idTelefono, numeroTelefono, idPersona) VALUES (38, '+50487942748', 38);
INSERT INTO telefono (idTelefono, numeroTelefono, idPersona) VALUES (39, '+50498230769', 39);
INSERT INTO telefono (idTelefono, numeroTelefono, idPersona) VALUES (40, '+50480567570', 40);
INSERT INTO telefono (idTelefono, numeroTelefono, idPersona) VALUES (41, '+50480882573', 41);
INSERT INTO telefono (idTelefono, numeroTelefono, idPersona) VALUES (42, '+50484274319', 42);
INSERT INTO telefono (idTelefono, numeroTelefono, idPersona) VALUES (43, '+50496817732', 43);
INSERT INTO telefono (idTelefono, numeroTelefono, idPersona) VALUES (44, '+50492721414', 44);
INSERT INTO telefono (idTelefono, numeroTelefono, idPersona) VALUES (45, '+50434647700', 45);
INSERT INTO telefono (idTelefono, numeroTelefono, idPersona) VALUES (46, '+50480625172', 46);
INSERT INTO telefono (idTelefono, numeroTelefono, idPersona) VALUES (47, '+50484882811', 47);
INSERT INTO telefono (idTelefono, numeroTelefono, idPersona) VALUES (48, '+50498232537', 48);
INSERT INTO telefono (idTelefono, numeroTelefono, idPersona) VALUES (49, '+50494699328', 49);
INSERT INTO telefono (idTelefono, numeroTelefono, idPersona) VALUES (50, '+50498696526', 50);
INSERT INTO telefono (idTelefono, numeroTelefono, idPersona) VALUES (51, '+50439063927', 51);
INSERT INTO telefono (idTelefono, numeroTelefono, idPersona) VALUES (52, '+50484491543', 52);
INSERT INTO telefono (idTelefono, numeroTelefono, idPersona) VALUES (53, '+50437385824', 53);
INSERT INTO telefono (idTelefono, numeroTelefono, idPersona) VALUES (54, '+50485829217', 54);
INSERT INTO telefono (idTelefono, numeroTelefono, idPersona) VALUES (55, '+50431802304', 55);
INSERT INTO telefono (idTelefono, numeroTelefono, idPersona) VALUES (56, '+50495657152', 56);
INSERT INTO telefono (idTelefono, numeroTelefono, idPersona) VALUES (57, '+50493846047', 57);
INSERT INTO telefono (idTelefono, numeroTelefono, idPersona) VALUES (58, '+50498739521', 58);
INSERT INTO telefono (idTelefono, numeroTelefono, idPersona) VALUES (59, '+50496713581', 59);
INSERT INTO telefono (idTelefono, numeroTelefono, idPersona) VALUES (60, '+50484979442', 60);
INSERT INTO telefono (idTelefono, numeroTelefono, idPersona) VALUES (61, '+50497595341', 61);
INSERT INTO telefono (idTelefono, numeroTelefono, idPersona) VALUES (62, '+50495335796', 62);
INSERT INTO telefono (idTelefono, numeroTelefono, idPersona) VALUES (63, '+50430336213', 63);
INSERT INTO telefono (idTelefono, numeroTelefono, idPersona) VALUES (64, '+50496325915', 64);
INSERT INTO telefono (idTelefono, numeroTelefono, idPersona) VALUES (65, '+50495701304', 65);
INSERT INTO telefono (idTelefono, numeroTelefono, idPersona) VALUES (66, '+50482403277', 66);
INSERT INTO telefono (idTelefono, numeroTelefono, idPersona) VALUES (67, '+50498659689', 67);
INSERT INTO telefono (idTelefono, numeroTelefono, idPersona) VALUES (68, '+50490764625', 68);
INSERT INTO telefono (idTelefono, numeroTelefono, idPersona) VALUES (69, '+50499901378', 69);
INSERT INTO telefono (idTelefono, numeroTelefono, idPersona) VALUES (70, '+50487402865', 70);
INSERT INTO telefono (idTelefono, numeroTelefono, idPersona) VALUES (71, '+50491660860', 71);
INSERT INTO telefono (idTelefono, numeroTelefono, idPersona) VALUES (72, '+50499166767', 72);
INSERT INTO telefono (idTelefono, numeroTelefono, idPersona) VALUES (73, '+50438949819', 73);
INSERT INTO telefono (idTelefono, numeroTelefono, idPersona) VALUES (74, '+50496688651', 74);
INSERT INTO telefono (idTelefono, numeroTelefono, idPersona) VALUES (75, '+50432698589', 75);
INSERT INTO telefono (idTelefono, numeroTelefono, idPersona) VALUES (76, '+50498626650', 76);
INSERT INTO telefono (idTelefono, numeroTelefono, idPersona) VALUES (77, '+50480647519', 77);
INSERT INTO telefono (idTelefono, numeroTelefono, idPersona) VALUES (78, '+50439228429', 78);
INSERT INTO telefono (idTelefono, numeroTelefono, idPersona) VALUES (79, '+50430589284', 79);
INSERT INTO telefono (idTelefono, numeroTelefono, idPersona) VALUES (80, '+50494220657', 80);
INSERT INTO telefono (idTelefono, numeroTelefono, idPersona) VALUES (81, '+50487632890', 81);
INSERT INTO telefono (idTelefono, numeroTelefono, idPersona) VALUES (82, '+50439204006', 82);
INSERT INTO telefono (idTelefono, numeroTelefono, idPersona) VALUES (83, '+50488417501', 83);
INSERT INTO telefono (idTelefono, numeroTelefono, idPersona) VALUES (84, '+50492998614', 84);
INSERT INTO telefono (idTelefono, numeroTelefono, idPersona) VALUES (85, '+50494275885', 85);
INSERT INTO telefono (idTelefono, numeroTelefono, idPersona) VALUES (86, '+50489787638', 86);
INSERT INTO telefono (idTelefono, numeroTelefono, idPersona) VALUES (87, '+50489469639', 87);
INSERT INTO telefono (idTelefono, numeroTelefono, idPersona) VALUES (88, '+50491759671', 88);
INSERT INTO telefono (idTelefono, numeroTelefono, idPersona) VALUES (89, '+50495131897', 89);
INSERT INTO telefono (idTelefono, numeroTelefono, idPersona) VALUES (90, '+50493815992', 90);
INSERT INTO telefono (idTelefono, numeroTelefono, idPersona) VALUES (91, '+50493198396', 91);
INSERT INTO telefono (idTelefono, numeroTelefono, idPersona) VALUES (92, '+50480639649', 92);
INSERT INTO telefono (idTelefono, numeroTelefono, idPersona) VALUES (93, '+50432664870', 93);
INSERT INTO telefono (idTelefono, numeroTelefono, idPersona) VALUES (94, '+50498640955', 94);
INSERT INTO telefono (idTelefono, numeroTelefono, idPersona) VALUES (95, '+50493361461', 95);
INSERT INTO telefono (idTelefono, numeroTelefono, idPersona) VALUES (96, '+50490684038', 96);
INSERT INTO telefono (idTelefono, numeroTelefono, idPersona) VALUES (97, '+50493026017', 97);
INSERT INTO telefono (idTelefono, numeroTelefono, idPersona) VALUES (98, '+50438133611', 98);
INSERT INTO telefono (idTelefono, numeroTelefono, idPersona) VALUES (99, '+50432788082', 99);
INSERT INTO telefono (idTelefono, numeroTelefono, idPersona) VALUES (100, '+50487179167', 100);
INSERT INTO telefono (idTelefono, numeroTelefono, idPersona) VALUES (101, '+50488960605', 101);
INSERT INTO telefono (idTelefono, numeroTelefono, idPersona) VALUES (102, '+50487277358', 102);
INSERT INTO telefono (idTelefono, numeroTelefono, idPersona) VALUES (103, '+50496911761', 103);
INSERT INTO telefono (idTelefono, numeroTelefono, idPersona) VALUES (104, '+50499966917', 104);
INSERT INTO telefono (idTelefono, numeroTelefono, idPersona) VALUES (105, '+50436721808', 105);
INSERT INTO telefono (idTelefono, numeroTelefono, idPersona) VALUES (106, '+50497931762', 106);
INSERT INTO telefono (idTelefono, numeroTelefono, idPersona) VALUES (107, '+50481908266', 107);
INSERT INTO telefono (idTelefono, numeroTelefono, idPersona) VALUES (108, '+50492837577', 108);
INSERT INTO telefono (idTelefono, numeroTelefono, idPersona) VALUES (109, '+50490153733', 109);
INSERT INTO telefono (idTelefono, numeroTelefono, idPersona) VALUES (110, '+50498692886', 110);
INSERT INTO telefono (idTelefono, numeroTelefono, idPersona) VALUES (111, '+50489130007', 111);
INSERT INTO telefono (idTelefono, numeroTelefono, idPersona) VALUES (112, '+50485064715', 112);
INSERT INTO telefono (idTelefono, numeroTelefono, idPersona) VALUES (113, '+50492493555', 113);
INSERT INTO telefono (idTelefono, numeroTelefono, idPersona) VALUES (114, '+50480449436', 114);
INSERT INTO telefono (idTelefono, numeroTelefono, idPersona) VALUES (115, '+50485408287', 115);
INSERT INTO telefono (idTelefono, numeroTelefono, idPersona) VALUES (116, '+50498798043', 116);
INSERT INTO telefono (idTelefono, numeroTelefono, idPersona) VALUES (117, '+50483559415', 117);
INSERT INTO telefono (idTelefono, numeroTelefono, idPersona) VALUES (118, '+50433104217', 118);
INSERT INTO telefono (idTelefono, numeroTelefono, idPersona) VALUES (119, '+50491654895', 119);
INSERT INTO telefono (idTelefono, numeroTelefono, idPersona) VALUES (120, '+50496897402', 120);
INSERT INTO telefono (idTelefono, numeroTelefono, idPersona) VALUES (121, '+50490854781', 121);
INSERT INTO telefono (idTelefono, numeroTelefono, idPersona) VALUES (122, '+50496212211', 122);
INSERT INTO telefono (idTelefono, numeroTelefono, idPersona) VALUES (123, '+50490511485', 123);
INSERT INTO telefono (idTelefono, numeroTelefono, idPersona) VALUES (124, '+50434409145', 124);
INSERT INTO telefono (idTelefono, numeroTelefono, idPersona) VALUES (125, '+50493191849', 125);
INSERT INTO telefono (idTelefono, numeroTelefono, idPersona) VALUES (126, '+50490903005', 126);
INSERT INTO telefono (idTelefono, numeroTelefono, idPersona) VALUES (127, '+50430703661', 127);
INSERT INTO telefono (idTelefono, numeroTelefono, idPersona) VALUES (128, '+50494228307', 128);
INSERT INTO telefono (idTelefono, numeroTelefono, idPersona) VALUES (129, '+50439211417', 129);
INSERT INTO telefono (idTelefono, numeroTelefono, idPersona) VALUES (130, '+50434098375', 130);
INSERT INTO telefono (idTelefono, numeroTelefono, idPersona) VALUES (131, '+50433734253', 131);
INSERT INTO telefono (idTelefono, numeroTelefono, idPersona) VALUES (132, '+50489208062', 132);
INSERT INTO telefono (idTelefono, numeroTelefono, idPersona) VALUES (133, '+50496719294', 133);
INSERT INTO telefono (idTelefono, numeroTelefono, idPersona) VALUES (134, '+50437741833', 134);
INSERT INTO telefono (idTelefono, numeroTelefono, idPersona) VALUES (135, '+50484165467', 135);
INSERT INTO telefono (idTelefono, numeroTelefono, idPersona) VALUES (136, '+50491822126', 136);
INSERT INTO telefono (idTelefono, numeroTelefono, idPersona) VALUES (137, '+50488907103', 137);
INSERT INTO telefono (idTelefono, numeroTelefono, idPersona) VALUES (138, '+50430079956', 138);
INSERT INTO telefono (idTelefono, numeroTelefono, idPersona) VALUES (139, '+50492103730', 139);
INSERT INTO telefono (idTelefono, numeroTelefono, idPersona) VALUES (140, '+50430207463', 140);
INSERT INTO telefono (idTelefono, numeroTelefono, idPersona) VALUES (141, '+50431331752', 141);
INSERT INTO telefono (idTelefono, numeroTelefono, idPersona) VALUES (142, '+50497790596', 142);
INSERT INTO telefono (idTelefono, numeroTelefono, idPersona) VALUES (143, '+50498639438', 143);
INSERT INTO telefono (idTelefono, numeroTelefono, idPersona) VALUES (144, '+50496873517', 144);
INSERT INTO telefono (idTelefono, numeroTelefono, idPersona) VALUES (145, '+50436145802', 145);
INSERT INTO telefono (idTelefono, numeroTelefono, idPersona) VALUES (146, '+50497658509', 146);
INSERT INTO telefono (idTelefono, numeroTelefono, idPersona) VALUES (147, '+50489186048', 147);
INSERT INTO telefono (idTelefono, numeroTelefono, idPersona) VALUES (148, '+50483654170', 148);
INSERT INTO telefono (idTelefono, numeroTelefono, idPersona) VALUES (149, '+50490244621', 149);
INSERT INTO telefono (idTelefono, numeroTelefono, idPersona) VALUES (150, '+50493382917', 150);
INSERT INTO telefono (idTelefono, numeroTelefono, idPersona) VALUES (151, '+50491527914', 151);
INSERT INTO telefono (idTelefono, numeroTelefono, idPersona) VALUES (152, '+50499427937', 152);
INSERT INTO telefono (idTelefono, numeroTelefono, idPersona) VALUES (153, '+50493323666', 153);
INSERT INTO telefono (idTelefono, numeroTelefono, idPersona) VALUES (154, '+50433842560', 154);
INSERT INTO telefono (idTelefono, numeroTelefono, idPersona) VALUES (155, '+50433560550', 155);
INSERT INTO telefono (idTelefono, numeroTelefono, idPersona) VALUES (156, '+50497909723', 156);
INSERT INTO telefono (idTelefono, numeroTelefono, idPersona) VALUES (157, '+50494635445', 157);
INSERT INTO telefono (idTelefono, numeroTelefono, idPersona) VALUES (158, '+50437802693', 158);
INSERT INTO telefono (idTelefono, numeroTelefono, idPersona) VALUES (159, '+50436464330', 159);
INSERT INTO telefono (idTelefono, numeroTelefono, idPersona) VALUES (160, '+50493562857', 160);
INSERT INTO telefono (idTelefono, numeroTelefono, idPersona) VALUES (161, '+50484352211', 161);
INSERT INTO telefono (idTelefono, numeroTelefono, idPersona) VALUES (162, '+50490194331', 162);
INSERT INTO telefono (idTelefono, numeroTelefono, idPersona) VALUES (163, '+50435234268', 163);
INSERT INTO telefono (idTelefono, numeroTelefono, idPersona) VALUES (164, '+50498898899', 164);
INSERT INTO telefono (idTelefono, numeroTelefono, idPersona) VALUES (165, '+50497814905', 165);
INSERT INTO telefono (idTelefono, numeroTelefono, idPersona) VALUES (166, '+50499310849', 166);
INSERT INTO telefono (idTelefono, numeroTelefono, idPersona) VALUES (167, '+50432882281', 167);
INSERT INTO telefono (idTelefono, numeroTelefono, idPersona) VALUES (168, '+50489179888', 168);
INSERT INTO telefono (idTelefono, numeroTelefono, idPersona) VALUES (169, '+50487642790', 169);
INSERT INTO telefono (idTelefono, numeroTelefono, idPersona) VALUES (170, '+50497336674', 170);
INSERT INTO telefono (idTelefono, numeroTelefono, idPersona) VALUES (171, '+50489717647', 171);
INSERT INTO telefono (idTelefono, numeroTelefono, idPersona) VALUES (172, '+50497131220', 172);
INSERT INTO telefono (idTelefono, numeroTelefono, idPersona) VALUES (173, '+50492805109', 173);
INSERT INTO telefono (idTelefono, numeroTelefono, idPersona) VALUES (174, '+50436495822', 174);
INSERT INTO telefono (idTelefono, numeroTelefono, idPersona) VALUES (175, '+50431208697', 175);
INSERT INTO telefono (idTelefono, numeroTelefono, idPersona) VALUES (176, '+50431056058', 176);
INSERT INTO telefono (idTelefono, numeroTelefono, idPersona) VALUES (177, '+50493779366', 177);
INSERT INTO telefono (idTelefono, numeroTelefono, idPersona) VALUES (178, '+50435184361', 178);
INSERT INTO telefono (idTelefono, numeroTelefono, idPersona) VALUES (179, '+50498469871', 179);
INSERT INTO telefono (idTelefono, numeroTelefono, idPersona) VALUES (180, '+50486273444', 180);
INSERT INTO telefono (idTelefono, numeroTelefono, idPersona) VALUES (181, '+50491404931', 181);
INSERT INTO telefono (idTelefono, numeroTelefono, idPersona) VALUES (182, '+50497839819', 182);
INSERT INTO telefono (idTelefono, numeroTelefono, idPersona) VALUES (183, '+50499788180', 183);
INSERT INTO telefono (idTelefono, numeroTelefono, idPersona) VALUES (184, '+50436939587', 184);
INSERT INTO telefono (idTelefono, numeroTelefono, idPersona) VALUES (185, '+50495132108', 185);
INSERT INTO telefono (idTelefono, numeroTelefono, idPersona) VALUES (186, '+50490420925', 186);
INSERT INTO telefono (idTelefono, numeroTelefono, idPersona) VALUES (187, '+50496128174', 187);
INSERT INTO telefono (idTelefono, numeroTelefono, idPersona) VALUES (188, '+50491472411', 188);
INSERT INTO telefono (idTelefono, numeroTelefono, idPersona) VALUES (189, '+50432891959', 189);
INSERT INTO telefono (idTelefono, numeroTelefono, idPersona) VALUES (190, '+50439340418', 190);
INSERT INTO telefono (idTelefono, numeroTelefono, idPersona) VALUES (191, '+50496070643', 191);
INSERT INTO telefono (idTelefono, numeroTelefono, idPersona) VALUES (192, '+50485820242', 192);
INSERT INTO telefono (idTelefono, numeroTelefono, idPersona) VALUES (193, '+50499467858', 193);
INSERT INTO telefono (idTelefono, numeroTelefono, idPersona) VALUES (194, '+50494737295', 194);
INSERT INTO telefono (idTelefono, numeroTelefono, idPersona) VALUES (195, '+50485061696', 195);
INSERT INTO telefono (idTelefono, numeroTelefono, idPersona) VALUES (196, '+50483603757', 196);
INSERT INTO telefono (idTelefono, numeroTelefono, idPersona) VALUES (197, '+50435367432', 197);
INSERT INTO telefono (idTelefono, numeroTelefono, idPersona) VALUES (198, '+50491554316', 198);
INSERT INTO telefono (idTelefono, numeroTelefono, idPersona) VALUES (199, '+50491130456', 199);
INSERT INTO telefono (idTelefono, numeroTelefono, idPersona) VALUES (200, '+50497879383', 200);


-- -----------------------------------------------------
-- 105 Inserts de tabla Cliente
-- -----------------------------------------------------
INSERT INTO cliente (idCliente, fechaRegistro, estado, idPersona) VALUES (1, '2013-10-09', 'Activo', 96);
INSERT INTO cliente (idCliente, fechaRegistro, estado, idPersona) VALUES (2, '2012-02-20', 'Inactivo', 97);
INSERT INTO cliente (idCliente, fechaRegistro, estado, idPersona) VALUES (3, '2016-04-11', 'Inactivo', 98);
INSERT INTO cliente (idCliente, fechaRegistro, estado, idPersona) VALUES (4, '2017-12-30', 'Inactivo', 99);
INSERT INTO cliente (idCliente, fechaRegistro, estado, idPersona) VALUES (5, '2013-08-17', 'Inactivo', 100);
INSERT INTO cliente (idCliente, fechaRegistro, estado, idPersona) VALUES (6, '2013-11-06', 'Activo', 101);
INSERT INTO cliente (idCliente, fechaRegistro, estado, idPersona) VALUES (7, '2014-08-05', 'Activo', 102);
INSERT INTO cliente (idCliente, fechaRegistro, estado, idPersona) VALUES (8, '2016-09-03', 'Inactivo', 103);
INSERT INTO cliente (idCliente, fechaRegistro, estado, idPersona) VALUES (9, '2014-10-05', 'Inactivo', 104);
INSERT INTO cliente (idCliente, fechaRegistro, estado, idPersona) VALUES (10, '2013-11-14', 'Inactivo', 105);
INSERT INTO cliente (idCliente, fechaRegistro, estado, idPersona) VALUES (11, '2013-04-17', 'Inactivo', 106);
INSERT INTO cliente (idCliente, fechaRegistro, estado, idPersona) VALUES (12, '2013-01-30', 'Inactivo', 107);
INSERT INTO cliente (idCliente, fechaRegistro, estado, idPersona) VALUES (13, '2015-12-21', 'Activo', 108);
INSERT INTO cliente (idCliente, fechaRegistro, estado, idPersona) VALUES (14, '2016-09-30', 'Activo', 109);
INSERT INTO cliente (idCliente, fechaRegistro, estado, idPersona) VALUES (15, '2012-01-06', 'Inactivo', 110);
INSERT INTO cliente (idCliente, fechaRegistro, estado, idPersona) VALUES (16, '2016-12-29', 'Activo', 111);
INSERT INTO cliente (idCliente, fechaRegistro, estado, idPersona) VALUES (17, '2017-02-02', 'Activo', 112);
INSERT INTO cliente (idCliente, fechaRegistro, estado, idPersona) VALUES (18, '2013-11-30', 'Inactivo', 113);
INSERT INTO cliente (idCliente, fechaRegistro, estado, idPersona) VALUES (19, '2015-03-12', 'Inactivo', 114);
INSERT INTO cliente (idCliente, fechaRegistro, estado, idPersona) VALUES (20, '2013-06-05', 'Inactivo', 115);
INSERT INTO cliente (idCliente, fechaRegistro, estado, idPersona) VALUES (21, '2014-12-31', 'Inactivo', 116);
INSERT INTO cliente (idCliente, fechaRegistro, estado, idPersona) VALUES (22, '2016-08-14', 'Activo', 117);
INSERT INTO cliente (idCliente, fechaRegistro, estado, idPersona) VALUES (23, '2012-11-30', 'Inactivo', 118);
INSERT INTO cliente (idCliente, fechaRegistro, estado, idPersona) VALUES (24, '2016-10-11', 'Activo', 119);
INSERT INTO cliente (idCliente, fechaRegistro, estado, idPersona) VALUES (25, '2013-12-29', 'Inactivo', 120);
INSERT INTO cliente (idCliente, fechaRegistro, estado, idPersona) VALUES (26, '2014-01-22', 'Inactivo', 121);
INSERT INTO cliente (idCliente, fechaRegistro, estado, idPersona) VALUES (27, '2016-07-03', 'Inactivo', 122);
INSERT INTO cliente (idCliente, fechaRegistro, estado, idPersona) VALUES (28, '2016-09-30', 'Inactivo', 123);
INSERT INTO cliente (idCliente, fechaRegistro, estado, idPersona) VALUES (29, '2015-10-27', 'Inactivo', 124);
INSERT INTO cliente (idCliente, fechaRegistro, estado, idPersona) VALUES (30, '2016-12-18', 'Inactivo', 125);
INSERT INTO cliente (idCliente, fechaRegistro, estado, idPersona) VALUES (31, '2012-08-12', 'Activo', 126);
INSERT INTO cliente (idCliente, fechaRegistro, estado, idPersona) VALUES (32, '2015-09-02', 'Activo', 127);
INSERT INTO cliente (idCliente, fechaRegistro, estado, idPersona) VALUES (33, '2017-08-20', 'Inactivo', 128);
INSERT INTO cliente (idCliente, fechaRegistro, estado, idPersona) VALUES (34, '2017-06-14', 'Activo', 129);
INSERT INTO cliente (idCliente, fechaRegistro, estado, idPersona) VALUES (35, '2016-05-05', 'Activo', 130);
INSERT INTO cliente (idCliente, fechaRegistro, estado, idPersona) VALUES (36, '2013-07-15', 'Inactivo', 131);
INSERT INTO cliente (idCliente, fechaRegistro, estado, idPersona) VALUES (37, '2017-12-04', 'Inactivo', 132);
INSERT INTO cliente (idCliente, fechaRegistro, estado, idPersona) VALUES (38, '2013-09-28', 'Inactivo', 133);
INSERT INTO cliente (idCliente, fechaRegistro, estado, idPersona) VALUES (39, '2015-09-16', 'Inactivo', 134);
INSERT INTO cliente (idCliente, fechaRegistro, estado, idPersona) VALUES (40, '2012-05-15', 'Activo', 135);
INSERT INTO cliente (idCliente, fechaRegistro, estado, idPersona) VALUES (41, '2017-09-09', 'Activo', 136);
INSERT INTO cliente (idCliente, fechaRegistro, estado, idPersona) VALUES (42, '2012-08-10', 'Activo', 137);
INSERT INTO cliente (idCliente, fechaRegistro, estado, idPersona) VALUES (43, '2014-12-05', 'Activo', 138);
INSERT INTO cliente (idCliente, fechaRegistro, estado, idPersona) VALUES (44, '2015-02-14', 'Activo', 139);
INSERT INTO cliente (idCliente, fechaRegistro, estado, idPersona) VALUES (45, '2017-07-14', 'Inactivo', 140);
INSERT INTO cliente (idCliente, fechaRegistro, estado, idPersona) VALUES (46, '2013-10-15', 'Inactivo', 141);
INSERT INTO cliente (idCliente, fechaRegistro, estado, idPersona) VALUES (47, '2014-08-05', 'Activo', 142);
INSERT INTO cliente (idCliente, fechaRegistro, estado, idPersona) VALUES (48, '2014-11-08', 'Inactivo', 143);
INSERT INTO cliente (idCliente, fechaRegistro, estado, idPersona) VALUES (49, '2014-09-05', 'Inactivo', 144);
INSERT INTO cliente (idCliente, fechaRegistro, estado, idPersona) VALUES (50, '2017-05-19', 'Activo', 145);
INSERT INTO cliente (idCliente, fechaRegistro, estado, idPersona) VALUES (51, '2014-05-07', 'Inactivo', 146);
INSERT INTO cliente (idCliente, fechaRegistro, estado, idPersona) VALUES (52, '2014-06-24', 'Activo', 147);
INSERT INTO cliente (idCliente, fechaRegistro, estado, idPersona) VALUES (53, '2012-03-25', 'Activo', 148);
INSERT INTO cliente (idCliente, fechaRegistro, estado, idPersona) VALUES (54, '2017-10-18', 'Activo', 149);
INSERT INTO cliente (idCliente, fechaRegistro, estado, idPersona) VALUES (55, '2017-04-09', 'Activo', 150);
INSERT INTO cliente (idCliente, fechaRegistro, estado, idPersona) VALUES (56, '2012-10-27', 'Activo', 151);
INSERT INTO cliente (idCliente, fechaRegistro, estado, idPersona) VALUES (57, '2012-06-03', 'Activo', 152);
INSERT INTO cliente (idCliente, fechaRegistro, estado, idPersona) VALUES (58, '2016-02-22', 'Inactivo', 153);
INSERT INTO cliente (idCliente, fechaRegistro, estado, idPersona) VALUES (59, '2014-03-04', 'Activo', 154);
INSERT INTO cliente (idCliente, fechaRegistro, estado, idPersona) VALUES (60, '2015-10-06', 'Activo', 155);
INSERT INTO cliente (idCliente, fechaRegistro, estado, idPersona) VALUES (61, '2016-08-08', 'Activo', 156);
INSERT INTO cliente (idCliente, fechaRegistro, estado, idPersona) VALUES (62, '2012-03-21', 'Inactivo', 157);
INSERT INTO cliente (idCliente, fechaRegistro, estado, idPersona) VALUES (63, '2013-03-27', 'Inactivo', 158);
INSERT INTO cliente (idCliente, fechaRegistro, estado, idPersona) VALUES (64, '2014-10-08', 'Activo', 159);
INSERT INTO cliente (idCliente, fechaRegistro, estado, idPersona) VALUES (65, '2013-01-13', 'Activo', 160);
INSERT INTO cliente (idCliente, fechaRegistro, estado, idPersona) VALUES (66, '2017-03-11', 'Activo', 161);
INSERT INTO cliente (idCliente, fechaRegistro, estado, idPersona) VALUES (67, '2014-10-26', 'Inactivo', 162);
INSERT INTO cliente (idCliente, fechaRegistro, estado, idPersona) VALUES (68, '2017-08-16', 'Activo', 163);
INSERT INTO cliente (idCliente, fechaRegistro, estado, idPersona) VALUES (69, '2015-04-17', 'Inactivo', 164);
INSERT INTO cliente (idCliente, fechaRegistro, estado, idPersona) VALUES (70, '2015-05-26', 'Inactivo', 165);
INSERT INTO cliente (idCliente, fechaRegistro, estado, idPersona) VALUES (71, '2017-07-04', 'Inactivo', 166);
INSERT INTO cliente (idCliente, fechaRegistro, estado, idPersona) VALUES (72, '2014-03-28', 'Inactivo', 167);
INSERT INTO cliente (idCliente, fechaRegistro, estado, idPersona) VALUES (73, '2016-04-21', 'Activo', 168);
INSERT INTO cliente (idCliente, fechaRegistro, estado, idPersona) VALUES (74, '2017-08-06', 'Activo', 169);
INSERT INTO cliente (idCliente, fechaRegistro, estado, idPersona) VALUES (75, '2014-03-22', 'Inactivo', 170);
INSERT INTO cliente (idCliente, fechaRegistro, estado, idPersona) VALUES (76, '2016-11-07', 'Inactivo', 171);
INSERT INTO cliente (idCliente, fechaRegistro, estado, idPersona) VALUES (77, '2012-01-21', 'Inactivo', 172);
INSERT INTO cliente (idCliente, fechaRegistro, estado, idPersona) VALUES (78, '2012-06-10', 'Activo', 173);
INSERT INTO cliente (idCliente, fechaRegistro, estado, idPersona) VALUES (79, '2017-03-13', 'Inactivo', 174);
INSERT INTO cliente (idCliente, fechaRegistro, estado, idPersona) VALUES (80, '2014-09-08', 'Activo', 175);
INSERT INTO cliente (idCliente, fechaRegistro, estado, idPersona) VALUES (81, '2013-12-16', 'Inactivo', 176);
INSERT INTO cliente (idCliente, fechaRegistro, estado, idPersona) VALUES (82, '2014-12-16', 'Activo', 177);
INSERT INTO cliente (idCliente, fechaRegistro, estado, idPersona) VALUES (83, '2017-07-23', 'Inactivo', 178);
INSERT INTO cliente (idCliente, fechaRegistro, estado, idPersona) VALUES (84, '2016-04-16', 'Activo', 179);
INSERT INTO cliente (idCliente, fechaRegistro, estado, idPersona) VALUES (85, '2016-06-28', 'Activo', 180);
INSERT INTO cliente (idCliente, fechaRegistro, estado, idPersona) VALUES (86, '2016-03-30', 'Activo', 181);
INSERT INTO cliente (idCliente, fechaRegistro, estado, idPersona) VALUES (87, '2017-03-15', 'Activo', 182);
INSERT INTO cliente (idCliente, fechaRegistro, estado, idPersona) VALUES (88, '2017-07-09', 'Inactivo', 183);
INSERT INTO cliente (idCliente, fechaRegistro, estado, idPersona) VALUES (89, '2013-12-29', 'Activo', 184);
INSERT INTO cliente (idCliente, fechaRegistro, estado, idPersona) VALUES (90, '2014-02-17', 'Activo', 185);
INSERT INTO cliente (idCliente, fechaRegistro, estado, idPersona) VALUES (91, '2014-01-04', 'Inactivo', 186);
INSERT INTO cliente (idCliente, fechaRegistro, estado, idPersona) VALUES (92, '2017-01-12', 'Activo', 187);
INSERT INTO cliente (idCliente, fechaRegistro, estado, idPersona) VALUES (93, '2014-06-19', 'Inactivo', 188);
INSERT INTO cliente (idCliente, fechaRegistro, estado, idPersona) VALUES (94, '2015-01-26', 'Activo', 189);
INSERT INTO cliente (idCliente, fechaRegistro, estado, idPersona) VALUES (95, '2014-10-13', 'Inactivo', 190);
INSERT INTO cliente (idCliente, fechaRegistro, estado, idPersona) VALUES (96, '2017-05-31', 'Activo', 191);
INSERT INTO cliente (idCliente, fechaRegistro, estado, idPersona) VALUES (97, '2016-07-27', 'Inactivo', 192);
INSERT INTO cliente (idCliente, fechaRegistro, estado, idPersona) VALUES (98, '2013-03-24', 'Inactivo', 193);
INSERT INTO cliente (idCliente, fechaRegistro, estado, idPersona) VALUES (99, '2013-06-13', 'Inactivo', 194);
INSERT INTO cliente (idCliente, fechaRegistro, estado, idPersona) VALUES (100, '2012-01-02', 'Inactivo', 195);
INSERT INTO cliente (idCliente, fechaRegistro, estado, idPersona) VALUES (101, '2017-08-26', 'Activo', 196);
INSERT INTO cliente (idCliente, fechaRegistro, estado, idPersona) VALUES (102, '2013-03-09', 'Activo', 197);
INSERT INTO cliente (idCliente, fechaRegistro, estado, idPersona) VALUES (103, '2017-02-15', 'Activo', 198);
INSERT INTO cliente (idCliente, fechaRegistro, estado, idPersona) VALUES (104, '2016-02-17', 'Activo', 199);
INSERT INTO cliente (idCliente, fechaRegistro, estado, idPersona) VALUES (105, '2014-05-08', 'Inactivo', 200);


