-- -----------------------------------------------------
-- 200 Inserts de tabla Persona
-- -----------------------------------------------------
INSERT INTO persona (idPersona, primerNombre, segundoNombre, primerApellido, segundoApellido, email, password, genero, direccion, fechaNacimiento, imagenIdentificacion) VALUES (1, 'Atalanta', 'Timothea', 'Skellern', 'Huortic', 'Atalanta_Skellern2@unah.hn', '1c7a92ae351d4e21ebdfb897508f59d6', 'F', '99282 Saint Paul Pass', '1988-10-12', 'https://robohash.org/nonfugaautem.jpg?size=50x50&set=set1');
INSERT INTO persona (idPersona, primerNombre, segundoNombre, primerApellido, segundoApellido, email, password, genero, direccion, fechaNacimiento, imagenIdentificacion) VALUES (2, 'Adrien', 'Gary', 'Jaze', 'Weinmann', 'Adrien.Jaze4@unah.hn', 'd8578edf8458ce06fbc5bb76a58c5ca4', 'M', '36 Fremont Avenue', '1947-05-15', 'https://robohash.org/etnullanon.jpg?size=50x50&set=set1');
INSERT INTO persona (idPersona, primerNombre, segundoNombre, primerApellido, segundoApellido, email, password, genero, direccion, fechaNacimiento, imagenIdentificacion) VALUES (3, 'Hube', 'Pepillo', 'Kupka', 'Baggallay', 'Hube_Kupka@live.com', 'e10adc3949ba59abbe56e057f20f883e', 'M', '6524 Helena Way', '1964-07-30', 'https://robohash.org/essenobisarchitecto.jpg?size=50x50&set=set1');
INSERT INTO persona (idPersona, primerNombre, segundoNombre, primerApellido, segundoApellido, email, password, genero, direccion, fechaNacimiento, imagenIdentificacion) VALUES (4, 'Ingunna', 'Frederique', 'Blasi', 'Veschambes', 'Ingunna.Blasi66@yahoo.com', 'd8578edf8458ce06fbc5bb76a58c5ca4', 'F', '097 Mendota Trail', '1949-05-12', 'https://robohash.org/sedindelectus.jpg?size=50x50&set=set1');
INSERT INTO persona (idPersona, primerNombre, segundoNombre, primerApellido, segundoApellido, email, password, genero, direccion, fechaNacimiento, imagenIdentificacion) VALUES (5, 'Orbadiah', 'Averell', 'Killby', 'Naulls', 'Orbadiah.Killby0@unah.hn', '03c345ae8bd4c13f4eb2eb6dde0a92e0', 'M', '0625 Buhler Court', '1998-08-28', 'https://robohash.org/sedmaximeaut.jpg?size=50x50&set=set1');
INSERT INTO persona (idPersona, primerNombre, segundoNombre, primerApellido, segundoApellido, email, password, genero, direccion, fechaNacimiento, imagenIdentificacion) VALUES (6, 'Joela', 'Max', 'Stanners', 'Episcopi', 'Joela.Stanners@yahoo.com', 'e10adc3949ba59abbe56e057f20f883e', 'F', '7542 Thackeray Drive', '1949-12-19', 'https://robohash.org/placeatvoluptatemsimilique.jpg?size=50x50&set=set1');
INSERT INTO persona (idPersona, primerNombre, segundoNombre, primerApellido, segundoApellido, email, password, genero, direccion, fechaNacimiento, imagenIdentificacion) VALUES (7, 'Waldon', 'Vasilis', 'O''Howbane', 'Leel', 'Waldon.O''Howbane@live.com', 'd8578edf8458ce06fbc5bb76a58c5ca4', 'M', '49887 Carpenter Lane', '1938-03-19', 'https://robohash.org/etaccusantiummagnam.jpg?size=50x50&set=set1');
INSERT INTO persona (idPersona, primerNombre, segundoNombre, primerApellido, segundoApellido, email, password, genero, direccion, fechaNacimiento, imagenIdentificacion) VALUES (8, 'Adeline', 'Jackquelin', 'Franzen', 'Sussex', 'Adeline.Franzen5@live.com', '5f4dcc3b5aa765d61d8327deb882cf99', 'F', '628 Ilene Parkway', '1936-03-08', 'https://robohash.org/sedconsequaturnecessitatibus.jpg?size=50x50&set=set1');
INSERT INTO persona (idPersona, primerNombre, segundoNombre, primerApellido, segundoApellido, email, password, genero, direccion, fechaNacimiento, imagenIdentificacion) VALUES (9, 'Aila', 'Rebekah', 'Marrison', 'Sedgman', 'Aila_Marrison83@live.com', 'd8578edf8458ce06fbc5bb76a58c5ca4', 'F', '07 Goodland Terrace', '1958-01-09', 'https://robohash.org/consequaturdelectuspraesentium.jpg?size=50x50&set=set1');
INSERT INTO persona (idPersona, primerNombre, segundoNombre, primerApellido, segundoApellido, email, password, genero, direccion, fechaNacimiento, imagenIdentificacion) VALUES (10, 'Alix', 'Ogdon', 'Robbs', 'Luciano', 'Alix_Robbs2@gmail.com', 'd8578edf8458ce06fbc5bb76a58c5ca4', 'M', '1092 Knutson Terrace', '1951-05-12', 'https://robohash.org/fugasimiliquevoluptas.jpg?size=50x50&set=set1');
INSERT INTO persona (idPersona, primerNombre, segundoNombre, primerApellido, segundoApellido, email, password, genero, direccion, fechaNacimiento, imagenIdentificacion) VALUES (11, 'Turner', 'Hugibert', 'Tongs', 'Hourahan', 'Turner_Tongs33@unah.hn', 'e10adc3949ba59abbe56e057f20f883e', 'M', '171 Hallows Plaza', '2007-08-04', 'https://robohash.org/nemotemporaperspiciatis.jpg?size=50x50&set=set1');
INSERT INTO persona (idPersona, primerNombre, segundoNombre, primerApellido, segundoApellido, email, password, genero, direccion, fechaNacimiento, imagenIdentificacion) VALUES (12, 'Fanya', 'Candis', 'Tidder', 'Fierman', 'Fanya.Tidder9@live.com', 'd8578edf8458ce06fbc5bb76a58c5ca4', 'F', '14311 Center Trail', '1996-08-30', 'https://robohash.org/mollitiatotamillum.jpg?size=50x50&set=set1');
INSERT INTO persona (idPersona, primerNombre, segundoNombre, primerApellido, segundoApellido, email, password, genero, direccion, fechaNacimiento, imagenIdentificacion) VALUES (13, 'Winthrop', 'Wittie', 'Sturgeon', 'Brosoli', 'Winthrop_Sturgeon@live.com', 'e10adc3949ba59abbe56e057f20f883e', 'M', '498 North Circle', '1939-05-11', 'https://robohash.org/ducimusaliquidiusto.jpg?size=50x50&set=set1');
INSERT INTO persona (idPersona, primerNombre, segundoNombre, primerApellido, segundoApellido, email, password, genero, direccion, fechaNacimiento, imagenIdentificacion) VALUES (14, 'Caddric', 'Jarad', 'Trahearn', 'Linford', 'Caddric_Trahearn@unah.hn', '1c7a92ae351d4e21ebdfb897508f59d6', 'M', '8 Service Park', '1966-05-05', 'https://robohash.org/laboriosaminconsequatur.jpg?size=50x50&set=set1');
INSERT INTO persona (idPersona, primerNombre, segundoNombre, primerApellido, segundoApellido, email, password, genero, direccion, fechaNacimiento, imagenIdentificacion) VALUES (15, 'Ferdinand', 'Ty', 'Wenger', 'Edgeller', 'Ferdinand_Wenger4@unah.hn', 'd8578edf8458ce06fbc5bb76a58c5ca4', 'M', '2 Forster Trail', '1971-03-12', 'https://robohash.org/voluptasnatusdicta.jpg?size=50x50&set=set1');
INSERT INTO persona (idPersona, primerNombre, segundoNombre, primerApellido, segundoApellido, email, password, genero, direccion, fechaNacimiento, imagenIdentificacion) VALUES (16, 'Adrian', 'Laurent', 'Tuley', 'Kerwick', 'Adrian.Tuley1@live.com', 'e10adc3949ba59abbe56e057f20f883e', 'M', '7933 Division Plaza', '1956-08-06', 'https://robohash.org/utconsequunturnostrum.jpg?size=50x50&set=set1');
INSERT INTO persona (idPersona, primerNombre, segundoNombre, primerApellido, segundoApellido, email, password, genero, direccion, fechaNacimiento, imagenIdentificacion) VALUES (17, 'Mitch', 'Cullan', 'Handasyde', 'Aplin', 'Mitch_Handasyde48@live.com', '5f4dcc3b5aa765d61d8327deb882cf99', 'M', '3731 American Circle', '1982-10-03', 'https://robohash.org/quasivitaeaut.jpg?size=50x50&set=set1');
INSERT INTO persona (idPersona, primerNombre, segundoNombre, primerApellido, segundoApellido, email, password, genero, direccion, fechaNacimiento, imagenIdentificacion) VALUES (18, 'Renato', 'Prescott', 'Heinig', 'Brownsea', 'Renato_Heinig@live.com', 'e10adc3949ba59abbe56e057f20f883e', 'M', '5 Maple Wood Street', '2011-01-20', 'https://robohash.org/easedlabore.jpg?size=50x50&set=set1');
INSERT INTO persona (idPersona, primerNombre, segundoNombre, primerApellido, segundoApellido, email, password, genero, direccion, fechaNacimiento, imagenIdentificacion) VALUES (19, 'Husain', 'Laurence', 'Elcox', 'Towersey', 'Husain_Elcox@yahoo.com', 'd8578edf8458ce06fbc5bb76a58c5ca4', 'M', '84784 Armistice Park', '2003-03-14', 'https://robohash.org/sedvoluptateex.jpg?size=50x50&set=set1');
INSERT INTO persona (idPersona, primerNombre, segundoNombre, primerApellido, segundoApellido, email, password, genero, direccion, fechaNacimiento, imagenIdentificacion) VALUES (20, 'Barri', 'Fidel', 'Osipenko', 'Eyeington', 'Barri.Osipenko@unah.hn', '1c7a92ae351d4e21ebdfb897508f59d6', 'M', '68460 Cherokee Circle', '1981-10-27', 'https://robohash.org/sintpariaturtempore.jpg?size=50x50&set=set1');
INSERT INTO persona (idPersona, primerNombre, segundoNombre, primerApellido, segundoApellido, email, password, genero, direccion, fechaNacimiento, imagenIdentificacion) VALUES (21, 'Agnola', 'Yovonnda', 'Brookwood', 'Anders', 'Agnola.Brookwood15@unah.hn', 'd8578edf8458ce06fbc5bb76a58c5ca4', 'F', '6 Hayes Parkway', '1955-12-23', 'https://robohash.org/doloradipiscidolore.jpg?size=50x50&set=set1');
INSERT INTO persona (idPersona, primerNombre, segundoNombre, primerApellido, segundoApellido, email, password, genero, direccion, fechaNacimiento, imagenIdentificacion) VALUES (22, 'Simeon', 'Charlton', 'Ferrieres', 'Hebborn', 'Simeon_Ferrieres9@gmail.com', 'd8578edf8458ce06fbc5bb76a58c5ca4', 'M', '24 Daystar Drive', '1950-07-21', 'https://robohash.org/eumautut.jpg?size=50x50&set=set1');
INSERT INTO persona (idPersona, primerNombre, segundoNombre, primerApellido, segundoApellido, email, password, genero, direccion, fechaNacimiento, imagenIdentificacion) VALUES (23, 'Gianni', 'Rollie', 'Webland', 'Aireton', 'Gianni_Webland@unah.hn', '03c345ae8bd4c13f4eb2eb6dde0a92e0', 'M', '69 Elgar Hill', '1982-01-08', 'https://robohash.org/quoaccusantiumquae.jpg?size=50x50&set=set1');
INSERT INTO persona (idPersona, primerNombre, segundoNombre, primerApellido, segundoApellido, email, password, genero, direccion, fechaNacimiento, imagenIdentificacion) VALUES (24, 'Cris', 'Penelope', 'Choulerton', 'Alsford', 'Cris_Choulerton30@unah.hn', '3350f6fad3335484f5cf293f739973a1', 'F', '10733 Helena Place', '1962-02-10', 'https://robohash.org/rerumrationeet.jpg?size=50x50&set=set1');
INSERT INTO persona (idPersona, primerNombre, segundoNombre, primerApellido, segundoApellido, email, password, genero, direccion, fechaNacimiento, imagenIdentificacion) VALUES (25, 'Belva', 'Aura', 'Daburn', 'Welch', 'Belva_Daburn8@unah.hn', '1c7a92ae351d4e21ebdfb897508f59d6', 'F', '800 Helena Parkway', '1947-06-05', 'https://robohash.org/placeatsintfugiat.jpg?size=50x50&set=set1');
INSERT INTO persona (idPersona, primerNombre, segundoNombre, primerApellido, segundoApellido, email, password, genero, direccion, fechaNacimiento, imagenIdentificacion) VALUES (26, 'Darb', 'Ewart', 'Scarlan', 'Knock', 'Darb_Scarlan@unah.hn', 'e10adc3949ba59abbe56e057f20f883e', 'M', '2315 Linden Junction', '1930-05-15', 'https://robohash.org/illonobisconsequatur.jpg?size=50x50&set=set1');
INSERT INTO persona (idPersona, primerNombre, segundoNombre, primerApellido, segundoApellido, email, password, genero, direccion, fechaNacimiento, imagenIdentificacion) VALUES (27, 'Gretchen', 'Ardenia', 'Mearing', 'Worral', 'Gretchen_Mearing@gmail.com', '5f4dcc3b5aa765d61d8327deb882cf99', 'F', '8157 Division Crossing', '1935-05-29', 'https://robohash.org/apraesentiummagnam.jpg?size=50x50&set=set1');
INSERT INTO persona (idPersona, primerNombre, segundoNombre, primerApellido, segundoApellido, email, password, genero, direccion, fechaNacimiento, imagenIdentificacion) VALUES (28, 'Domenic', 'Cobbie', 'Rallinshaw', 'Doodson', 'Domenic.Rallinshaw@unah.hn', '1c7a92ae351d4e21ebdfb897508f59d6', 'M', '1 Colorado Center', '1935-09-16', 'https://robohash.org/quiaperferendiset.jpg?size=50x50&set=set1');
INSERT INTO persona (idPersona, primerNombre, segundoNombre, primerApellido, segundoApellido, email, password, genero, direccion, fechaNacimiento, imagenIdentificacion) VALUES (29, 'Emiline', 'Lissy', 'Shurmore', 'Lingfoot', 'Emiline.Shurmore20@unah.hn', '5f4dcc3b5aa765d61d8327deb882cf99', 'F', '1 Hoard Park', '1955-03-12', 'https://robohash.org/distinctiovoluptatemaut.jpg?size=50x50&set=set1');
INSERT INTO persona (idPersona, primerNombre, segundoNombre, primerApellido, segundoApellido, email, password, genero, direccion, fechaNacimiento, imagenIdentificacion) VALUES (30, 'Court', 'Oliver', 'Sambeck', 'Giacomucci', 'Court.Sambeck77@yahoo.com', '03c345ae8bd4c13f4eb2eb6dde0a92e0', 'M', '373 Carioca Park', '1969-12-25', 'https://robohash.org/fugittemporeest.jpg?size=50x50&set=set1');
INSERT INTO persona (idPersona, primerNombre, segundoNombre, primerApellido, segundoApellido, email, password, genero, direccion, fechaNacimiento, imagenIdentificacion) VALUES (31, 'Joli', 'Etti', 'Leiden', 'Van Waadenburg', 'Joli.Leiden@unah.hn', '3350f6fad3335484f5cf293f739973a1', 'F', '5203 Bunting Hill', '1932-06-30', 'https://robohash.org/explicabodoloremqueimpedit.jpg?size=50x50&set=set1');
INSERT INTO persona (idPersona, primerNombre, segundoNombre, primerApellido, segundoApellido, email, password, genero, direccion, fechaNacimiento, imagenIdentificacion) VALUES (32, 'Lainey', 'Nancy', 'Dudman', 'Crankshaw', 'Lainey_Dudman98@unah.hn', '03c345ae8bd4c13f4eb2eb6dde0a92e0', 'F', '32682 Miller Parkway', '1959-08-24', 'https://robohash.org/dolorsaepevoluptas.jpg?size=50x50&set=set1');
INSERT INTO persona (idPersona, primerNombre, segundoNombre, primerApellido, segundoApellido, email, password, genero, direccion, fechaNacimiento, imagenIdentificacion) VALUES (33, 'Towney', 'Wilton', 'Imbrey', 'Cockle', 'Towney_Imbrey44@unah.hn', 'd8578edf8458ce06fbc5bb76a58c5ca4', 'M', '33260 Mcguire Parkway', '1943-08-18', 'https://robohash.org/eligendiveniamaut.jpg?size=50x50&set=set1');
INSERT INTO persona (idPersona, primerNombre, segundoNombre, primerApellido, segundoApellido, email, password, genero, direccion, fechaNacimiento, imagenIdentificacion) VALUES (34, 'Wyatan', 'Emanuel', 'Marconi', 'Ruddiforth', 'Wyatan_Marconi@live.com', '3350f6fad3335484f5cf293f739973a1', 'M', '28682 Towne Crossing', '1957-12-25', 'https://robohash.org/illoquiacommodi.jpg?size=50x50&set=set1');
INSERT INTO persona (idPersona, primerNombre, segundoNombre, primerApellido, segundoApellido, email, password, genero, direccion, fechaNacimiento, imagenIdentificacion) VALUES (35, 'Noelle', 'Arabele', 'Loomes', 'Clemo', 'Noelle.Loomes2@gmail.com', '03c345ae8bd4c13f4eb2eb6dde0a92e0', 'F', '3163 Briar Crest Parkway', '2000-06-19', 'https://robohash.org/necessitatibuscumquedeserunt.jpg?size=50x50&set=set1');
INSERT INTO persona (idPersona, primerNombre, segundoNombre, primerApellido, segundoApellido, email, password, genero, direccion, fechaNacimiento, imagenIdentificacion) VALUES (36, 'Prentiss', 'Elias', 'Mountjoy', 'Bernaciak', 'Prentiss.Mountjoy7@live.com', 'd8578edf8458ce06fbc5bb76a58c5ca4', 'M', '708 Tomscot Point', '1936-10-18', 'https://robohash.org/quoddelenitiad.jpg?size=50x50&set=set1');
INSERT INTO persona (idPersona, primerNombre, segundoNombre, primerApellido, segundoApellido, email, password, genero, direccion, fechaNacimiento, imagenIdentificacion) VALUES (37, 'Carl', 'Patrick', 'Sanpher', 'Lattin', 'Carl_Sanpher3@yahoo.com', '03c345ae8bd4c13f4eb2eb6dde0a92e0', 'M', '62 Sunfield Crossing', '1942-05-15', 'https://robohash.org/temporedignissimosipsum.jpg?size=50x50&set=set1');
INSERT INTO persona (idPersona, primerNombre, segundoNombre, primerApellido, segundoApellido, email, password, genero, direccion, fechaNacimiento, imagenIdentificacion) VALUES (38, 'Kayne', 'Natty', 'Bowry', 'Waldrum', 'Kayne_Bowry0@unah.hn', '5f4dcc3b5aa765d61d8327deb882cf99', 'M', '855 Warrior Terrace', '1976-02-26', 'https://robohash.org/rerumsuscipitet.jpg?size=50x50&set=set1');
INSERT INTO persona (idPersona, primerNombre, segundoNombre, primerApellido, segundoApellido, email, password, genero, direccion, fechaNacimiento, imagenIdentificacion) VALUES (39, 'Timmie', 'Margaret', 'Blakey', 'Burdon', 'Timmie_Blakey31@unah.hn', '5f4dcc3b5aa765d61d8327deb882cf99', 'F', '6658 Shoshone Alley', '2006-04-05', 'https://robohash.org/atlaboriosamofficiis.jpg?size=50x50&set=set1');
INSERT INTO persona (idPersona, primerNombre, segundoNombre, primerApellido, segundoApellido, email, password, genero, direccion, fechaNacimiento, imagenIdentificacion) VALUES (40, 'Creight', 'Silvanus', 'Savary', 'Thieme', 'Creight_Savary@unah.hn', '1c7a92ae351d4e21ebdfb897508f59d6', 'M', '9636 Becker Avenue', '1990-11-01', 'https://robohash.org/etsequiassumenda.jpg?size=50x50&set=set1');
INSERT INTO persona (idPersona, primerNombre, segundoNombre, primerApellido, segundoApellido, email, password, genero, direccion, fechaNacimiento, imagenIdentificacion) VALUES (41, 'Travis', 'Bartholomew', 'Steffan', 'Conant', 'Travis.Steffan@live.com', '03c345ae8bd4c13f4eb2eb6dde0a92e0', 'M', '7409 Reindahl Drive', '1938-02-24', 'https://robohash.org/eiusexpeditavelit.jpg?size=50x50&set=set1');
INSERT INTO persona (idPersona, primerNombre, segundoNombre, primerApellido, segundoApellido, email, password, genero, direccion, fechaNacimiento, imagenIdentificacion) VALUES (42, 'Oralia', 'Mandy', 'Smeall', 'Errichi', 'Oralia_Smeall1@live.com', '5f4dcc3b5aa765d61d8327deb882cf99', 'F', '08784 Spohn Trail', '1947-10-23', 'https://robohash.org/maioresvoluptassit.jpg?size=50x50&set=set1');
INSERT INTO persona (idPersona, primerNombre, segundoNombre, primerApellido, segundoApellido, email, password, genero, direccion, fechaNacimiento, imagenIdentificacion) VALUES (43, 'Luciano', 'Buddie', 'Burkhill', 'Dillingston', 'Luciano_Burkhill7@unah.hn', 'e10adc3949ba59abbe56e057f20f883e', 'M', '686 Linden Parkway', '1930-10-25', 'https://robohash.org/esseautemdeserunt.jpg?size=50x50&set=set1');
INSERT INTO persona (idPersona, primerNombre, segundoNombre, primerApellido, segundoApellido, email, password, genero, direccion, fechaNacimiento, imagenIdentificacion) VALUES (44, 'Bibi', 'Grayce', 'Strute', 'Bockmaster', 'Bibi_Strute75@unah.hn', '03c345ae8bd4c13f4eb2eb6dde0a92e0', 'F', '68 Fairview Lane', '1939-08-04', 'https://robohash.org/laboriosameligendirepudiandae.jpg?size=50x50&set=set1');
INSERT INTO persona (idPersona, primerNombre, segundoNombre, primerApellido, segundoApellido, email, password, genero, direccion, fechaNacimiento, imagenIdentificacion) VALUES (45, 'Omar', 'Isaiah', 'McLevie', 'Ivanisov', 'Omar_McLevie2@unah.hn', 'e10adc3949ba59abbe56e057f20f883e', 'M', '041 Meadow Valley Plaza', '1946-02-08', 'https://robohash.org/impeditvoluptatemquo.jpg?size=50x50&set=set1');
INSERT INTO persona (idPersona, primerNombre, segundoNombre, primerApellido, segundoApellido, email, password, genero, direccion, fechaNacimiento, imagenIdentificacion) VALUES (46, 'Alexina', 'Raina', 'Hallede', 'Donovin', 'Alexina_Hallede@live.com', '1c7a92ae351d4e21ebdfb897508f59d6', 'F', '3179 Melrose Terrace', '1974-03-21', 'https://robohash.org/nihilrecusandaedolorum.jpg?size=50x50&set=set1');
INSERT INTO persona (idPersona, primerNombre, segundoNombre, primerApellido, segundoApellido, email, password, genero, direccion, fechaNacimiento, imagenIdentificacion) VALUES (47, 'Wayland', 'Avery', 'Hanscome', 'Bubbear', 'Wayland_Hanscome5@yahoo.com', '03c345ae8bd4c13f4eb2eb6dde0a92e0', 'M', '58272 Blackbird Pass', '1941-07-05', 'https://robohash.org/fugitsimiliqueexplicabo.jpg?size=50x50&set=set1');
INSERT INTO persona (idPersona, primerNombre, segundoNombre, primerApellido, segundoApellido, email, password, genero, direccion, fechaNacimiento, imagenIdentificacion) VALUES (48, 'Ulrich', 'Dan', 'Rosel', 'Vanyarkin', 'Ulrich_Rosel@live.com', '5f4dcc3b5aa765d61d8327deb882cf99', 'M', '7098 Spohn Terrace', '1971-08-14', 'https://robohash.org/voluptatesuscipitducimus.jpg?size=50x50&set=set1');
INSERT INTO persona (idPersona, primerNombre, segundoNombre, primerApellido, segundoApellido, email, password, genero, direccion, fechaNacimiento, imagenIdentificacion) VALUES (49, 'Meriel', 'Darsie', 'Ick', 'Marieton', 'Meriel.Ick7@unah.hn', '5f4dcc3b5aa765d61d8327deb882cf99', 'F', '79 Green Place', '1955-07-14', 'https://robohash.org/enimvelofficiis.jpg?size=50x50&set=set1');
INSERT INTO persona (idPersona, primerNombre, segundoNombre, primerApellido, segundoApellido, email, password, genero, direccion, fechaNacimiento, imagenIdentificacion) VALUES (50, 'Raf', 'Joby', 'Henricsson', 'Rubartelli', 'Raf_Henricsson35@live.com', 'd8578edf8458ce06fbc5bb76a58c5ca4', 'F', '90 Morningstar Trail', '1949-08-06', 'https://robohash.org/odioarchitectoullam.jpg?size=50x50&set=set1');
INSERT INTO persona (idPersona, primerNombre, segundoNombre, primerApellido, segundoApellido, email, password, genero, direccion, fechaNacimiento, imagenIdentificacion) VALUES (51, 'Lavinia', 'Ainslie', 'Fried', 'Babst', 'Lavinia.Fried59@unah.hn', '1c7a92ae351d4e21ebdfb897508f59d6', 'F', '92 Myrtle Hill', '1953-07-04', 'https://robohash.org/estesteum.jpg?size=50x50&set=set1');
INSERT INTO persona (idPersona, primerNombre, segundoNombre, primerApellido, segundoApellido, email, password, genero, direccion, fechaNacimiento, imagenIdentificacion) VALUES (52, 'Rand', 'Ellerey', 'Ibeson', 'Tutchener', 'Rand.Ibeson5@unah.hn', 'e10adc3949ba59abbe56e057f20f883e', 'M', '95 Hintze Way', '2011-04-20', 'https://robohash.org/velittemporibusvoluptas.jpg?size=50x50&set=set1');
INSERT INTO persona (idPersona, primerNombre, segundoNombre, primerApellido, segundoApellido, email, password, genero, direccion, fechaNacimiento, imagenIdentificacion) VALUES (53, 'Terri-jo', 'Leeanne', 'Pinnijar', 'Gianulli', 'Terri-jo.Pinnijar@live.com', '03c345ae8bd4c13f4eb2eb6dde0a92e0', 'F', '4 Havey Avenue', '1987-09-07', 'https://robohash.org/eaqueofficiisnemo.jpg?size=50x50&set=set1');
INSERT INTO persona (idPersona, primerNombre, segundoNombre, primerApellido, segundoApellido, email, password, genero, direccion, fechaNacimiento, imagenIdentificacion) VALUES (54, 'Osborne', 'Cecilio', 'Matitiaho', 'Tansill', 'Osborne_Matitiaho7@unah.hn', '3350f6fad3335484f5cf293f739973a1', 'M', '81 Carioca Crossing', '1993-07-13', 'https://robohash.org/iustomagnammolestiae.jpg?size=50x50&set=set1');
INSERT INTO persona (idPersona, primerNombre, segundoNombre, primerApellido, segundoApellido, email, password, genero, direccion, fechaNacimiento, imagenIdentificacion) VALUES (55, 'Axe', 'Toddy', 'Dowrey', 'Whorlton', 'Axe_Dowrey@live.com', 'd8578edf8458ce06fbc5bb76a58c5ca4', 'M', '1259 Sherman Street', '1960-10-13', 'https://robohash.org/quoeumplaceat.jpg?size=50x50&set=set1');
INSERT INTO persona (idPersona, primerNombre, segundoNombre, primerApellido, segundoApellido, email, password, genero, direccion, fechaNacimiento, imagenIdentificacion) VALUES (56, 'Charis', 'Demeter', 'Van Halen', 'Kenningley', 'Charis_Van Halen95@unah.hn', '5f4dcc3b5aa765d61d8327deb882cf99', 'F', '4 Linden Center', '1974-08-23', 'https://robohash.org/quiasperioresrerum.jpg?size=50x50&set=set1');
INSERT INTO persona (idPersona, primerNombre, segundoNombre, primerApellido, segundoApellido, email, password, genero, direccion, fechaNacimiento, imagenIdentificacion) VALUES (57, 'Paolina', 'Adelaida', 'Danilevich', 'Freke', 'Paolina_Danilevich@yahoo.com', '3350f6fad3335484f5cf293f739973a1', 'F', '4 Warbler Pass', '1968-06-09', 'https://robohash.org/repudiandaeessequos.jpg?size=50x50&set=set1');
INSERT INTO persona (idPersona, primerNombre, segundoNombre, primerApellido, segundoApellido, email, password, genero, direccion, fechaNacimiento, imagenIdentificacion) VALUES (58, 'Aloysius', 'Neils', 'Guiraud', 'Blundan', 'Aloysius.Guiraud@unah.hn', '5f4dcc3b5aa765d61d8327deb882cf99', 'M', '3 Sunbrook Trail', '2011-03-23', 'https://robohash.org/nihilrepellendusratione.jpg?size=50x50&set=set1');
INSERT INTO persona (idPersona, primerNombre, segundoNombre, primerApellido, segundoApellido, email, password, genero, direccion, fechaNacimiento, imagenIdentificacion) VALUES (59, 'Keefe', 'Kingsly', 'Dana', 'Bingall', 'Keefe.Dana5@live.com', 'd8578edf8458ce06fbc5bb76a58c5ca4', 'M', '3928 Green Drive', '1998-10-26', 'https://robohash.org/iureatotam.jpg?size=50x50&set=set1');
INSERT INTO persona (idPersona, primerNombre, segundoNombre, primerApellido, segundoApellido, email, password, genero, direccion, fechaNacimiento, imagenIdentificacion) VALUES (60, 'Rosco', 'Rudolfo', 'Bridgman', 'Arzu', 'Rosco_Bridgman9@yahoo.com', 'd8578edf8458ce06fbc5bb76a58c5ca4', 'M', '53 Clyde Gallagher Lane', '1998-08-29', 'https://robohash.org/voluptatumquiaest.jpg?size=50x50&set=set1');
INSERT INTO persona (idPersona, primerNombre, segundoNombre, primerApellido, segundoApellido, email, password, genero, direccion, fechaNacimiento, imagenIdentificacion) VALUES (61, 'Gare', 'Flin', 'Maling', 'Govier', 'Gare_Maling07@unah.hn', '5f4dcc3b5aa765d61d8327deb882cf99', 'M', '03191 Mifflin Alley', '1992-09-28', 'https://robohash.org/quasiexplicabotemporibus.jpg?size=50x50&set=set1');
INSERT INTO persona (idPersona, primerNombre, segundoNombre, primerApellido, segundoApellido, email, password, genero, direccion, fechaNacimiento, imagenIdentificacion) VALUES (62, 'Karlie', 'Mildred', 'Yvens', 'Piscotti', 'Karlie.Yvens@live.com', 'e10adc3949ba59abbe56e057f20f883e', 'F', '140 Mccormick Alley', '2005-02-26', 'https://robohash.org/quamtemporibusadipisci.jpg?size=50x50&set=set1');
INSERT INTO persona (idPersona, primerNombre, segundoNombre, primerApellido, segundoApellido, email, password, genero, direccion, fechaNacimiento, imagenIdentificacion) VALUES (63, 'Kiley', 'Maddy', 'Tollet', 'Gabe', 'Kiley.Tollet06@yahoo.com', '03c345ae8bd4c13f4eb2eb6dde0a92e0', 'M', '1488 Bunker Hill Pass', '1964-09-17', 'https://robohash.org/molestiasfugiatquis.jpg?size=50x50&set=set1');
INSERT INTO persona (idPersona, primerNombre, segundoNombre, primerApellido, segundoApellido, email, password, genero, direccion, fechaNacimiento, imagenIdentificacion) VALUES (64, 'Brandie', 'Cherie', 'Chatres', 'Plom', 'Brandie_Chatres57@unah.hn', 'e10adc3949ba59abbe56e057f20f883e', 'F', '0352 Prairieview Trail', '1946-08-23', 'https://robohash.org/cupiditatenisiquis.jpg?size=50x50&set=set1');
INSERT INTO persona (idPersona, primerNombre, segundoNombre, primerApellido, segundoApellido, email, password, genero, direccion, fechaNacimiento, imagenIdentificacion) VALUES (65, 'Bettina', 'Mathilda', 'Lukehurst', 'Deeson', 'Bettina_Lukehurst50@gmail.com', 'd8578edf8458ce06fbc5bb76a58c5ca4', 'F', '3339 Loeprich Place', '1940-11-24', 'https://robohash.org/estquicorporis.jpg?size=50x50&set=set1');
INSERT INTO persona (idPersona, primerNombre, segundoNombre, primerApellido, segundoApellido, email, password, genero, direccion, fechaNacimiento, imagenIdentificacion) VALUES (66, 'Jock', 'Giacobo', 'Mussared', 'Aitchinson', 'Jock.Mussared1@unah.hn', '1c7a92ae351d4e21ebdfb897508f59d6', 'M', '9 Dayton Avenue', '2004-03-17', 'https://robohash.org/fugaharumerror.jpg?size=50x50&set=set1');
INSERT INTO persona (idPersona, primerNombre, segundoNombre, primerApellido, segundoApellido, email, password, genero, direccion, fechaNacimiento, imagenIdentificacion) VALUES (67, 'Basile', 'Graham', 'Knutton', 'Haith', 'Basile.Knutton34@unah.hn', '03c345ae8bd4c13f4eb2eb6dde0a92e0', 'M', '7 Coleman Street', '1942-02-04', 'https://robohash.org/vitaequaenihil.jpg?size=50x50&set=set1');
INSERT INTO persona (idPersona, primerNombre, segundoNombre, primerApellido, segundoApellido, email, password, genero, direccion, fechaNacimiento, imagenIdentificacion) VALUES (68, 'Lyssa', 'Maye', 'Mitchinson', 'Kupis', 'Lyssa_Mitchinson88@unah.hn', '03c345ae8bd4c13f4eb2eb6dde0a92e0', 'F', '26415 Barnett Crossing', '1958-09-09', 'https://robohash.org/consequunturvelpariatur.jpg?size=50x50&set=set1');
INSERT INTO persona (idPersona, primerNombre, segundoNombre, primerApellido, segundoApellido, email, password, genero, direccion, fechaNacimiento, imagenIdentificacion) VALUES (69, 'Mariele', 'Jennee', 'Goggen', 'Searchfield', 'Mariele_Goggen5@unah.hn', '3350f6fad3335484f5cf293f739973a1', 'F', '14 Carpenter Lane', '1949-10-21', 'https://robohash.org/quisquamharumfuga.jpg?size=50x50&set=set1');
INSERT INTO persona (idPersona, primerNombre, segundoNombre, primerApellido, segundoApellido, email, password, genero, direccion, fechaNacimiento, imagenIdentificacion) VALUES (70, 'Meris', 'Ciel', 'Frosch', 'Brookwell', 'Meris_Frosch@unah.hn', 'd8578edf8458ce06fbc5bb76a58c5ca4', 'F', '832 Gale Way', '1941-02-20', 'https://robohash.org/earecusandaealias.jpg?size=50x50&set=set1');
INSERT INTO persona (idPersona, primerNombre, segundoNombre, primerApellido, segundoApellido, email, password, genero, direccion, fechaNacimiento, imagenIdentificacion) VALUES (71, 'Tiphani', 'Cynthia', 'Daintith', 'Eldrid', 'Tiphani_Daintith@gmail.com', '5f4dcc3b5aa765d61d8327deb882cf99', 'F', '792 Straubel Court', '1950-01-12', 'https://robohash.org/repellatveritatismagni.jpg?size=50x50&set=set1');
INSERT INTO persona (idPersona, primerNombre, segundoNombre, primerApellido, segundoApellido, email, password, genero, direccion, fechaNacimiento, imagenIdentificacion) VALUES (72, 'Arluene', 'Ketty', 'Linn', 'Maddaford', 'Arluene_Linn42@live.com', '1c7a92ae351d4e21ebdfb897508f59d6', 'F', '54356 Kensington Trail', '1946-10-10', 'https://robohash.org/eumperferendisvoluptatem.jpg?size=50x50&set=set1');
INSERT INTO persona (idPersona, primerNombre, segundoNombre, primerApellido, segundoApellido, email, password, genero, direccion, fechaNacimiento, imagenIdentificacion) VALUES (73, 'Waldemar', 'Jens', 'Munden', 'Warren', 'Waldemar.Munden@live.com', 'd8578edf8458ce06fbc5bb76a58c5ca4', 'M', '96188 Starling Terrace', '1995-05-01', 'https://robohash.org/quovoluptatibushic.jpg?size=50x50&set=set1');
INSERT INTO persona (idPersona, primerNombre, segundoNombre, primerApellido, segundoApellido, email, password, genero, direccion, fechaNacimiento, imagenIdentificacion) VALUES (74, 'Mitchel', 'Edd', 'Pakenham', 'Verduin', 'Mitchel.Pakenham72@unah.hn', 'd8578edf8458ce06fbc5bb76a58c5ca4', 'M', '662 Ridge Oak Circle', '2004-03-17', 'https://robohash.org/laboriosamesseomnis.jpg?size=50x50&set=set1');
INSERT INTO persona (idPersona, primerNombre, segundoNombre, primerApellido, segundoApellido, email, password, genero, direccion, fechaNacimiento, imagenIdentificacion) VALUES (75, 'Heywood', 'Mead', 'Labes', 'Endean', 'Heywood_Labes4@unah.hn', '3350f6fad3335484f5cf293f739973a1', 'M', '4 Main Avenue', '1948-09-17', 'https://robohash.org/harumvelautem.jpg?size=50x50&set=set1');
INSERT INTO persona (idPersona, primerNombre, segundoNombre, primerApellido, segundoApellido, email, password, genero, direccion, fechaNacimiento, imagenIdentificacion) VALUES (76, 'Freeman', 'Gregoor', 'Meijer', 'Prichard', 'Freeman.Meijer39@unah.hn', 'e10adc3949ba59abbe56e057f20f883e', 'M', '6 Sundown Pass', '2010-06-30', 'https://robohash.org/veritatisfugaesse.jpg?size=50x50&set=set1');
INSERT INTO persona (idPersona, primerNombre, segundoNombre, primerApellido, segundoApellido, email, password, genero, direccion, fechaNacimiento, imagenIdentificacion) VALUES (77, 'Martyn', 'Hillyer', 'Schollar', 'Kitteridge', 'Martyn_Schollar@live.com', '03c345ae8bd4c13f4eb2eb6dde0a92e0', 'M', '78 Oak Avenue', '1977-07-17', 'https://robohash.org/nametnostrum.jpg?size=50x50&set=set1');
INSERT INTO persona (idPersona, primerNombre, segundoNombre, primerApellido, segundoApellido, email, password, genero, direccion, fechaNacimiento, imagenIdentificacion) VALUES (78, 'Clementius', 'Maison', 'Brudenell', 'D''Andrea', 'Clementius_Brudenell1@unah.hn', 'd8578edf8458ce06fbc5bb76a58c5ca4', 'M', '7041 Truax Parkway', '1949-07-14', 'https://robohash.org/enimtemporaomnis.jpg?size=50x50&set=set1');
INSERT INTO persona (idPersona, primerNombre, segundoNombre, primerApellido, segundoApellido, email, password, genero, direccion, fechaNacimiento, imagenIdentificacion) VALUES (79, 'Yoshi', 'Delcine', 'Gaiford', 'Haggerston', 'Yoshi.Gaiford97@live.com', '3350f6fad3335484f5cf293f739973a1', 'F', '562 Forest Dale Avenue', '1941-01-13', 'https://robohash.org/suntaliquamet.jpg?size=50x50&set=set1');
INSERT INTO persona (idPersona, primerNombre, segundoNombre, primerApellido, segundoApellido, email, password, genero, direccion, fechaNacimiento, imagenIdentificacion) VALUES (80, 'Shepherd', 'Brod', 'Marcam', 'Croxall', 'Shepherd.Marcam34@unah.hn', 'e10adc3949ba59abbe56e057f20f883e', 'M', '3 Forest Run Avenue', '2008-02-13', 'https://robohash.org/corruptiexpeditaut.jpg?size=50x50&set=set1');
INSERT INTO persona (idPersona, primerNombre, segundoNombre, primerApellido, segundoApellido, email, password, genero, direccion, fechaNacimiento, imagenIdentificacion) VALUES (81, 'Shanta', 'Daryl', 'Nottingam', 'Tinklin', 'Shanta.Nottingam@yahoo.com', '03c345ae8bd4c13f4eb2eb6dde0a92e0', 'F', '1 Bartillon Road', '1955-05-19', 'https://robohash.org/eaquaeitaque.jpg?size=50x50&set=set1');
INSERT INTO persona (idPersona, primerNombre, segundoNombre, primerApellido, segundoApellido, email, password, genero, direccion, fechaNacimiento, imagenIdentificacion) VALUES (82, 'Wallie', 'Konstantine', 'Cotes', 'Sprionghall', 'Wallie.Cotes6@live.com', 'd8578edf8458ce06fbc5bb76a58c5ca4', 'M', '364 Mallard Center', '1993-06-22', 'https://robohash.org/utquoest.jpg?size=50x50&set=set1');
INSERT INTO persona (idPersona, primerNombre, segundoNombre, primerApellido, segundoApellido, email, password, genero, direccion, fechaNacimiento, imagenIdentificacion) VALUES (83, 'Augustina', 'Silvie', 'Marrows', 'Carnall', 'Augustina_Marrows85@unah.hn', '03c345ae8bd4c13f4eb2eb6dde0a92e0', 'F', '8 Bayside Crossing', '1965-07-28', 'https://robohash.org/pariaturremoccaecati.jpg?size=50x50&set=set1');
INSERT INTO persona (idPersona, primerNombre, segundoNombre, primerApellido, segundoApellido, email, password, genero, direccion, fechaNacimiento, imagenIdentificacion) VALUES (84, 'Saunders', 'Fernando', 'Itzcak', 'Siret', 'Saunders.Itzcak9@unah.hn', '3350f6fad3335484f5cf293f739973a1', 'M', '9087 Hoffman Alley', '1935-03-17', 'https://robohash.org/nonexercitationemconsequuntur.jpg?size=50x50&set=set1');
INSERT INTO persona (idPersona, primerNombre, segundoNombre, primerApellido, segundoApellido, email, password, genero, direccion, fechaNacimiento, imagenIdentificacion) VALUES (85, 'Larina', 'Myrtia', 'Charity', 'Dakin', 'Larina.Charity1@gmail.com', 'e10adc3949ba59abbe56e057f20f883e', 'F', '99273 Dennis Junction', '2005-03-01', 'https://robohash.org/excepturiidperspiciatis.jpg?size=50x50&set=set1');
INSERT INTO persona (idPersona, primerNombre, segundoNombre, primerApellido, segundoApellido, email, password, genero, direccion, fechaNacimiento, imagenIdentificacion) VALUES (86, 'Adolphe', 'Myca', 'Tennewell', 'Woof', 'Adolphe_Tennewell@gmail.com', '5f4dcc3b5aa765d61d8327deb882cf99', 'M', '4 Everett Hill', '2006-10-11', 'https://robohash.org/omnisaspernaturullam.jpg?size=50x50&set=set1');
INSERT INTO persona (idPersona, primerNombre, segundoNombre, primerApellido, segundoApellido, email, password, genero, direccion, fechaNacimiento, imagenIdentificacion) VALUES (87, 'Lou', 'Johnath', 'Finder', 'Abarough', 'Lou.Finder44@gmail.com', '5f4dcc3b5aa765d61d8327deb882cf99', 'F', '8 Cottonwood Trail', '1936-10-13', 'https://robohash.org/autmaioresipsum.jpg?size=50x50&set=set1');
INSERT INTO persona (idPersona, primerNombre, segundoNombre, primerApellido, segundoApellido, email, password, genero, direccion, fechaNacimiento, imagenIdentificacion) VALUES (88, 'Jerad', 'Mose', 'Jiggen', 'Smissen', 'Jerad_Jiggen@live.com', 'd8578edf8458ce06fbc5bb76a58c5ca4', 'M', '42 Daystar Trail', '1965-10-27', 'https://robohash.org/architectoveniamet.jpg?size=50x50&set=set1');
INSERT INTO persona (idPersona, primerNombre, segundoNombre, primerApellido, segundoApellido, email, password, genero, direccion, fechaNacimiento, imagenIdentificacion) VALUES (89, 'Scot', 'Reilly', 'Vasyatkin', 'Walczynski', 'Scot.Vasyatkin@unah.hn', '3350f6fad3335484f5cf293f739973a1', 'M', '6289 Hooker Way', '2011-02-09', 'https://robohash.org/doloremquaeratvoluptas.jpg?size=50x50&set=set1');
INSERT INTO persona (idPersona, primerNombre, segundoNombre, primerApellido, segundoApellido, email, password, genero, direccion, fechaNacimiento, imagenIdentificacion) VALUES (90, 'Berti', 'Rhianna', 'Verryan', 'Lutz', 'Berti.Verryan@unah.hn', '3350f6fad3335484f5cf293f739973a1', 'F', '5 Nevada Place', '1957-01-25', 'https://robohash.org/quiestrepudiandae.jpg?size=50x50&set=set1');
INSERT INTO persona (idPersona, primerNombre, segundoNombre, primerApellido, segundoApellido, email, password, genero, direccion, fechaNacimiento, imagenIdentificacion) VALUES (91, 'Dareen', 'Kettie', 'Boyes', 'Tevelov', 'Dareen.Boyes@unah.hn', '3350f6fad3335484f5cf293f739973a1', 'F', '4086 4th Pass', '2008-12-18', 'https://robohash.org/rerumfugiatquasi.jpg?size=50x50&set=set1');
INSERT INTO persona (idPersona, primerNombre, segundoNombre, primerApellido, segundoApellido, email, password, genero, direccion, fechaNacimiento, imagenIdentificacion) VALUES (92, 'Wendie', 'Jaynell', 'Weavers', 'Ashby', 'Wendie.Weavers98@live.com', '1c7a92ae351d4e21ebdfb897508f59d6', 'F', '49 Corscot Parkway', '1953-05-26', 'https://robohash.org/dolorumautomnis.jpg?size=50x50&set=set1');
INSERT INTO persona (idPersona, primerNombre, segundoNombre, primerApellido, segundoApellido, email, password, genero, direccion, fechaNacimiento, imagenIdentificacion) VALUES (93, 'Caesar', 'Zeb', 'Throssell', 'Boylin', 'Caesar_Throssell@live.com', '3350f6fad3335484f5cf293f739973a1', 'M', '8958 Delladonna Circle', '1931-10-05', 'https://robohash.org/sedquaeratnesciunt.jpg?size=50x50&set=set1');
INSERT INTO persona (idPersona, primerNombre, segundoNombre, primerApellido, segundoApellido, email, password, genero, direccion, fechaNacimiento, imagenIdentificacion) VALUES (94, 'Ramon', 'Dennison', 'Stare', 'Wegner', 'Ramon.Stare@live.com', 'd8578edf8458ce06fbc5bb76a58c5ca4', 'M', '3729 Cottonwood Parkway', '1950-01-06', 'https://robohash.org/facilissitquo.jpg?size=50x50&set=set1');
INSERT INTO persona (idPersona, primerNombre, segundoNombre, primerApellido, segundoApellido, email, password, genero, direccion, fechaNacimiento, imagenIdentificacion) VALUES (95, 'Sheppard', 'Boycie', 'Tomasek', 'Pounds', 'Sheppard_Tomasek40@live.com', '03c345ae8bd4c13f4eb2eb6dde0a92e0', 'M', '1 Karstens Road', '1945-08-23', 'https://robohash.org/optioveniamharum.jpg?size=50x50&set=set1');
INSERT INTO persona (idPersona, primerNombre, segundoNombre, primerApellido, segundoApellido, email, password, genero, direccion, fechaNacimiento, imagenIdentificacion) VALUES (96, 'Aline', 'Merle', 'Gherardesci', 'Gerler', 'Aline_Gherardesci@unah.hn', '3350f6fad3335484f5cf293f739973a1', 'F', '08906 Scoville Court', '2008-02-16', 'https://robohash.org/cumquequialiquid.jpg?size=50x50&set=set1');
INSERT INTO persona (idPersona, primerNombre, segundoNombre, primerApellido, segundoApellido, email, password, genero, direccion, fechaNacimiento, imagenIdentificacion) VALUES (97, 'Ryon', 'Pebrook', 'Brand-Hardy', 'Boothroyd', 'Ryon_Brand-Hardy13@live.com', '1c7a92ae351d4e21ebdfb897508f59d6', 'M', '6536 Homewood Court', '1996-04-24', 'https://robohash.org/quisadipisciharum.jpg?size=50x50&set=set1');
INSERT INTO persona (idPersona, primerNombre, segundoNombre, primerApellido, segundoApellido, email, password, genero, direccion, fechaNacimiento, imagenIdentificacion) VALUES (98, 'Adrea', 'Sheilah', 'Gadman', 'Criag', 'Adrea.Gadman91@unah.hn', '3350f6fad3335484f5cf293f739973a1', 'F', '392 Magdeline Circle', '1941-03-18', 'https://robohash.org/aeummagni.jpg?size=50x50&set=set1');
INSERT INTO persona (idPersona, primerNombre, segundoNombre, primerApellido, segundoApellido, email, password, genero, direccion, fechaNacimiento, imagenIdentificacion) VALUES (99, 'Rona', 'Sarette', 'Paudin', 'Chat', 'Rona.Paudin1@live.com', '3350f6fad3335484f5cf293f739973a1', 'F', '90326 Washington Crossing', '2011-10-17', 'https://robohash.org/minusnatusqui.jpg?size=50x50&set=set1');
INSERT INTO persona (idPersona, primerNombre, segundoNombre, primerApellido, segundoApellido, email, password, genero, direccion, fechaNacimiento, imagenIdentificacion) VALUES (100, 'Chet', 'Maxy', 'Turban', 'Sarvar', 'Chet_Turban49@unah.hn', '3350f6fad3335484f5cf293f739973a1', 'M', '0 Carberry Parkway', '1957-01-10', 'https://robohash.org/ipsarerumodit.jpg?size=50x50&set=set1');
INSERT INTO persona (idPersona, primerNombre, segundoNombre, primerApellido, segundoApellido, email, password, genero, direccion, fechaNacimiento, imagenIdentificacion) VALUES (101, 'Jarred', 'Dionisio', 'Comer', 'Furminger', 'Jarred.Comer59@unah.hn', '1c7a92ae351d4e21ebdfb897508f59d6', 'M', '83870 Arkansas Court', '2011-03-16', 'https://robohash.org/cumqueutdoloribus.jpg?size=50x50&set=set1');
INSERT INTO persona (idPersona, primerNombre, segundoNombre, primerApellido, segundoApellido, email, password, genero, direccion, fechaNacimiento, imagenIdentificacion) VALUES (102, 'Anestassia', 'Dorian', 'Cordell', 'Sked', 'Anestassia_Cordell70@yahoo.com', 'e10adc3949ba59abbe56e057f20f883e', 'F', '67722 Atwood Court', '1997-12-10', 'https://robohash.org/quasconsequaturvoluptatem.jpg?size=50x50&set=set1');
INSERT INTO persona (idPersona, primerNombre, segundoNombre, primerApellido, segundoApellido, email, password, genero, direccion, fechaNacimiento, imagenIdentificacion) VALUES (103, 'Howard', 'Godart', 'Petrashkov', 'Bendik', 'Howard.Petrashkov06@live.com', '3350f6fad3335484f5cf293f739973a1', 'M', '7 Pawling Junction', '1993-09-01', 'https://robohash.org/doloremearumillum.jpg?size=50x50&set=set1');
INSERT INTO persona (idPersona, primerNombre, segundoNombre, primerApellido, segundoApellido, email, password, genero, direccion, fechaNacimiento, imagenIdentificacion) VALUES (104, 'Lazaro', 'Charley', 'Trittam', 'Lawday', 'Lazaro_Trittam@unah.hn', '5f4dcc3b5aa765d61d8327deb882cf99', 'M', '4 Mcguire Way', '1976-08-03', 'https://robohash.org/aspernatursunteveniet.jpg?size=50x50&set=set1');
INSERT INTO persona (idPersona, primerNombre, segundoNombre, primerApellido, segundoApellido, email, password, genero, direccion, fechaNacimiento, imagenIdentificacion) VALUES (105, 'Terrel', 'Thacher', 'Cortnay', 'Pionter', 'Terrel.Cortnay30@unah.hn', '3350f6fad3335484f5cf293f739973a1', 'M', '697 Toban Hill', '1982-11-15', 'https://robohash.org/omnisliberodolor.jpg?size=50x50&set=set1');
INSERT INTO persona (idPersona, primerNombre, segundoNombre, primerApellido, segundoApellido, email, password, genero, direccion, fechaNacimiento, imagenIdentificacion) VALUES (106, 'Ariel', 'Brooks', 'MacCallum', 'Pleager', 'Ariel.MacCallum0@live.com', '3350f6fad3335484f5cf293f739973a1', 'F', '14414 Judy Park', '1998-10-11', 'https://robohash.org/consectetureaquecorporis.jpg?size=50x50&set=set1');
INSERT INTO persona (idPersona, primerNombre, segundoNombre, primerApellido, segundoApellido, email, password, genero, direccion, fechaNacimiento, imagenIdentificacion) VALUES (107, 'Barbi', 'Reeba', 'Griffoen', 'Fibbitts', 'Barbi.Griffoen05@live.com', '1c7a92ae351d4e21ebdfb897508f59d6', 'F', '7 Claremont Park', '1998-01-14', 'https://robohash.org/sapientereprehenderitcupiditate.jpg?size=50x50&set=set1');
INSERT INTO persona (idPersona, primerNombre, segundoNombre, primerApellido, segundoApellido, email, password, genero, direccion, fechaNacimiento, imagenIdentificacion) VALUES (108, 'Marci', 'Netty', 'Grinham', 'Gatcliff', 'Marci.Grinham@gmail.com', '03c345ae8bd4c13f4eb2eb6dde0a92e0', 'F', '306 Carberry Way', '1999-04-21', 'https://robohash.org/repellatdolorenecessitatibus.jpg?size=50x50&set=set1');
INSERT INTO persona (idPersona, primerNombre, segundoNombre, primerApellido, segundoApellido, email, password, genero, direccion, fechaNacimiento, imagenIdentificacion) VALUES (109, 'Nicolette', 'Clarice', 'Langham', 'Humbee', 'Nicolette_Langham@unah.hn', 'e10adc3949ba59abbe56e057f20f883e', 'F', '3994 Union Center', '2006-03-15', 'https://robohash.org/omnisnihilut.jpg?size=50x50&set=set1');
INSERT INTO persona (idPersona, primerNombre, segundoNombre, primerApellido, segundoApellido, email, password, genero, direccion, fechaNacimiento, imagenIdentificacion) VALUES (110, 'Marilin', 'Saudra', 'Bulfield', 'Charlon', 'Marilin.Bulfield40@unah.hn', 'd8578edf8458ce06fbc5bb76a58c5ca4', 'F', '60882 Luster Pass', '1994-09-09', 'https://robohash.org/sintimpeditquod.jpg?size=50x50&set=set1');
INSERT INTO persona (idPersona, primerNombre, segundoNombre, primerApellido, segundoApellido, email, password, genero, direccion, fechaNacimiento, imagenIdentificacion) VALUES (111, 'Lindsey', 'Inez', 'Summerton', 'Todarini', 'Lindsey_Summerton10@unah.hn', '1c7a92ae351d4e21ebdfb897508f59d6', 'F', '02566 Upham Place', '1981-04-21', 'https://robohash.org/velitpariaturquos.jpg?size=50x50&set=set1');
INSERT INTO persona (idPersona, primerNombre, segundoNombre, primerApellido, segundoApellido, email, password, genero, direccion, fechaNacimiento, imagenIdentificacion) VALUES (112, 'Mendie', 'Terencio', 'Pedrollo', 'Bello', 'Mendie_Pedrollo@live.com', 'd8578edf8458ce06fbc5bb76a58c5ca4', 'M', '1817 Trailsway Trail', '1999-02-15', 'https://robohash.org/quisvoluptatibusofficia.jpg?size=50x50&set=set1');
INSERT INTO persona (idPersona, primerNombre, segundoNombre, primerApellido, segundoApellido, email, password, genero, direccion, fechaNacimiento, imagenIdentificacion) VALUES (113, 'Dionisio', 'Woody', 'Hickeringill', 'Drewet', 'Dionisio_Hickeringill@unah.hn', '3350f6fad3335484f5cf293f739973a1', 'M', '1 Morrow Circle', '1931-06-04', 'https://robohash.org/estetquos.jpg?size=50x50&set=set1');
INSERT INTO persona (idPersona, primerNombre, segundoNombre, primerApellido, segundoApellido, email, password, genero, direccion, fechaNacimiento, imagenIdentificacion) VALUES (114, 'Garnette', 'Concordia', 'Drynan', 'McGaughay', 'Garnette.Drynan51@unah.hn', '3350f6fad3335484f5cf293f739973a1', 'F', '58046 Lyons Way', '2006-07-07', 'https://robohash.org/automnisaliquam.jpg?size=50x50&set=set1');
INSERT INTO persona (idPersona, primerNombre, segundoNombre, primerApellido, segundoApellido, email, password, genero, direccion, fechaNacimiento, imagenIdentificacion) VALUES (115, 'Arabella', 'Iseabal', 'Elphick', 'Di Biagi', 'Arabella.Elphick91@unah.hn', '5f4dcc3b5aa765d61d8327deb882cf99', 'F', '7 Miller Road', '1949-06-06', 'https://robohash.org/etaliquidtenetur.jpg?size=50x50&set=set1');
INSERT INTO persona (idPersona, primerNombre, segundoNombre, primerApellido, segundoApellido, email, password, genero, direccion, fechaNacimiento, imagenIdentificacion) VALUES (116, 'Carie', 'Eddy', 'Liddel', 'Moughton', 'Carie_Liddel92@unah.hn', '03c345ae8bd4c13f4eb2eb6dde0a92e0', 'F', '9293 Straubel Place', '1995-01-27', 'https://robohash.org/nostrumipsamconsectetur.jpg?size=50x50&set=set1');
INSERT INTO persona (idPersona, primerNombre, segundoNombre, primerApellido, segundoApellido, email, password, genero, direccion, fechaNacimiento, imagenIdentificacion) VALUES (117, 'Sibyl', 'Floris', 'Greensted', 'Summerlee', 'Sibyl.Greensted76@unah.hn', 'e10adc3949ba59abbe56e057f20f883e', 'F', '0158 Loeprich Parkway', '1968-08-28', 'https://robohash.org/nonillumsit.jpg?size=50x50&set=set1');
INSERT INTO persona (idPersona, primerNombre, segundoNombre, primerApellido, segundoApellido, email, password, genero, direccion, fechaNacimiento, imagenIdentificacion) VALUES (118, 'Frazer', 'Merwyn', 'MacClenan', 'Capstake', 'Frazer.MacClenan@unah.hn', '5f4dcc3b5aa765d61d8327deb882cf99', 'M', '78616 High Crossing Road', '1994-05-03', 'https://robohash.org/eteavel.jpg?size=50x50&set=set1');
INSERT INTO persona (idPersona, primerNombre, segundoNombre, primerApellido, segundoApellido, email, password, genero, direccion, fechaNacimiento, imagenIdentificacion) VALUES (119, 'Eada', 'Joline', 'Scarbarrow', 'Woodus', 'Eada.Scarbarrow03@yahoo.com', '5f4dcc3b5aa765d61d8327deb882cf99', 'F', '05 Memorial Avenue', '1937-11-28', 'https://robohash.org/minimaadolorum.jpg?size=50x50&set=set1');
INSERT INTO persona (idPersona, primerNombre, segundoNombre, primerApellido, segundoApellido, email, password, genero, direccion, fechaNacimiento, imagenIdentificacion) VALUES (120, 'Caroline', 'Corella', 'Dedham', 'Hattigan', 'Caroline.Dedham6@yahoo.com', 'e10adc3949ba59abbe56e057f20f883e', 'F', '76994 Burrows Center', '1963-06-13', 'https://robohash.org/inciduntrerumquae.jpg?size=50x50&set=set1');
INSERT INTO persona (idPersona, primerNombre, segundoNombre, primerApellido, segundoApellido, email, password, genero, direccion, fechaNacimiento, imagenIdentificacion) VALUES (121, 'Windy', 'Neila', 'Cassie', 'Boffey', 'Windy.Cassie@unah.hn', '03c345ae8bd4c13f4eb2eb6dde0a92e0', 'F', '5 Evergreen Avenue', '1966-02-27', 'https://robohash.org/dolorequaeratarchitecto.jpg?size=50x50&set=set1');
INSERT INTO persona (idPersona, primerNombre, segundoNombre, primerApellido, segundoApellido, email, password, genero, direccion, fechaNacimiento, imagenIdentificacion) VALUES (122, 'Zelma', 'Nana', 'Goney', 'Foulger', 'Zelma_Goney@live.com', 'e10adc3949ba59abbe56e057f20f883e', 'F', '8 Marquette Crossing', '1931-09-08', 'https://robohash.org/nisiporroquibusdam.jpg?size=50x50&set=set1');
INSERT INTO persona (idPersona, primerNombre, segundoNombre, primerApellido, segundoApellido, email, password, genero, direccion, fechaNacimiento, imagenIdentificacion) VALUES (123, 'Waylan', 'Renaud', 'Burrells', 'Etherington', 'Waylan.Burrells@unah.hn', '03c345ae8bd4c13f4eb2eb6dde0a92e0', 'M', '45626 Mayfield Way', '1978-12-27', 'https://robohash.org/quiaminusconsequatur.jpg?size=50x50&set=set1');
INSERT INTO persona (idPersona, primerNombre, segundoNombre, primerApellido, segundoApellido, email, password, genero, direccion, fechaNacimiento, imagenIdentificacion) VALUES (124, 'Bibbye', 'Electra', 'Geist', 'Kay', 'Bibbye.Geist@unah.hn', '1c7a92ae351d4e21ebdfb897508f59d6', 'F', '496 Colorado Plaza', '1981-02-01', 'https://robohash.org/autatqueexpedita.jpg?size=50x50&set=set1');
INSERT INTO persona (idPersona, primerNombre, segundoNombre, primerApellido, segundoApellido, email, password, genero, direccion, fechaNacimiento, imagenIdentificacion) VALUES (125, 'Masha', 'Mildrid', 'Kingswell', 'Hoggan', 'Masha_Kingswell29@gmail.com', '5f4dcc3b5aa765d61d8327deb882cf99', 'F', '1 Northwestern Alley', '1934-08-18', 'https://robohash.org/ducimustemporecorporis.jpg?size=50x50&set=set1');
INSERT INTO persona (idPersona, primerNombre, segundoNombre, primerApellido, segundoApellido, email, password, genero, direccion, fechaNacimiento, imagenIdentificacion) VALUES (126, 'Claudianus', 'Iorgos', 'Rentoll', 'Beane', 'Claudianus_Rentoll01@gmail.com', '03c345ae8bd4c13f4eb2eb6dde0a92e0', 'M', '473 Northland Center', '2008-09-01', 'https://robohash.org/utquiaperspiciatis.jpg?size=50x50&set=set1');
INSERT INTO persona (idPersona, primerNombre, segundoNombre, primerApellido, segundoApellido, email, password, genero, direccion, fechaNacimiento, imagenIdentificacion) VALUES (127, 'Winifred', 'Karalynn', 'Hearst', 'Lascelles', 'Winifred.Hearst74@live.com', '03c345ae8bd4c13f4eb2eb6dde0a92e0', 'F', '6861 Cambridge Park', '1979-12-17', 'https://robohash.org/voluptatemvoluptatemodit.jpg?size=50x50&set=set1');
INSERT INTO persona (idPersona, primerNombre, segundoNombre, primerApellido, segundoApellido, email, password, genero, direccion, fechaNacimiento, imagenIdentificacion) VALUES (128, 'Gregorio', 'Shem', 'Jozsa', 'Volonte', 'Gregorio_Jozsa42@unah.hn', '1c7a92ae351d4e21ebdfb897508f59d6', 'M', '25487 Village Green Alley', '1938-10-11', 'https://robohash.org/utillumtenetur.jpg?size=50x50&set=set1');
INSERT INTO persona (idPersona, primerNombre, segundoNombre, primerApellido, segundoApellido, email, password, genero, direccion, fechaNacimiento, imagenIdentificacion) VALUES (129, 'Felice', 'Rochette', 'Padly', 'Corpes', 'Felice_Padly7@yahoo.com', '03c345ae8bd4c13f4eb2eb6dde0a92e0', 'F', '2048 Pleasure Crossing', '1959-06-06', 'https://robohash.org/estdoloremodit.jpg?size=50x50&set=set1');
INSERT INTO persona (idPersona, primerNombre, segundoNombre, primerApellido, segundoApellido, email, password, genero, direccion, fechaNacimiento, imagenIdentificacion) VALUES (130, 'Dannel', 'Svend', 'Lissaman', 'Goodlake', 'Dannel.Lissaman3@live.com', '1c7a92ae351d4e21ebdfb897508f59d6', 'M', '8551 Welch Parkway', '1979-05-17', 'https://robohash.org/nesciunteligendiillo.jpg?size=50x50&set=set1');
INSERT INTO persona (idPersona, primerNombre, segundoNombre, primerApellido, segundoApellido, email, password, genero, direccion, fechaNacimiento, imagenIdentificacion) VALUES (131, 'Austine', 'Lola', 'Attwater', 'Kneeshaw', 'Austine.Attwater77@live.com', '03c345ae8bd4c13f4eb2eb6dde0a92e0', 'F', '58110 Maryland Court', '2005-06-27', 'https://robohash.org/doloremautfacere.jpg?size=50x50&set=set1');
INSERT INTO persona (idPersona, primerNombre, segundoNombre, primerApellido, segundoApellido, email, password, genero, direccion, fechaNacimiento, imagenIdentificacion) VALUES (132, 'Kip', 'Ryan', 'Johann', 'Gilston', 'Kip.Johann10@unah.hn', '03c345ae8bd4c13f4eb2eb6dde0a92e0', 'M', '614 Shoshone Park', '1969-12-03', 'https://robohash.org/temporibussapienteaut.jpg?size=50x50&set=set1');
INSERT INTO persona (idPersona, primerNombre, segundoNombre, primerApellido, segundoApellido, email, password, genero, direccion, fechaNacimiento, imagenIdentificacion) VALUES (133, 'Kris', 'Silvana', 'Brotherhood', 'Dahle', 'Kris_Brotherhood@yahoo.com', '1c7a92ae351d4e21ebdfb897508f59d6', 'F', '79 Leroy Crossing', '1931-05-28', 'https://robohash.org/etveroqui.jpg?size=50x50&set=set1');
INSERT INTO persona (idPersona, primerNombre, segundoNombre, primerApellido, segundoApellido, email, password, genero, direccion, fechaNacimiento, imagenIdentificacion) VALUES (134, 'Hynda', 'Mel', 'Gossington', 'Buxcey', 'Hynda_Gossington34@gmail.com', 'd8578edf8458ce06fbc5bb76a58c5ca4', 'F', '89887 Fieldstone Trail', '1944-12-27', 'https://robohash.org/maximeaccusamusdolor.jpg?size=50x50&set=set1');
INSERT INTO persona (idPersona, primerNombre, segundoNombre, primerApellido, segundoApellido, email, password, genero, direccion, fechaNacimiento, imagenIdentificacion) VALUES (135, 'Elwira', 'Babbie', 'Sterte', 'Dempsey', 'Elwira.Sterte08@unah.hn', '5f4dcc3b5aa765d61d8327deb882cf99', 'F', '67139 Victoria Point', '1968-11-03', 'https://robohash.org/magnimodiquia.jpg?size=50x50&set=set1');
INSERT INTO persona (idPersona, primerNombre, segundoNombre, primerApellido, segundoApellido, email, password, genero, direccion, fechaNacimiento, imagenIdentificacion) VALUES (136, 'Chrisse', 'Jeramey', 'Dalling', 'Ghidotti', 'Chrisse.Dalling2@unah.hn', '1c7a92ae351d4e21ebdfb897508f59d6', 'M', '43 Novick Terrace', '1989-10-16', 'https://robohash.org/quosedmagni.jpg?size=50x50&set=set1');
INSERT INTO persona (idPersona, primerNombre, segundoNombre, primerApellido, segundoApellido, email, password, genero, direccion, fechaNacimiento, imagenIdentificacion) VALUES (137, 'Aharon', 'Ash', 'Tropman', 'Beacock', 'Aharon.Tropman5@unah.hn', '03c345ae8bd4c13f4eb2eb6dde0a92e0', 'M', '075 Oxford Drive', '1945-07-20', 'https://robohash.org/inciduntetnobis.jpg?size=50x50&set=set1');
INSERT INTO persona (idPersona, primerNombre, segundoNombre, primerApellido, segundoApellido, email, password, genero, direccion, fechaNacimiento, imagenIdentificacion) VALUES (138, 'Constantina', 'Roseanne', 'Jancey', 'Hawler', 'Constantina_Jancey93@unah.hn', '1c7a92ae351d4e21ebdfb897508f59d6', 'F', '0 Forest Run Lane', '1948-09-09', 'https://robohash.org/doloremquepossimusin.jpg?size=50x50&set=set1');
INSERT INTO persona (idPersona, primerNombre, segundoNombre, primerApellido, segundoApellido, email, password, genero, direccion, fechaNacimiento, imagenIdentificacion) VALUES (139, 'Corbett', 'Graig', 'Petel', 'Prevost', 'Corbett.Petel92@unah.hn', '03c345ae8bd4c13f4eb2eb6dde0a92e0', 'M', '97172 Duke Avenue', '1994-05-22', 'https://robohash.org/eaquearchitectonumquam.jpg?size=50x50&set=set1');
INSERT INTO persona (idPersona, primerNombre, segundoNombre, primerApellido, segundoApellido, email, password, genero, direccion, fechaNacimiento, imagenIdentificacion) VALUES (140, 'Brose', 'Chrisy', 'Noyes', 'Shaves', 'Brose_Noyes7@gmail.com', 'd8578edf8458ce06fbc5bb76a58c5ca4', 'M', '2281 8th Lane', '1957-05-24', 'https://robohash.org/nihileiusnam.jpg?size=50x50&set=set1');
INSERT INTO persona (idPersona, primerNombre, segundoNombre, primerApellido, segundoApellido, email, password, genero, direccion, fechaNacimiento, imagenIdentificacion) VALUES (141, 'Eliot', 'Padraic', 'Presnell', 'Hughson', 'Eliot.Presnell99@yahoo.com', 'e10adc3949ba59abbe56e057f20f883e', 'M', '357 Ridgeview Terrace', '1987-02-10', 'https://robohash.org/eosassumendaaperiam.jpg?size=50x50&set=set1');
INSERT INTO persona (idPersona, primerNombre, segundoNombre, primerApellido, segundoApellido, email, password, genero, direccion, fechaNacimiento, imagenIdentificacion) VALUES (142, 'Chaim', 'Granny', 'Sowerbutts', 'Mathivet', 'Chaim.Sowerbutts84@live.com', '3350f6fad3335484f5cf293f739973a1', 'M', '51060 Kinsman Street', '2010-08-29', 'https://robohash.org/quidemomnisvero.jpg?size=50x50&set=set1');
INSERT INTO persona (idPersona, primerNombre, segundoNombre, primerApellido, segundoApellido, email, password, genero, direccion, fechaNacimiento, imagenIdentificacion) VALUES (143, 'Mayor', 'Sven', 'Joscelyn', 'Godspede', 'Mayor_Joscelyn@live.com', '1c7a92ae351d4e21ebdfb897508f59d6', 'M', '724 Union Trail', '1946-11-03', 'https://robohash.org/minusinreprehenderit.jpg?size=50x50&set=set1');
INSERT INTO persona (idPersona, primerNombre, segundoNombre, primerApellido, segundoApellido, email, password, genero, direccion, fechaNacimiento, imagenIdentificacion) VALUES (144, 'Paloma', 'Lorrin', 'McCotter', 'Christal', 'Paloma_McCotter49@live.com', '03c345ae8bd4c13f4eb2eb6dde0a92e0', 'F', '79728 Miller Park', '1935-04-24', 'https://robohash.org/molestiaeautconsequatur.jpg?size=50x50&set=set1');
INSERT INTO persona (idPersona, primerNombre, segundoNombre, primerApellido, segundoApellido, email, password, genero, direccion, fechaNacimiento, imagenIdentificacion) VALUES (145, 'Yorke', 'Mac', 'Coultard', 'Guillem', 'Yorke.Coultard4@unah.hn', '03c345ae8bd4c13f4eb2eb6dde0a92e0', 'M', '6 Old Gate Pass', '1965-09-11', 'https://robohash.org/aspernaturconsecteturaliquid.jpg?size=50x50&set=set1');
INSERT INTO persona (idPersona, primerNombre, segundoNombre, primerApellido, segundoApellido, email, password, genero, direccion, fechaNacimiento, imagenIdentificacion) VALUES (146, 'Cammy', 'Elton', 'Curthoys', 'Rucklidge', 'Cammy_Curthoys2@unah.hn', '5f4dcc3b5aa765d61d8327deb882cf99', 'M', '5 Golf Course Street', '1954-05-05', 'https://robohash.org/suntquamtempore.jpg?size=50x50&set=set1');
INSERT INTO persona (idPersona, primerNombre, segundoNombre, primerApellido, segundoApellido, email, password, genero, direccion, fechaNacimiento, imagenIdentificacion) VALUES (147, 'Catherin', 'Melantha', 'Josiah', 'Wales', 'Catherin_Josiah1@yahoo.com', 'd8578edf8458ce06fbc5bb76a58c5ca4', 'F', '77600 Shelley Circle', '1964-06-30', 'https://robohash.org/nemonobisvoluptates.jpg?size=50x50&set=set1');
INSERT INTO persona (idPersona, primerNombre, segundoNombre, primerApellido, segundoApellido, email, password, genero, direccion, fechaNacimiento, imagenIdentificacion) VALUES (148, 'Aldridge', 'Aldous', 'Dionisii', 'Bennell', 'Aldridge.Dionisii@gmail.com', 'd8578edf8458ce06fbc5bb76a58c5ca4', 'M', '0045 Hayes Terrace', '1959-09-07', 'https://robohash.org/voluptatemlaboredolore.jpg?size=50x50&set=set1');
INSERT INTO persona (idPersona, primerNombre, segundoNombre, primerApellido, segundoApellido, email, password, genero, direccion, fechaNacimiento, imagenIdentificacion) VALUES (149, 'Roldan', 'Dewey', 'Dodle', 'Miere', 'Roldan_Dodle@yahoo.com', '1c7a92ae351d4e21ebdfb897508f59d6', 'M', '3412 Graedel Court', '1933-09-11', 'https://robohash.org/sedquisquidem.jpg?size=50x50&set=set1');
INSERT INTO persona (idPersona, primerNombre, segundoNombre, primerApellido, segundoApellido, email, password, genero, direccion, fechaNacimiento, imagenIdentificacion) VALUES (150, 'Redd', 'Hermie', 'Longley', 'Rossi', 'Redd.Longley58@unah.hn', 'e10adc3949ba59abbe56e057f20f883e', 'M', '725 Towne Street', '1942-02-15', 'https://robohash.org/etfugiatdolores.jpg?size=50x50&set=set1');
INSERT INTO persona (idPersona, primerNombre, segundoNombre, primerApellido, segundoApellido, email, password, genero, direccion, fechaNacimiento, imagenIdentificacion) VALUES (151, 'Julian', 'Dalli', 'Stollman', 'Fildery', 'Julian_Stollman@gmail.com', 'd8578edf8458ce06fbc5bb76a58c5ca4', 'M', '02 Stone Corner Court', '1940-06-26', 'https://robohash.org/fugitmodiet.jpg?size=50x50&set=set1');
INSERT INTO persona (idPersona, primerNombre, segundoNombre, primerApellido, segundoApellido, email, password, genero, direccion, fechaNacimiento, imagenIdentificacion) VALUES (152, 'Ram', 'Hunt', 'Fanstone', 'Skitch', 'Ram_Fanstone46@unah.hn', 'e10adc3949ba59abbe56e057f20f883e', 'M', '48288 Comanche Place', '1983-08-13', 'https://robohash.org/veritatisquinisi.jpg?size=50x50&set=set1');
INSERT INTO persona (idPersona, primerNombre, segundoNombre, primerApellido, segundoApellido, email, password, genero, direccion, fechaNacimiento, imagenIdentificacion) VALUES (153, 'Dode', 'Audra', 'Coate', 'Cartan', 'Dode.Coate18@unah.hn', '03c345ae8bd4c13f4eb2eb6dde0a92e0', 'F', '99512 5th Junction', '1977-07-30', 'https://robohash.org/sedvoluptatumtempore.jpg?size=50x50&set=set1');
INSERT INTO persona (idPersona, primerNombre, segundoNombre, primerApellido, segundoApellido, email, password, genero, direccion, fechaNacimiento, imagenIdentificacion) VALUES (154, 'Bettine', 'Crin', 'Hendrich', 'Arnholdt', 'Bettine_Hendrich22@unah.hn', '1c7a92ae351d4e21ebdfb897508f59d6', 'F', '462 Ramsey Terrace', '1990-09-19', 'https://robohash.org/numquamdoloremqueesse.jpg?size=50x50&set=set1');
INSERT INTO persona (idPersona, primerNombre, segundoNombre, primerApellido, segundoApellido, email, password, genero, direccion, fechaNacimiento, imagenIdentificacion) VALUES (155, 'Maire', 'Kizzie', 'D''Antonio', 'Cominello', 'Maire_D''Antonio00@live.com', 'd8578edf8458ce06fbc5bb76a58c5ca4', 'F', '1 Novick Alley', '2000-07-24', 'https://robohash.org/eosvelitsint.jpg?size=50x50&set=set1');
INSERT INTO persona (idPersona, primerNombre, segundoNombre, primerApellido, segundoApellido, email, password, genero, direccion, fechaNacimiento, imagenIdentificacion) VALUES (156, 'Mala', 'Avie', 'Roberti', 'Godwyn', 'Mala.Roberti@live.com', '1c7a92ae351d4e21ebdfb897508f59d6', 'F', '16 Hermina Place', '1971-06-22', 'https://robohash.org/utdoloresculpa.jpg?size=50x50&set=set1');
INSERT INTO persona (idPersona, primerNombre, segundoNombre, primerApellido, segundoApellido, email, password, genero, direccion, fechaNacimiento, imagenIdentificacion) VALUES (157, 'Drona', 'Dorette', 'Ferebee', 'Biasotti', 'Drona.Ferebee@yahoo.com', '03c345ae8bd4c13f4eb2eb6dde0a92e0', 'F', '9 Onsgard Terrace', '1948-04-12', 'https://robohash.org/culparepellendusmaxime.jpg?size=50x50&set=set1');
INSERT INTO persona (idPersona, primerNombre, segundoNombre, primerApellido, segundoApellido, email, password, genero, direccion, fechaNacimiento, imagenIdentificacion) VALUES (158, 'Alvina', 'Anselma', 'Dottrell', 'Acheson', 'Alvina.Dottrell4@unah.hn', '1c7a92ae351d4e21ebdfb897508f59d6', 'F', '7177 Butterfield Alley', '1951-04-25', 'https://robohash.org/beataeaperiamearum.jpg?size=50x50&set=set1');
INSERT INTO persona (idPersona, primerNombre, segundoNombre, primerApellido, segundoApellido, email, password, genero, direccion, fechaNacimiento, imagenIdentificacion) VALUES (159, 'Hirsch', 'Fidole', 'Ixor', 'Lockhart', 'Hirsch_Ixor63@gmail.com', 'e10adc3949ba59abbe56e057f20f883e', 'M', '1 Hauk Trail', '1996-07-21', 'https://robohash.org/aliquamautemconsequuntur.jpg?size=50x50&set=set1');
INSERT INTO persona (idPersona, primerNombre, segundoNombre, primerApellido, segundoApellido, email, password, genero, direccion, fechaNacimiento, imagenIdentificacion) VALUES (160, 'Brynne', 'Con', 'Gascoyen', 'Killough', 'Brynne.Gascoyen@live.com', 'e10adc3949ba59abbe56e057f20f883e', 'F', '96 Lawn Street', '1938-06-09', 'https://robohash.org/molestiaserrorquibusdam.jpg?size=50x50&set=set1');
INSERT INTO persona (idPersona, primerNombre, segundoNombre, primerApellido, segundoApellido, email, password, genero, direccion, fechaNacimiento, imagenIdentificacion) VALUES (161, 'Gorden', 'Cosmo', 'Ivy', 'Hache', 'Gorden.Ivy55@yahoo.com', '03c345ae8bd4c13f4eb2eb6dde0a92e0', 'M', '95536 Little Fleur Park', '1999-12-08', 'https://robohash.org/quivoluptasconsequatur.jpg?size=50x50&set=set1');
INSERT INTO persona (idPersona, primerNombre, segundoNombre, primerApellido, segundoApellido, email, password, genero, direccion, fechaNacimiento, imagenIdentificacion) VALUES (162, 'Sybil', 'Teodora', 'Surtees', 'Seeking', 'Sybil_Surtees86@unah.hn', 'e10adc3949ba59abbe56e057f20f883e', 'F', '145 Fieldstone Trail', '1934-06-25', 'https://robohash.org/molestiaseligendidolor.jpg?size=50x50&set=set1');
INSERT INTO persona (idPersona, primerNombre, segundoNombre, primerApellido, segundoApellido, email, password, genero, direccion, fechaNacimiento, imagenIdentificacion) VALUES (163, 'Virgie', 'Natale', 'Barhem', 'Fumagallo', 'Virgie_Barhem02@unah.hn', '1c7a92ae351d4e21ebdfb897508f59d6', 'M', '227 Hermina Junction', '2001-08-09', 'https://robohash.org/molestiassolutaaperiam.jpg?size=50x50&set=set1');
INSERT INTO persona (idPersona, primerNombre, segundoNombre, primerApellido, segundoApellido, email, password, genero, direccion, fechaNacimiento, imagenIdentificacion) VALUES (164, 'Merline', 'Annette', 'Keelinge', 'Marcos', 'Merline_Keelinge9@live.com', '3350f6fad3335484f5cf293f739973a1', 'F', '9 Springs Point', '2011-02-14', 'https://robohash.org/idperferendispariatur.jpg?size=50x50&set=set1');
INSERT INTO persona (idPersona, primerNombre, segundoNombre, primerApellido, segundoApellido, email, password, genero, direccion, fechaNacimiento, imagenIdentificacion) VALUES (165, 'Seline', 'Faunie', 'Scolts', 'Skyme', 'Seline_Scolts0@gmail.com', '5f4dcc3b5aa765d61d8327deb882cf99', 'F', '53874 Gina Plaza', '2006-03-15', 'https://robohash.org/quamdignissimossoluta.jpg?size=50x50&set=set1');
INSERT INTO persona (idPersona, primerNombre, segundoNombre, primerApellido, segundoApellido, email, password, genero, direccion, fechaNacimiento, imagenIdentificacion) VALUES (166, 'Harrison', 'Randie', 'Danzey', 'Brundle', 'Harrison.Danzey85@gmail.com', 'd8578edf8458ce06fbc5bb76a58c5ca4', 'M', '3793 Stephen Parkway', '1934-01-23', 'https://robohash.org/velitquialaboriosam.jpg?size=50x50&set=set1');
INSERT INTO persona (idPersona, primerNombre, segundoNombre, primerApellido, segundoApellido, email, password, genero, direccion, fechaNacimiento, imagenIdentificacion) VALUES (167, 'Alvira', 'Sarita', 'Piniur', 'Marriot', 'Alvira.Piniur4@unah.hn', '5f4dcc3b5aa765d61d8327deb882cf99', 'F', '27 Northridge Road', '1978-04-23', 'https://robohash.org/quipraesentiumvoluptatem.jpg?size=50x50&set=set1');
INSERT INTO persona (idPersona, primerNombre, segundoNombre, primerApellido, segundoApellido, email, password, genero, direccion, fechaNacimiento, imagenIdentificacion) VALUES (168, 'Blayne', 'Zack', 'Dedney', 'O''Collopy', 'Blayne.Dedney26@live.com', 'e10adc3949ba59abbe56e057f20f883e', 'M', '811 South Terrace', '1987-10-19', 'https://robohash.org/ametcommodinostrum.jpg?size=50x50&set=set1');
INSERT INTO persona (idPersona, primerNombre, segundoNombre, primerApellido, segundoApellido, email, password, genero, direccion, fechaNacimiento, imagenIdentificacion) VALUES (169, 'Kimble', 'Denys', 'Griffitts', 'Huntress', 'Kimble_Griffitts@live.com', 'e10adc3949ba59abbe56e057f20f883e', 'M', '97 Tony Junction', '1931-01-05', 'https://robohash.org/animioptioexcepturi.jpg?size=50x50&set=set1');
INSERT INTO persona (idPersona, primerNombre, segundoNombre, primerApellido, segundoApellido, email, password, genero, direccion, fechaNacimiento, imagenIdentificacion) VALUES (170, 'Philippa', 'Christiana', 'Garrett', 'Couldwell', 'Philippa.Garrett19@live.com', 'd8578edf8458ce06fbc5bb76a58c5ca4', 'F', '3650 Cottonwood Lane', '2010-11-16', 'https://robohash.org/aliasautullam.jpg?size=50x50&set=set1');
INSERT INTO persona (idPersona, primerNombre, segundoNombre, primerApellido, segundoApellido, email, password, genero, direccion, fechaNacimiento, imagenIdentificacion) VALUES (171, 'Anallese', 'Alanah', 'Webley', 'Ellicock', 'Anallese.Webley7@gmail.com', 'e10adc3949ba59abbe56e057f20f883e', 'F', '3782 Hudson Center', '1943-04-14', 'https://robohash.org/ullamevenietvoluptas.jpg?size=50x50&set=set1');
INSERT INTO persona (idPersona, primerNombre, segundoNombre, primerApellido, segundoApellido, email, password, genero, direccion, fechaNacimiento, imagenIdentificacion) VALUES (172, 'Kirsteni', 'Fanchette', 'St. Leger', 'Emor', 'Kirsteni.St. Leger22@live.com', '5f4dcc3b5aa765d61d8327deb882cf99', 'F', '91 Havey Crossing', '1956-06-06', 'https://robohash.org/eaqueiureexercitationem.jpg?size=50x50&set=set1');
INSERT INTO persona (idPersona, primerNombre, segundoNombre, primerApellido, segundoApellido, email, password, genero, direccion, fechaNacimiento, imagenIdentificacion) VALUES (173, 'Araldo', 'Iosep', 'Shobrook', 'Renshall', 'Araldo_Shobrook@live.com', 'e10adc3949ba59abbe56e057f20f883e', 'M', '805 Montana Plaza', '1995-02-19', 'https://robohash.org/nullaessequam.jpg?size=50x50&set=set1');
INSERT INTO persona (idPersona, primerNombre, segundoNombre, primerApellido, segundoApellido, email, password, genero, direccion, fechaNacimiento, imagenIdentificacion) VALUES (174, 'Jaimie', 'Sidnee', 'Jandl', 'Kaasman', 'Jaimie.Jandl7@live.com', '3350f6fad3335484f5cf293f739973a1', 'M', '3259 Crownhardt Lane', '1970-06-22', 'https://robohash.org/doloremrepellenduseveniet.jpg?size=50x50&set=set1');
INSERT INTO persona (idPersona, primerNombre, segundoNombre, primerApellido, segundoApellido, email, password, genero, direccion, fechaNacimiento, imagenIdentificacion) VALUES (175, 'Sukey', 'Maude', 'Gronaver', 'Kimmince', 'Sukey_Gronaver5@unah.hn', '5f4dcc3b5aa765d61d8327deb882cf99', 'F', '5 Warrior Street', '1965-01-05', 'https://robohash.org/abducimusest.jpg?size=50x50&set=set1');
INSERT INTO persona (idPersona, primerNombre, segundoNombre, primerApellido, segundoApellido, email, password, genero, direccion, fechaNacimiento, imagenIdentificacion) VALUES (176, 'Wilone', 'Mellisent', 'Ivons', 'Glastonbury', 'Wilone_Ivons0@unah.hn', 'e10adc3949ba59abbe56e057f20f883e', 'F', '3 Forest Run Place', '1945-06-12', 'https://robohash.org/providentidrepudiandae.jpg?size=50x50&set=set1');
INSERT INTO persona (idPersona, primerNombre, segundoNombre, primerApellido, segundoApellido, email, password, genero, direccion, fechaNacimiento, imagenIdentificacion) VALUES (177, 'Elyn', 'Sonni', 'Rickardsson', 'Mosdill', 'Elyn.Rickardsson@live.com', '1c7a92ae351d4e21ebdfb897508f59d6', 'F', '78032 Surrey Hill', '1952-07-16', 'https://robohash.org/similiquedoloreexpedita.jpg?size=50x50&set=set1');
INSERT INTO persona (idPersona, primerNombre, segundoNombre, primerApellido, segundoApellido, email, password, genero, direccion, fechaNacimiento, imagenIdentificacion) VALUES (178, 'Laurie', 'Chandler', 'Guile', 'Leftwich', 'Laurie_Guile@live.com', '5f4dcc3b5aa765d61d8327deb882cf99', 'M', '63 Emmet Crossing', '1937-02-24', 'https://robohash.org/harumoditperspiciatis.jpg?size=50x50&set=set1');
INSERT INTO persona (idPersona, primerNombre, segundoNombre, primerApellido, segundoApellido, email, password, genero, direccion, fechaNacimiento, imagenIdentificacion) VALUES (179, 'Aluino', 'Quint', 'Showte', 'Dibble', 'Aluino.Showte68@yahoo.com', '03c345ae8bd4c13f4eb2eb6dde0a92e0', 'M', '8 Dawn Street', '1984-12-16', 'https://robohash.org/reruminperferendis.jpg?size=50x50&set=set1');
INSERT INTO persona (idPersona, primerNombre, segundoNombre, primerApellido, segundoApellido, email, password, genero, direccion, fechaNacimiento, imagenIdentificacion) VALUES (180, 'Raviv', 'Simon', 'Ascrofte', 'Coad', 'Raviv.Ascrofte04@unah.hn', '5f4dcc3b5aa765d61d8327deb882cf99', 'M', '4 Delladonna Court', '1963-02-21', 'https://robohash.org/utetvoluptate.jpg?size=50x50&set=set1');
INSERT INTO persona (idPersona, primerNombre, segundoNombre, primerApellido, segundoApellido, email, password, genero, direccion, fechaNacimiento, imagenIdentificacion) VALUES (181, 'Aubrey', 'Anabelle', 'Gouny', 'Idenden', 'Aubrey_Gouny62@live.com', 'd8578edf8458ce06fbc5bb76a58c5ca4', 'F', '01080 Basil Street', '1979-05-17', 'https://robohash.org/aspernaturidesse.jpg?size=50x50&set=set1');
INSERT INTO persona (idPersona, primerNombre, segundoNombre, primerApellido, segundoApellido, email, password, genero, direccion, fechaNacimiento, imagenIdentificacion) VALUES (182, 'Brittan', 'Anna-maria', 'Chimienti', 'Chaston', 'Brittan.Chimienti15@yahoo.com', '1c7a92ae351d4e21ebdfb897508f59d6', 'F', '722 Anniversary Road', '1972-05-10', 'https://robohash.org/oditetquis.jpg?size=50x50&set=set1');
INSERT INTO persona (idPersona, primerNombre, segundoNombre, primerApellido, segundoApellido, email, password, genero, direccion, fechaNacimiento, imagenIdentificacion) VALUES (183, 'Merry', 'Gav', 'Whoolehan', 'Dalling', 'Merry_Whoolehan05@live.com', '03c345ae8bd4c13f4eb2eb6dde0a92e0', 'M', '80 7th Trail', '1947-09-05', 'https://robohash.org/inventorenatusdoloremque.jpg?size=50x50&set=set1');
INSERT INTO persona (idPersona, primerNombre, segundoNombre, primerApellido, segundoApellido, email, password, genero, direccion, fechaNacimiento, imagenIdentificacion) VALUES (184, 'Zeke', 'Vale', 'Nossent', 'Malham', 'Zeke.Nossent63@unah.hn', '5f4dcc3b5aa765d61d8327deb882cf99', 'M', '79 Sunnyside Pass', '1930-06-24', 'https://robohash.org/nequequasidolorum.jpg?size=50x50&set=set1');
INSERT INTO persona (idPersona, primerNombre, segundoNombre, primerApellido, segundoApellido, email, password, genero, direccion, fechaNacimiento, imagenIdentificacion) VALUES (185, 'Valaria', 'Kat', 'Tingey', 'Dart', 'Valaria_Tingey4@live.com', '1c7a92ae351d4e21ebdfb897508f59d6', 'F', '12 Graceland Street', '1937-10-08', 'https://robohash.org/iniurevoluptatem.jpg?size=50x50&set=set1');
INSERT INTO persona (idPersona, primerNombre, segundoNombre, primerApellido, segundoApellido, email, password, genero, direccion, fechaNacimiento, imagenIdentificacion) VALUES (186, 'Chanda', 'Daryn', 'Brawson', 'Chadwin', 'Chanda.Brawson8@unah.hn', '3350f6fad3335484f5cf293f739973a1', 'F', '3 Pine View Terrace', '2003-05-04', 'https://robohash.org/dolorumevenietmodi.jpg?size=50x50&set=set1');
INSERT INTO persona (idPersona, primerNombre, segundoNombre, primerApellido, segundoApellido, email, password, genero, direccion, fechaNacimiento, imagenIdentificacion) VALUES (187, 'Kimbra', 'Thomasina', 'Keel', 'Mistry', 'Kimbra.Keel8@unah.hn', '3350f6fad3335484f5cf293f739973a1', 'F', '6 Vernon Junction', '1933-11-11', 'https://robohash.org/nonquiprovident.jpg?size=50x50&set=set1');
INSERT INTO persona (idPersona, primerNombre, segundoNombre, primerApellido, segundoApellido, email, password, genero, direccion, fechaNacimiento, imagenIdentificacion) VALUES (188, 'Rodrique', 'Thibaut', 'Renish', 'Rames', 'Rodrique.Renish@unah.hn', 'e10adc3949ba59abbe56e057f20f883e', 'M', '5 Stang Hill', '1976-04-30', 'https://robohash.org/occaecatievenietmolestiae.jpg?size=50x50&set=set1');
INSERT INTO persona (idPersona, primerNombre, segundoNombre, primerApellido, segundoApellido, email, password, genero, direccion, fechaNacimiento, imagenIdentificacion) VALUES (189, 'Graham', 'Hilario', 'Szach', 'Ethersey', 'Graham.Szach2@yahoo.com', '5f4dcc3b5aa765d61d8327deb882cf99', 'M', '78 Buell Hill', '1954-07-18', 'https://robohash.org/laboreeumet.jpg?size=50x50&set=set1');
INSERT INTO persona (idPersona, primerNombre, segundoNombre, primerApellido, segundoApellido, email, password, genero, direccion, fechaNacimiento, imagenIdentificacion) VALUES (190, 'Townsend', 'Bald', 'Sainte Paul', 'Colrein', 'Townsend.Sainte Paul@unah.hn', '3350f6fad3335484f5cf293f739973a1', 'M', '3149 Macpherson Hill', '2009-04-28', 'https://robohash.org/estassumendaculpa.jpg?size=50x50&set=set1');
INSERT INTO persona (idPersona, primerNombre, segundoNombre, primerApellido, segundoApellido, email, password, genero, direccion, fechaNacimiento, imagenIdentificacion) VALUES (191, 'Doreen', 'Riannon', 'Leahy', 'Attwood', 'Doreen_Leahy3@live.com', '3350f6fad3335484f5cf293f739973a1', 'F', '1 Talisman Court', '2000-03-27', 'https://robohash.org/utnonsint.jpg?size=50x50&set=set1');
INSERT INTO persona (idPersona, primerNombre, segundoNombre, primerApellido, segundoApellido, email, password, genero, direccion, fechaNacimiento, imagenIdentificacion) VALUES (192, 'Bonnibelle', 'Nanon', 'Emps', 'Yakobovicz', 'Bonnibelle.Emps90@yahoo.com', '5f4dcc3b5aa765d61d8327deb882cf99', 'F', '4362 Dakota Parkway', '1956-03-07', 'https://robohash.org/nameligendilaborum.jpg?size=50x50&set=set1');
INSERT INTO persona (idPersona, primerNombre, segundoNombre, primerApellido, segundoApellido, email, password, genero, direccion, fechaNacimiento, imagenIdentificacion) VALUES (193, 'Keslie', 'Fina', 'Spira', 'Mulheron', 'Keslie_Spira64@live.com', '1c7a92ae351d4e21ebdfb897508f59d6', 'F', '96085 Grayhawk Terrace', '1984-05-16', 'https://robohash.org/quodipsaaut.jpg?size=50x50&set=set1');
INSERT INTO persona (idPersona, primerNombre, segundoNombre, primerApellido, segundoApellido, email, password, genero, direccion, fechaNacimiento, imagenIdentificacion) VALUES (194, 'Caesar', 'Tabbie', 'Sams', 'Canto', 'Caesar_Sams@live.com', 'd8578edf8458ce06fbc5bb76a58c5ca4', 'M', '8606 Mandrake Lane', '1945-09-20', 'https://robohash.org/utquisquama.jpg?size=50x50&set=set1');
INSERT INTO persona (idPersona, primerNombre, segundoNombre, primerApellido, segundoApellido, email, password, genero, direccion, fechaNacimiento, imagenIdentificacion) VALUES (195, 'Michele', 'Biron', 'Yter', 'Manthorpe', 'Michele.Yter10@yahoo.com', '5f4dcc3b5aa765d61d8327deb882cf99', 'M', '3 Ruskin Center', '1977-09-13', 'https://robohash.org/quosvoluptatemqui.jpg?size=50x50&set=set1');
INSERT INTO persona (idPersona, primerNombre, segundoNombre, primerApellido, segundoApellido, email, password, genero, direccion, fechaNacimiento, imagenIdentificacion) VALUES (196, 'Ida', 'Goldi', 'Jantzen', 'Swayland', 'Ida.Jantzen60@unah.hn', '1c7a92ae351d4e21ebdfb897508f59d6', 'F', '54 Havey Crossing', '1967-08-18', 'https://robohash.org/nihilcumfacilis.jpg?size=50x50&set=set1');
INSERT INTO persona (idPersona, primerNombre, segundoNombre, primerApellido, segundoApellido, email, password, genero, direccion, fechaNacimiento, imagenIdentificacion) VALUES (197, 'Vivienne', 'Nani', 'Kepling', 'Rowth', 'Vivienne.Kepling55@live.com', '3350f6fad3335484f5cf293f739973a1', 'F', '3003 Dorton Terrace', '1943-05-22', 'https://robohash.org/voluptaspraesentiumvoluptatem.jpg?size=50x50&set=set1');
INSERT INTO persona (idPersona, primerNombre, segundoNombre, primerApellido, segundoApellido, email, password, genero, direccion, fechaNacimiento, imagenIdentificacion) VALUES (198, 'Derick', 'Courtnay', 'Summersby', 'Keyte', 'Derick_Summersby09@unah.hn', '03c345ae8bd4c13f4eb2eb6dde0a92e0', 'M', '7 Forest Dale Point', '1936-04-02', 'https://robohash.org/odioassumendaet.jpg?size=50x50&set=set1');
INSERT INTO persona (idPersona, primerNombre, segundoNombre, primerApellido, segundoApellido, email, password, genero, direccion, fechaNacimiento, imagenIdentificacion) VALUES (199, 'Worthy', 'Marve', 'Coling', 'Maffini', 'Worthy_Coling@unah.hn', '5f4dcc3b5aa765d61d8327deb882cf99', 'M', '761 Lighthouse Bay Terrace', '1974-03-18', 'https://robohash.org/sintdoloremnatus.jpg?size=50x50&set=set1');
INSERT INTO persona (idPersona, primerNombre, segundoNombre, primerApellido, segundoApellido, email, password, genero, direccion, fechaNacimiento, imagenIdentificacion) VALUES (200, 'Patsy', 'Morris', 'Sanderson', 'Tomsett', 'Patsy_Sanderson@gmail.com', '5f4dcc3b5aa765d61d8327deb882cf99', 'M', '9692 Russell Way', '1933-02-25', 'https://robohash.org/nonveniamearum.jpg?size=50x50&set=set1');


-- -----------------------------------------------------
-- 200 Inserts de tabla Telefono
-- -----------------------------------------------------
INSERT INTO telefono (idTelefono, numeroTelefono, idPersona) VALUES (1, '+50431360721', 1);
INSERT INTO telefono (idTelefono, numeroTelefono, idPersona) VALUES (2, '+50434055164', 2);
INSERT INTO telefono (idTelefono, numeroTelefono, idPersona) VALUES (3, '+50432774545', 3);
INSERT INTO telefono (idTelefono, numeroTelefono, idPersona) VALUES (4, '+50490924499', 4);
INSERT INTO telefono (idTelefono, numeroTelefono, idPersona) VALUES (5, '+50496443444', 5);
INSERT INTO telefono (idTelefono, numeroTelefono, idPersona) VALUES (6, '+50495009071', 6);
INSERT INTO telefono (idTelefono, numeroTelefono, idPersona) VALUES (7, '+50492074620', 7);
INSERT INTO telefono (idTelefono, numeroTelefono, idPersona) VALUES (8, '+50431561930', 8);
INSERT INTO telefono (idTelefono, numeroTelefono, idPersona) VALUES (9, '+50492416824', 9);
INSERT INTO telefono (idTelefono, numeroTelefono, idPersona) VALUES (10, '+50487480353', 10);
INSERT INTO telefono (idTelefono, numeroTelefono, idPersona) VALUES (11, '+50494700119', 11);
INSERT INTO telefono (idTelefono, numeroTelefono, idPersona) VALUES (12, '+50490136350', 12);
INSERT INTO telefono (idTelefono, numeroTelefono, idPersona) VALUES (13, '+50498312985', 13);
INSERT INTO telefono (idTelefono, numeroTelefono, idPersona) VALUES (14, '+50435829833', 14);
INSERT INTO telefono (idTelefono, numeroTelefono, idPersona) VALUES (15, '+50430292141', 15);
INSERT INTO telefono (idTelefono, numeroTelefono, idPersona) VALUES (16, '+50499236340', 16);
INSERT INTO telefono (idTelefono, numeroTelefono, idPersona) VALUES (17, '+50492969670', 17);
INSERT INTO telefono (idTelefono, numeroTelefono, idPersona) VALUES (18, '+50493512749', 18);
INSERT INTO telefono (idTelefono, numeroTelefono, idPersona) VALUES (19, '+50493222471', 19);
INSERT INTO telefono (idTelefono, numeroTelefono, idPersona) VALUES (20, '+50494726990', 20);
INSERT INTO telefono (idTelefono, numeroTelefono, idPersona) VALUES (21, '+50496152542', 21);
INSERT INTO telefono (idTelefono, numeroTelefono, idPersona) VALUES (22, '+50499415376', 22);
INSERT INTO telefono (idTelefono, numeroTelefono, idPersona) VALUES (23, '+50486822963', 23);
INSERT INTO telefono (idTelefono, numeroTelefono, idPersona) VALUES (24, '+50490416270', 24);
INSERT INTO telefono (idTelefono, numeroTelefono, idPersona) VALUES (25, '+50430071265', 25);
INSERT INTO telefono (idTelefono, numeroTelefono, idPersona) VALUES (26, '+50494460469', 26);
INSERT INTO telefono (idTelefono, numeroTelefono, idPersona) VALUES (27, '+50496187204', 27);
INSERT INTO telefono (idTelefono, numeroTelefono, idPersona) VALUES (28, '+50499244926', 28);
INSERT INTO telefono (idTelefono, numeroTelefono, idPersona) VALUES (29, '+50493724807', 29);
INSERT INTO telefono (idTelefono, numeroTelefono, idPersona) VALUES (30, '+50499544379', 30);
INSERT INTO telefono (idTelefono, numeroTelefono, idPersona) VALUES (31, '+50491393225', 31);
INSERT INTO telefono (idTelefono, numeroTelefono, idPersona) VALUES (32, '+50494533729', 32);
INSERT INTO telefono (idTelefono, numeroTelefono, idPersona) VALUES (33, '+50488831788', 33);
INSERT INTO telefono (idTelefono, numeroTelefono, idPersona) VALUES (34, '+50499795522', 34);
INSERT INTO telefono (idTelefono, numeroTelefono, idPersona) VALUES (35, '+50490693210', 35);
INSERT INTO telefono (idTelefono, numeroTelefono, idPersona) VALUES (36, '+50431019258', 36);
INSERT INTO telefono (idTelefono, numeroTelefono, idPersona) VALUES (37, '+50430322265', 37);
INSERT INTO telefono (idTelefono, numeroTelefono, idPersona) VALUES (38, '+50487942748', 38);
INSERT INTO telefono (idTelefono, numeroTelefono, idPersona) VALUES (39, '+50498230769', 39);
INSERT INTO telefono (idTelefono, numeroTelefono, idPersona) VALUES (40, '+50480567570', 40);
INSERT INTO telefono (idTelefono, numeroTelefono, idPersona) VALUES (41, '+50480882573', 41);
INSERT INTO telefono (idTelefono, numeroTelefono, idPersona) VALUES (42, '+50484274319', 42);
INSERT INTO telefono (idTelefono, numeroTelefono, idPersona) VALUES (43, '+50496817732', 43);
INSERT INTO telefono (idTelefono, numeroTelefono, idPersona) VALUES (44, '+50492721414', 44);
INSERT INTO telefono (idTelefono, numeroTelefono, idPersona) VALUES (45, '+50434647700', 45);
INSERT INTO telefono (idTelefono, numeroTelefono, idPersona) VALUES (46, '+50480625172', 46);
INSERT INTO telefono (idTelefono, numeroTelefono, idPersona) VALUES (47, '+50484882811', 47);
INSERT INTO telefono (idTelefono, numeroTelefono, idPersona) VALUES (48, '+50498232537', 48);
INSERT INTO telefono (idTelefono, numeroTelefono, idPersona) VALUES (49, '+50494699328', 49);
INSERT INTO telefono (idTelefono, numeroTelefono, idPersona) VALUES (50, '+50498696526', 50);
INSERT INTO telefono (idTelefono, numeroTelefono, idPersona) VALUES (51, '+50439063927', 51);
INSERT INTO telefono (idTelefono, numeroTelefono, idPersona) VALUES (52, '+50484491543', 52);
INSERT INTO telefono (idTelefono, numeroTelefono, idPersona) VALUES (53, '+50437385824', 53);
INSERT INTO telefono (idTelefono, numeroTelefono, idPersona) VALUES (54, '+50485829217', 54);
INSERT INTO telefono (idTelefono, numeroTelefono, idPersona) VALUES (55, '+50431802304', 55);
INSERT INTO telefono (idTelefono, numeroTelefono, idPersona) VALUES (56, '+50495657152', 56);
INSERT INTO telefono (idTelefono, numeroTelefono, idPersona) VALUES (57, '+50493846047', 57);
INSERT INTO telefono (idTelefono, numeroTelefono, idPersona) VALUES (58, '+50498739521', 58);
INSERT INTO telefono (idTelefono, numeroTelefono, idPersona) VALUES (59, '+50496713581', 59);
INSERT INTO telefono (idTelefono, numeroTelefono, idPersona) VALUES (60, '+50484979442', 60);
INSERT INTO telefono (idTelefono, numeroTelefono, idPersona) VALUES (61, '+50497595341', 61);
INSERT INTO telefono (idTelefono, numeroTelefono, idPersona) VALUES (62, '+50495335796', 62);
INSERT INTO telefono (idTelefono, numeroTelefono, idPersona) VALUES (63, '+50430336213', 63);
INSERT INTO telefono (idTelefono, numeroTelefono, idPersona) VALUES (64, '+50496325915', 64);
INSERT INTO telefono (idTelefono, numeroTelefono, idPersona) VALUES (65, '+50495701304', 65);
INSERT INTO telefono (idTelefono, numeroTelefono, idPersona) VALUES (66, '+50482403277', 66);
INSERT INTO telefono (idTelefono, numeroTelefono, idPersona) VALUES (67, '+50498659689', 67);
INSERT INTO telefono (idTelefono, numeroTelefono, idPersona) VALUES (68, '+50490764625', 68);
INSERT INTO telefono (idTelefono, numeroTelefono, idPersona) VALUES (69, '+50499901378', 69);
INSERT INTO telefono (idTelefono, numeroTelefono, idPersona) VALUES (70, '+50487402865', 70);
INSERT INTO telefono (idTelefono, numeroTelefono, idPersona) VALUES (71, '+50491660860', 71);
INSERT INTO telefono (idTelefono, numeroTelefono, idPersona) VALUES (72, '+50499166767', 72);
INSERT INTO telefono (idTelefono, numeroTelefono, idPersona) VALUES (73, '+50438949819', 73);
INSERT INTO telefono (idTelefono, numeroTelefono, idPersona) VALUES (74, '+50496688651', 74);
INSERT INTO telefono (idTelefono, numeroTelefono, idPersona) VALUES (75, '+50432698589', 75);
INSERT INTO telefono (idTelefono, numeroTelefono, idPersona) VALUES (76, '+50498626650', 76);
INSERT INTO telefono (idTelefono, numeroTelefono, idPersona) VALUES (77, '+50480647519', 77);
INSERT INTO telefono (idTelefono, numeroTelefono, idPersona) VALUES (78, '+50439228429', 78);
INSERT INTO telefono (idTelefono, numeroTelefono, idPersona) VALUES (79, '+50430589284', 79);
INSERT INTO telefono (idTelefono, numeroTelefono, idPersona) VALUES (80, '+50494220657', 80);
INSERT INTO telefono (idTelefono, numeroTelefono, idPersona) VALUES (81, '+50487632890', 81);
INSERT INTO telefono (idTelefono, numeroTelefono, idPersona) VALUES (82, '+50439204006', 82);
INSERT INTO telefono (idTelefono, numeroTelefono, idPersona) VALUES (83, '+50488417501', 83);
INSERT INTO telefono (idTelefono, numeroTelefono, idPersona) VALUES (84, '+50492998614', 84);
INSERT INTO telefono (idTelefono, numeroTelefono, idPersona) VALUES (85, '+50494275885', 85);
INSERT INTO telefono (idTelefono, numeroTelefono, idPersona) VALUES (86, '+50489787638', 86);
INSERT INTO telefono (idTelefono, numeroTelefono, idPersona) VALUES (87, '+50489469639', 87);
INSERT INTO telefono (idTelefono, numeroTelefono, idPersona) VALUES (88, '+50491759671', 88);
INSERT INTO telefono (idTelefono, numeroTelefono, idPersona) VALUES (89, '+50495131897', 89);
INSERT INTO telefono (idTelefono, numeroTelefono, idPersona) VALUES (90, '+50493815992', 90);
INSERT INTO telefono (idTelefono, numeroTelefono, idPersona) VALUES (91, '+50493198396', 91);
INSERT INTO telefono (idTelefono, numeroTelefono, idPersona) VALUES (92, '+50480639649', 92);
INSERT INTO telefono (idTelefono, numeroTelefono, idPersona) VALUES (93, '+50432664870', 93);
INSERT INTO telefono (idTelefono, numeroTelefono, idPersona) VALUES (94, '+50498640955', 94);
INSERT INTO telefono (idTelefono, numeroTelefono, idPersona) VALUES (95, '+50493361461', 95);
INSERT INTO telefono (idTelefono, numeroTelefono, idPersona) VALUES (96, '+50490684038', 96);
INSERT INTO telefono (idTelefono, numeroTelefono, idPersona) VALUES (97, '+50493026017', 97);
INSERT INTO telefono (idTelefono, numeroTelefono, idPersona) VALUES (98, '+50438133611', 98);
INSERT INTO telefono (idTelefono, numeroTelefono, idPersona) VALUES (99, '+50432788082', 99);
INSERT INTO telefono (idTelefono, numeroTelefono, idPersona) VALUES (100, '+50487179167', 100);
INSERT INTO telefono (idTelefono, numeroTelefono, idPersona) VALUES (101, '+50488960605', 101);
INSERT INTO telefono (idTelefono, numeroTelefono, idPersona) VALUES (102, '+50487277358', 102);
INSERT INTO telefono (idTelefono, numeroTelefono, idPersona) VALUES (103, '+50496911761', 103);
INSERT INTO telefono (idTelefono, numeroTelefono, idPersona) VALUES (104, '+50499966917', 104);
INSERT INTO telefono (idTelefono, numeroTelefono, idPersona) VALUES (105, '+50436721808', 105);
INSERT INTO telefono (idTelefono, numeroTelefono, idPersona) VALUES (106, '+50497931762', 106);
INSERT INTO telefono (idTelefono, numeroTelefono, idPersona) VALUES (107, '+50481908266', 107);
INSERT INTO telefono (idTelefono, numeroTelefono, idPersona) VALUES (108, '+50492837577', 108);
INSERT INTO telefono (idTelefono, numeroTelefono, idPersona) VALUES (109, '+50490153733', 109);
INSERT INTO telefono (idTelefono, numeroTelefono, idPersona) VALUES (110, '+50498692886', 110);
INSERT INTO telefono (idTelefono, numeroTelefono, idPersona) VALUES (111, '+50489130007', 111);
INSERT INTO telefono (idTelefono, numeroTelefono, idPersona) VALUES (112, '+50485064715', 112);
INSERT INTO telefono (idTelefono, numeroTelefono, idPersona) VALUES (113, '+50492493555', 113);
INSERT INTO telefono (idTelefono, numeroTelefono, idPersona) VALUES (114, '+50480449436', 114);
INSERT INTO telefono (idTelefono, numeroTelefono, idPersona) VALUES (115, '+50485408287', 115);
INSERT INTO telefono (idTelefono, numeroTelefono, idPersona) VALUES (116, '+50498798043', 116);
INSERT INTO telefono (idTelefono, numeroTelefono, idPersona) VALUES (117, '+50483559415', 117);
INSERT INTO telefono (idTelefono, numeroTelefono, idPersona) VALUES (118, '+50433104217', 118);
INSERT INTO telefono (idTelefono, numeroTelefono, idPersona) VALUES (119, '+50491654895', 119);
INSERT INTO telefono (idTelefono, numeroTelefono, idPersona) VALUES (120, '+50496897402', 120);
INSERT INTO telefono (idTelefono, numeroTelefono, idPersona) VALUES (121, '+50490854781', 121);
INSERT INTO telefono (idTelefono, numeroTelefono, idPersona) VALUES (122, '+50496212211', 122);
INSERT INTO telefono (idTelefono, numeroTelefono, idPersona) VALUES (123, '+50490511485', 123);
INSERT INTO telefono (idTelefono, numeroTelefono, idPersona) VALUES (124, '+50434409145', 124);
INSERT INTO telefono (idTelefono, numeroTelefono, idPersona) VALUES (125, '+50493191849', 125);
INSERT INTO telefono (idTelefono, numeroTelefono, idPersona) VALUES (126, '+50490903005', 126);
INSERT INTO telefono (idTelefono, numeroTelefono, idPersona) VALUES (127, '+50430703661', 127);
INSERT INTO telefono (idTelefono, numeroTelefono, idPersona) VALUES (128, '+50494228307', 128);
INSERT INTO telefono (idTelefono, numeroTelefono, idPersona) VALUES (129, '+50439211417', 129);
INSERT INTO telefono (idTelefono, numeroTelefono, idPersona) VALUES (130, '+50434098375', 130);
INSERT INTO telefono (idTelefono, numeroTelefono, idPersona) VALUES (131, '+50433734253', 131);
INSERT INTO telefono (idTelefono, numeroTelefono, idPersona) VALUES (132, '+50489208062', 132);
INSERT INTO telefono (idTelefono, numeroTelefono, idPersona) VALUES (133, '+50496719294', 133);
INSERT INTO telefono (idTelefono, numeroTelefono, idPersona) VALUES (134, '+50437741833', 134);
INSERT INTO telefono (idTelefono, numeroTelefono, idPersona) VALUES (135, '+50484165467', 135);
INSERT INTO telefono (idTelefono, numeroTelefono, idPersona) VALUES (136, '+50491822126', 136);
INSERT INTO telefono (idTelefono, numeroTelefono, idPersona) VALUES (137, '+50488907103', 137);
INSERT INTO telefono (idTelefono, numeroTelefono, idPersona) VALUES (138, '+50430079956', 138);
INSERT INTO telefono (idTelefono, numeroTelefono, idPersona) VALUES (139, '+50492103730', 139);
INSERT INTO telefono (idTelefono, numeroTelefono, idPersona) VALUES (140, '+50430207463', 140);
INSERT INTO telefono (idTelefono, numeroTelefono, idPersona) VALUES (141, '+50431331752', 141);
INSERT INTO telefono (idTelefono, numeroTelefono, idPersona) VALUES (142, '+50497790596', 142);
INSERT INTO telefono (idTelefono, numeroTelefono, idPersona) VALUES (143, '+50498639438', 143);
INSERT INTO telefono (idTelefono, numeroTelefono, idPersona) VALUES (144, '+50496873517', 144);
INSERT INTO telefono (idTelefono, numeroTelefono, idPersona) VALUES (145, '+50436145802', 145);
INSERT INTO telefono (idTelefono, numeroTelefono, idPersona) VALUES (146, '+50497658509', 146);
INSERT INTO telefono (idTelefono, numeroTelefono, idPersona) VALUES (147, '+50489186048', 147);
INSERT INTO telefono (idTelefono, numeroTelefono, idPersona) VALUES (148, '+50483654170', 148);
INSERT INTO telefono (idTelefono, numeroTelefono, idPersona) VALUES (149, '+50490244621', 149);
INSERT INTO telefono (idTelefono, numeroTelefono, idPersona) VALUES (150, '+50493382917', 150);
INSERT INTO telefono (idTelefono, numeroTelefono, idPersona) VALUES (151, '+50491527914', 151);
INSERT INTO telefono (idTelefono, numeroTelefono, idPersona) VALUES (152, '+50499427937', 152);
INSERT INTO telefono (idTelefono, numeroTelefono, idPersona) VALUES (153, '+50493323666', 153);
INSERT INTO telefono (idTelefono, numeroTelefono, idPersona) VALUES (154, '+50433842560', 154);
INSERT INTO telefono (idTelefono, numeroTelefono, idPersona) VALUES (155, '+50433560550', 155);
INSERT INTO telefono (idTelefono, numeroTelefono, idPersona) VALUES (156, '+50497909723', 156);
INSERT INTO telefono (idTelefono, numeroTelefono, idPersona) VALUES (157, '+50494635445', 157);
INSERT INTO telefono (idTelefono, numeroTelefono, idPersona) VALUES (158, '+50437802693', 158);
INSERT INTO telefono (idTelefono, numeroTelefono, idPersona) VALUES (159, '+50436464330', 159);
INSERT INTO telefono (idTelefono, numeroTelefono, idPersona) VALUES (160, '+50493562857', 160);
INSERT INTO telefono (idTelefono, numeroTelefono, idPersona) VALUES (161, '+50484352211', 161);
INSERT INTO telefono (idTelefono, numeroTelefono, idPersona) VALUES (162, '+50490194331', 162);
INSERT INTO telefono (idTelefono, numeroTelefono, idPersona) VALUES (163, '+50435234268', 163);
INSERT INTO telefono (idTelefono, numeroTelefono, idPersona) VALUES (164, '+50498898899', 164);
INSERT INTO telefono (idTelefono, numeroTelefono, idPersona) VALUES (165, '+50497814905', 165);
INSERT INTO telefono (idTelefono, numeroTelefono, idPersona) VALUES (166, '+50499310849', 166);
INSERT INTO telefono (idTelefono, numeroTelefono, idPersona) VALUES (167, '+50432882281', 167);
INSERT INTO telefono (idTelefono, numeroTelefono, idPersona) VALUES (168, '+50489179888', 168);
INSERT INTO telefono (idTelefono, numeroTelefono, idPersona) VALUES (169, '+50487642790', 169);
INSERT INTO telefono (idTelefono, numeroTelefono, idPersona) VALUES (170, '+50497336674', 170);
INSERT INTO telefono (idTelefono, numeroTelefono, idPersona) VALUES (171, '+50489717647', 171);
INSERT INTO telefono (idTelefono, numeroTelefono, idPersona) VALUES (172, '+50497131220', 172);
INSERT INTO telefono (idTelefono, numeroTelefono, idPersona) VALUES (173, '+50492805109', 173);
INSERT INTO telefono (idTelefono, numeroTelefono, idPersona) VALUES (174, '+50436495822', 174);
INSERT INTO telefono (idTelefono, numeroTelefono, idPersona) VALUES (175, '+50431208697', 175);
INSERT INTO telefono (idTelefono, numeroTelefono, idPersona) VALUES (176, '+50431056058', 176);
INSERT INTO telefono (idTelefono, numeroTelefono, idPersona) VALUES (177, '+50493779366', 177);
INSERT INTO telefono (idTelefono, numeroTelefono, idPersona) VALUES (178, '+50435184361', 178);
INSERT INTO telefono (idTelefono, numeroTelefono, idPersona) VALUES (179, '+50498469871', 179);
INSERT INTO telefono (idTelefono, numeroTelefono, idPersona) VALUES (180, '+50486273444', 180);
INSERT INTO telefono (idTelefono, numeroTelefono, idPersona) VALUES (181, '+50491404931', 181);
INSERT INTO telefono (idTelefono, numeroTelefono, idPersona) VALUES (182, '+50497839819', 182);
INSERT INTO telefono (idTelefono, numeroTelefono, idPersona) VALUES (183, '+50499788180', 183);
INSERT INTO telefono (idTelefono, numeroTelefono, idPersona) VALUES (184, '+50436939587', 184);
INSERT INTO telefono (idTelefono, numeroTelefono, idPersona) VALUES (185, '+50495132108', 185);
INSERT INTO telefono (idTelefono, numeroTelefono, idPersona) VALUES (186, '+50490420925', 186);
INSERT INTO telefono (idTelefono, numeroTelefono, idPersona) VALUES (187, '+50496128174', 187);
INSERT INTO telefono (idTelefono, numeroTelefono, idPersona) VALUES (188, '+50491472411', 188);
INSERT INTO telefono (idTelefono, numeroTelefono, idPersona) VALUES (189, '+50432891959', 189);
INSERT INTO telefono (idTelefono, numeroTelefono, idPersona) VALUES (190, '+50439340418', 190);
INSERT INTO telefono (idTelefono, numeroTelefono, idPersona) VALUES (191, '+50496070643', 191);
INSERT INTO telefono (idTelefono, numeroTelefono, idPersona) VALUES (192, '+50485820242', 192);
INSERT INTO telefono (idTelefono, numeroTelefono, idPersona) VALUES (193, '+50499467858', 193);
INSERT INTO telefono (idTelefono, numeroTelefono, idPersona) VALUES (194, '+50494737295', 194);
INSERT INTO telefono (idTelefono, numeroTelefono, idPersona) VALUES (195, '+50485061696', 195);
INSERT INTO telefono (idTelefono, numeroTelefono, idPersona) VALUES (196, '+50483603757', 196);
INSERT INTO telefono (idTelefono, numeroTelefono, idPersona) VALUES (197, '+50435367432', 197);
INSERT INTO telefono (idTelefono, numeroTelefono, idPersona) VALUES (198, '+50491554316', 198);
INSERT INTO telefono (idTelefono, numeroTelefono, idPersona) VALUES (199, '+50491130456', 199);
INSERT INTO telefono (idTelefono, numeroTelefono, idPersona) VALUES (200, '+50497879383', 200);


-- -----------------------------------------------------
-- 105 Inserts de tabla Cliente
-- -----------------------------------------------------
INSERT INTO cliente (idCliente, fechaRegistro, estado, idPersona) VALUES (1, '2013-10-09', 'Activo', 96);
INSERT INTO cliente (idCliente, fechaRegistro, estado, idPersona) VALUES (2, '2012-02-20', 'Inactivo', 97);
INSERT INTO cliente (idCliente, fechaRegistro, estado, idPersona) VALUES (3, '2016-04-11', 'Inactivo', 98);
INSERT INTO cliente (idCliente, fechaRegistro, estado, idPersona) VALUES (4, '2017-12-30', 'Inactivo', 99);
INSERT INTO cliente (idCliente, fechaRegistro, estado, idPersona) VALUES (5, '2013-08-17', 'Inactivo', 100);
INSERT INTO cliente (idCliente, fechaRegistro, estado, idPersona) VALUES (6, '2013-11-06', 'Activo', 101);
INSERT INTO cliente (idCliente, fechaRegistro, estado, idPersona) VALUES (7, '2014-08-05', 'Activo', 102);
INSERT INTO cliente (idCliente, fechaRegistro, estado, idPersona) VALUES (8, '2016-09-03', 'Inactivo', 103);
INSERT INTO cliente (idCliente, fechaRegistro, estado, idPersona) VALUES (9, '2014-10-05', 'Inactivo', 104);
INSERT INTO cliente (idCliente, fechaRegistro, estado, idPersona) VALUES (10, '2013-11-14', 'Inactivo', 105);
INSERT INTO cliente (idCliente, fechaRegistro, estado, idPersona) VALUES (11, '2013-04-17', 'Inactivo', 106);
INSERT INTO cliente (idCliente, fechaRegistro, estado, idPersona) VALUES (12, '2013-01-30', 'Inactivo', 107);
INSERT INTO cliente (idCliente, fechaRegistro, estado, idPersona) VALUES (13, '2015-12-21', 'Activo', 108);
INSERT INTO cliente (idCliente, fechaRegistro, estado, idPersona) VALUES (14, '2016-09-30', 'Activo', 109);
INSERT INTO cliente (idCliente, fechaRegistro, estado, idPersona) VALUES (15, '2012-01-06', 'Inactivo', 110);
INSERT INTO cliente (idCliente, fechaRegistro, estado, idPersona) VALUES (16, '2016-12-29', 'Activo', 111);
INSERT INTO cliente (idCliente, fechaRegistro, estado, idPersona) VALUES (17, '2017-02-02', 'Activo', 112);
INSERT INTO cliente (idCliente, fechaRegistro, estado, idPersona) VALUES (18, '2013-11-30', 'Inactivo', 113);
INSERT INTO cliente (idCliente, fechaRegistro, estado, idPersona) VALUES (19, '2015-03-12', 'Inactivo', 114);
INSERT INTO cliente (idCliente, fechaRegistro, estado, idPersona) VALUES (20, '2013-06-05', 'Inactivo', 115);
INSERT INTO cliente (idCliente, fechaRegistro, estado, idPersona) VALUES (21, '2014-12-31', 'Inactivo', 116);
INSERT INTO cliente (idCliente, fechaRegistro, estado, idPersona) VALUES (22, '2016-08-14', 'Activo', 117);
INSERT INTO cliente (idCliente, fechaRegistro, estado, idPersona) VALUES (23, '2012-11-30', 'Inactivo', 118);
INSERT INTO cliente (idCliente, fechaRegistro, estado, idPersona) VALUES (24, '2016-10-11', 'Activo', 119);
INSERT INTO cliente (idCliente, fechaRegistro, estado, idPersona) VALUES (25, '2013-12-29', 'Inactivo', 120);
INSERT INTO cliente (idCliente, fechaRegistro, estado, idPersona) VALUES (26, '2014-01-22', 'Inactivo', 121);
INSERT INTO cliente (idCliente, fechaRegistro, estado, idPersona) VALUES (27, '2016-07-03', 'Inactivo', 122);
INSERT INTO cliente (idCliente, fechaRegistro, estado, idPersona) VALUES (28, '2016-09-30', 'Inactivo', 123);
INSERT INTO cliente (idCliente, fechaRegistro, estado, idPersona) VALUES (29, '2015-10-27', 'Inactivo', 124);
INSERT INTO cliente (idCliente, fechaRegistro, estado, idPersona) VALUES (30, '2016-12-18', 'Inactivo', 125);
INSERT INTO cliente (idCliente, fechaRegistro, estado, idPersona) VALUES (31, '2012-08-12', 'Activo', 126);
INSERT INTO cliente (idCliente, fechaRegistro, estado, idPersona) VALUES (32, '2015-09-02', 'Activo', 127);
INSERT INTO cliente (idCliente, fechaRegistro, estado, idPersona) VALUES (33, '2017-08-20', 'Inactivo', 128);
INSERT INTO cliente (idCliente, fechaRegistro, estado, idPersona) VALUES (34, '2017-06-14', 'Activo', 129);
INSERT INTO cliente (idCliente, fechaRegistro, estado, idPersona) VALUES (35, '2016-05-05', 'Activo', 130);
INSERT INTO cliente (idCliente, fechaRegistro, estado, idPersona) VALUES (36, '2013-07-15', 'Inactivo', 131);
INSERT INTO cliente (idCliente, fechaRegistro, estado, idPersona) VALUES (37, '2017-12-04', 'Inactivo', 132);
INSERT INTO cliente (idCliente, fechaRegistro, estado, idPersona) VALUES (38, '2013-09-28', 'Inactivo', 133);
INSERT INTO cliente (idCliente, fechaRegistro, estado, idPersona) VALUES (39, '2015-09-16', 'Inactivo', 134);
INSERT INTO cliente (idCliente, fechaRegistro, estado, idPersona) VALUES (40, '2012-05-15', 'Activo', 135);
INSERT INTO cliente (idCliente, fechaRegistro, estado, idPersona) VALUES (41, '2017-09-09', 'Activo', 136);
INSERT INTO cliente (idCliente, fechaRegistro, estado, idPersona) VALUES (42, '2012-08-10', 'Activo', 137);
INSERT INTO cliente (idCliente, fechaRegistro, estado, idPersona) VALUES (43, '2014-12-05', 'Activo', 138);
INSERT INTO cliente (idCliente, fechaRegistro, estado, idPersona) VALUES (44, '2015-02-14', 'Activo', 139);
INSERT INTO cliente (idCliente, fechaRegistro, estado, idPersona) VALUES (45, '2017-07-14', 'Inactivo', 140);
INSERT INTO cliente (idCliente, fechaRegistro, estado, idPersona) VALUES (46, '2013-10-15', 'Inactivo', 141);
INSERT INTO cliente (idCliente, fechaRegistro, estado, idPersona) VALUES (47, '2014-08-05', 'Activo', 142);
INSERT INTO cliente (idCliente, fechaRegistro, estado, idPersona) VALUES (48, '2014-11-08', 'Inactivo', 143);
INSERT INTO cliente (idCliente, fechaRegistro, estado, idPersona) VALUES (49, '2014-09-05', 'Inactivo', 144);
INSERT INTO cliente (idCliente, fechaRegistro, estado, idPersona) VALUES (50, '2017-05-19', 'Activo', 145);
INSERT INTO cliente (idCliente, fechaRegistro, estado, idPersona) VALUES (51, '2014-05-07', 'Inactivo', 146);
INSERT INTO cliente (idCliente, fechaRegistro, estado, idPersona) VALUES (52, '2014-06-24', 'Activo', 147);
INSERT INTO cliente (idCliente, fechaRegistro, estado, idPersona) VALUES (53, '2012-03-25', 'Activo', 148);
INSERT INTO cliente (idCliente, fechaRegistro, estado, idPersona) VALUES (54, '2017-10-18', 'Activo', 149);
INSERT INTO cliente (idCliente, fechaRegistro, estado, idPersona) VALUES (55, '2017-04-09', 'Activo', 150);
INSERT INTO cliente (idCliente, fechaRegistro, estado, idPersona) VALUES (56, '2012-10-27', 'Activo', 151);
INSERT INTO cliente (idCliente, fechaRegistro, estado, idPersona) VALUES (57, '2012-06-03', 'Activo', 152);
INSERT INTO cliente (idCliente, fechaRegistro, estado, idPersona) VALUES (58, '2016-02-22', 'Inactivo', 153);
INSERT INTO cliente (idCliente, fechaRegistro, estado, idPersona) VALUES (59, '2014-03-04', 'Activo', 154);
INSERT INTO cliente (idCliente, fechaRegistro, estado, idPersona) VALUES (60, '2015-10-06', 'Activo', 155);
INSERT INTO cliente (idCliente, fechaRegistro, estado, idPersona) VALUES (61, '2016-08-08', 'Activo', 156);
INSERT INTO cliente (idCliente, fechaRegistro, estado, idPersona) VALUES (62, '2012-03-21', 'Inactivo', 157);
INSERT INTO cliente (idCliente, fechaRegistro, estado, idPersona) VALUES (63, '2013-03-27', 'Inactivo', 158);
INSERT INTO cliente (idCliente, fechaRegistro, estado, idPersona) VALUES (64, '2014-10-08', 'Activo', 159);
INSERT INTO cliente (idCliente, fechaRegistro, estado, idPersona) VALUES (65, '2013-01-13', 'Activo', 160);
INSERT INTO cliente (idCliente, fechaRegistro, estado, idPersona) VALUES (66, '2017-03-11', 'Activo', 161);
INSERT INTO cliente (idCliente, fechaRegistro, estado, idPersona) VALUES (67, '2014-10-26', 'Inactivo', 162);
INSERT INTO cliente (idCliente, fechaRegistro, estado, idPersona) VALUES (68, '2017-08-16', 'Activo', 163);
INSERT INTO cliente (idCliente, fechaRegistro, estado, idPersona) VALUES (69, '2015-04-17', 'Inactivo', 164);
INSERT INTO cliente (idCliente, fechaRegistro, estado, idPersona) VALUES (70, '2015-05-26', 'Inactivo', 165);
INSERT INTO cliente (idCliente, fechaRegistro, estado, idPersona) VALUES (71, '2017-07-04', 'Inactivo', 166);
INSERT INTO cliente (idCliente, fechaRegistro, estado, idPersona) VALUES (72, '2014-03-28', 'Inactivo', 167);
INSERT INTO cliente (idCliente, fechaRegistro, estado, idPersona) VALUES (73, '2016-04-21', 'Activo', 168);
INSERT INTO cliente (idCliente, fechaRegistro, estado, idPersona) VALUES (74, '2017-08-06', 'Activo', 169);
INSERT INTO cliente (idCliente, fechaRegistro, estado, idPersona) VALUES (75, '2014-03-22', 'Inactivo', 170);
INSERT INTO cliente (idCliente, fechaRegistro, estado, idPersona) VALUES (76, '2016-11-07', 'Inactivo', 171);
INSERT INTO cliente (idCliente, fechaRegistro, estado, idPersona) VALUES (77, '2012-01-21', 'Inactivo', 172);
INSERT INTO cliente (idCliente, fechaRegistro, estado, idPersona) VALUES (78, '2012-06-10', 'Activo', 173);
INSERT INTO cliente (idCliente, fechaRegistro, estado, idPersona) VALUES (79, '2017-03-13', 'Inactivo', 174);
INSERT INTO cliente (idCliente, fechaRegistro, estado, idPersona) VALUES (80, '2014-09-08', 'Activo', 175);
INSERT INTO cliente (idCliente, fechaRegistro, estado, idPersona) VALUES (81, '2013-12-16', 'Inactivo', 176);
INSERT INTO cliente (idCliente, fechaRegistro, estado, idPersona) VALUES (82, '2014-12-16', 'Activo', 177);
INSERT INTO cliente (idCliente, fechaRegistro, estado, idPersona) VALUES (83, '2017-07-23', 'Inactivo', 178);
INSERT INTO cliente (idCliente, fechaRegistro, estado, idPersona) VALUES (84, '2016-04-16', 'Activo', 179);
INSERT INTO cliente (idCliente, fechaRegistro, estado, idPersona) VALUES (85, '2016-06-28', 'Activo', 180);
INSERT INTO cliente (idCliente, fechaRegistro, estado, idPersona) VALUES (86, '2016-03-30', 'Activo', 181);
INSERT INTO cliente (idCliente, fechaRegistro, estado, idPersona) VALUES (87, '2017-03-15', 'Activo', 182);
INSERT INTO cliente (idCliente, fechaRegistro, estado, idPersona) VALUES (88, '2017-07-09', 'Inactivo', 183);
INSERT INTO cliente (idCliente, fechaRegistro, estado, idPersona) VALUES (89, '2013-12-29', 'Activo', 184);
INSERT INTO cliente (idCliente, fechaRegistro, estado, idPersona) VALUES (90, '2014-02-17', 'Activo', 185);
INSERT INTO cliente (idCliente, fechaRegistro, estado, idPersona) VALUES (91, '2014-01-04', 'Inactivo', 186);
INSERT INTO cliente (idCliente, fechaRegistro, estado, idPersona) VALUES (92, '2017-01-12', 'Activo', 187);
INSERT INTO cliente (idCliente, fechaRegistro, estado, idPersona) VALUES (93, '2014-06-19', 'Inactivo', 188);
INSERT INTO cliente (idCliente, fechaRegistro, estado, idPersona) VALUES (94, '2015-01-26', 'Activo', 189);
INSERT INTO cliente (idCliente, fechaRegistro, estado, idPersona) VALUES (95, '2014-10-13', 'Inactivo', 190);
INSERT INTO cliente (idCliente, fechaRegistro, estado, idPersona) VALUES (96, '2017-05-31', 'Activo', 191);
INSERT INTO cliente (idCliente, fechaRegistro, estado, idPersona) VALUES (97, '2016-07-27', 'Inactivo', 192);
INSERT INTO cliente (idCliente, fechaRegistro, estado, idPersona) VALUES (98, '2013-03-24', 'Inactivo', 193);
INSERT INTO cliente (idCliente, fechaRegistro, estado, idPersona) VALUES (99, '2013-06-13', 'Inactivo', 194);
INSERT INTO cliente (idCliente, fechaRegistro, estado, idPersona) VALUES (100, '2012-01-02', 'Inactivo', 195);
INSERT INTO cliente (idCliente, fechaRegistro, estado, idPersona) VALUES (101, '2017-08-26', 'Activo', 196);
INSERT INTO cliente (idCliente, fechaRegistro, estado, idPersona) VALUES (102, '2013-03-09', 'Activo', 197);
INSERT INTO cliente (idCliente, fechaRegistro, estado, idPersona) VALUES (103, '2017-02-15', 'Activo', 198);
INSERT INTO cliente (idCliente, fechaRegistro, estado, idPersona) VALUES (104, '2016-02-17', 'Activo', 199);
INSERT INTO cliente (idCliente, fechaRegistro, estado, idPersona) VALUES (105, '2014-05-08', 'Inactivo', 200);
