-- -----------------------------------------------------
-- 18 Inserts de tabla hotel
-- -----------------------------------------------------
INSERT INTO hotel VALUES ('1', 'sucursal San Pedro Sula');
INSERT INTO hotel VALUES ('2', 'sucursal Tegucigalpa');
INSERT INTO hotel VALUES ('3', 'sucursal La Ceiba');
INSERT INTO hotel VALUES ('4', 'sucursal Tela');
INSERT INTO hotel VALUES ('5', 'sucursal Comayagua');
INSERT INTO hotel VALUES ('6', 'sucursal Choluteca');
INSERT INTO hotel VALUES ('7', 'sucursal Nacaome');
INSERT INTO hotel VALUES ('8', 'sucursal Gracias');
INSERT INTO hotel VALUES ('9', 'sucursal Puerto Cortés');
INSERT INTO hotel VALUES ('10', 'sucursal La Paz');
INSERT INTO hotel VALUES ('11', 'sucursal La Esperanza');
INSERT INTO hotel VALUES ('12', 'sucursal Valle de Ángeles');
INSERT INTO hotel VALUES ('13', 'sucursal Santa Lucía');
INSERT INTO hotel VALUES ('14', 'sucursal El Paraíso');
INSERT INTO hotel VALUES ('15', 'sucursal Copán');
INSERT INTO hotel VALUES ('16', 'sucursal Trujillo');
INSERT INTO hotel VALUES ('17', 'sucursal Utila');
INSERT INTO hotel VALUES ('18', 'sucursal Yoro');


-- -----------------------------------------------------
-- 7 Inserts de tabla banco
-- -----------------------------------------------------
INSERT INTO banco (idBanco, nombreBanco) VALUES ('1', 'Atlántida');
INSERT INTO banco (idBanco, nombreBanco) VALUES ('2', 'Ficohsa');
INSERT INTO banco (idBanco, nombreBanco) VALUES ('3', 'BAC');
INSERT INTO banco (idBanco, nombreBanco) VALUES ('4', 'Ficensa');
INSERT INTO banco (idBanco, nombreBanco) VALUES ('5', 'Occidente');
INSERT INTO banco (idBanco, nombreBanco) VALUES ('6', 'Lafise');
INSERT INTO banco (idBanco, nombreBanco) VALUES ('7', 'Davivienda');


-- -----------------------------------------------------
-- 15 Inserts de tabla menú
-- -----------------------------------------------------
INSERT INTO menu VALUES ('1', 'Este es el menú 1');
INSERT INTO menu VALUES ('2', 'Este es el menú 2');
INSERT INTO menu VALUES ('3', 'Este es el menú 3');
INSERT INTO menu VALUES ('4', 'Este es el menú 4');
INSERT INTO menu VALUES ('5', 'Este es el menú 5');
INSERT INTO menu VALUES ('6', 'Este es el menú 6');
INSERT INTO menu VALUES ('7', 'Este es el menú 7');
INSERT INTO menu VALUES ('8', 'Este es el menú 8');
INSERT INTO menu VALUES ('9', 'Este es el menú 9');
INSERT INTO menu VALUES ('10', 'Este es el menú 10');
INSERT INTO menu VALUES ('11', 'Este es el menú 11');
INSERT INTO menu VALUES ('12', 'Este es el menú 12');
INSERT INTO menu VALUES ('13', 'Este es el menú 13');
INSERT INTO menu VALUES ('14', 'Este es el menú 14');
INSERT INTO menu VALUES ('15', 'Este es el menú 15');


-- -----------------------------------------------------
-- 4 Inserts de tabla modoPago
-- -----------------------------------------------------
INSERT INTO modopago VALUES ('1', 'Tarjeta de Crédito', 'Solo aceptamos tarjetas Visa y Mastercard');
INSERT INTO modopago VALUES ('2', 'Tarjeta de Débito', 'Solo aceptamos tarjetas Visa y Mastercard');
INSERT INTO modopago VALUES ('3', 'cheques', 'No hay una descripción específica');
INSERT INTO modopago VALUES ('4', 'efectivo', 'No se aceptan billetes rayados');


-- -----------------------------------------------------
-- Inserts de tabla mesa
-- -----------------------------------------------------
INSERT INTO mesa VALUES ('1', '2', '1');
INSERT INTO mesa VALUES ('2', '6', '2');
INSERT INTO mesa VALUES ('3', '4', '3');
INSERT INTO mesa VALUES ('4', '10', '4');
INSERT INTO mesa VALUES ('5', '2', '5');
INSERT INTO mesa VALUES ('6', '5', '6');
INSERT INTO mesa VALUES ('7', '2', '7');
INSERT INTO mesa VALUES ('8', '6', '8');
INSERT INTO mesa VALUES ('9', '3', '9');
INSERT INTO mesa VALUES ('10', '6', '10');
INSERT INTO mesa VALUES ('11', '2', '11');
INSERT INTO mesa VALUES ('12', '4', '12');
INSERT INTO mesa VALUES ('13', '8', '13');
INSERT INTO mesa VALUES ('14', '3', '14');
INSERT INTO mesa VALUES ('15', '5', '15');
INSERT INTO mesa VALUES ('16', '6', '16');


-- -----------------------------------------------------
-- 3 Inserts de tabla tipoFactura
-- -----------------------------------------------------
INSERT INTO tipofactura VALUES ('1', 'Factura Hotel', 'Son las Facturas del hotel y sus Reservaciones'); 
INSERT INTO tipofactura VALUES ('2', 'Factura Restaurante', 'Son las Facturas del Rstaurante');
INSERT INTO tipofactura VALUES ('3', 'Factura Producto', 'Son las Facturas del Restaurante');


-- -----------------------------------------------------
-- 5 Inserts de tabla tipoCategoría
-- -----------------------------------------------------
INSERT INTO tipocategoria VALUES ('1', 'Especial', 'Incluye una cama Especial');
INSERT INTO tipocategoria VALUES ('2', 'Standard ', 'Incluye lo basico');
INSERT INTO tipocategoria VALUES ('3', 'Premium', 'Incluye cama comoda');
INSERT INTO tipocategoria VALUES ('4', 'Corporativa', 'Incluye camas comodas y una computadora');


-- -----------------------------------------------------
-- 4 Inserts de tabla tipoHabitacion
-- -----------------------------------------------------
INSERT INTO tipohabitacion VALUES ('1', 'Cama Personal', 'Incluye 1 cama personal');
INSERT INTO tipohabitacion VALUES ('2', 'Cama Matrimonial', 'Incluye 1 cama matrimonial');
INSERT INTO tipohabitacion VALUES ('3', 'Cama Doble', 'Incluye 2 camas personales');
INSERT INTO tipohabitacion VALUES ('4', 'Cama Triple', 'Incluye 3 camas personales');


-- -----------------------------------------------------
-- Inserts de tabla cargo
-- -----------------------------------------------------
INSERT INTO cargo VALUES ('1', 'Gerente del Hotel','20,000','35,000','A');
INSERT INTO cargo VALUES ('2', 'Gerente de Cuentas','20,000','30,000','A');
INSERT INTO cargo VALUES ('3', 'Jefe de ventas','15,000','20,000','A');
INSERT INTO cargo VALUES ('4', 'Administrador','20,000','30,000','A');
INSERT INTO cargo VALUES ('5', 'Recepcionista','10,000','15,000','A');
INSERT INTO cargo VALUES ('6', 'Gerente Restaurante','15,000','30,000','A');
INSERT INTO cargo VALUES ('7', 'Aseador','8,000','12,000','A');
INSERT INTO cargo VALUES ('8', 'Guardia','10,000','15,000','A');
INSERT INTO cargo VALUES ('9', 'Cocinero','15,000','20,000','A');
INSERT INTO cargo VALUES ('10', 'Bartender','10,000','15,000','A');
INSERT INTO cargo VALUES ('11', 'Mantenimiento','8,000','12,000','A');
INSERT INTO cargo VALUES ('12', 'Estilista','10,000','15,000','A');
INSERT INTO cargo VALUES ('13', 'Masajista','10,000','15,000','A');
INSERT INTO cargo VALUES ('14', 'Chef','20,000','30,000','A');
INSERT INTO cargo VALUES ('15', 'Mesero','10,000','15,000','A');
INSERT INTO cargo VALUES ('16', 'Jefe de almacén','10,000','15,000','A');

-- -----------------------------------------------------
-- 15 Inserts de tabla restaurante
-- -----------------------------------------------------
INSERT INTO restaurante (idRestaurante, horaApertura, horaCierre, telefono, idMenu) VALUES (1, '2012-11-06 07:00:00', '2017-04-14 23:00:00', '+50498410162', 1);
INSERT INTO restaurante (idRestaurante, horaApertura, horaCierre, telefono, idMenu) VALUES (2, '2012-01-01 07:00:00', '2018-03-27 22:00:00', '+50491753553', 2);
INSERT INTO restaurante (idRestaurante, horaApertura, horaCierre, telefono, idMenu) VALUES (3, '2012-12-01 07:00:00', '2018-03-18 22:00:00', '+50490065125', 3);
INSERT INTO restaurante (idRestaurante, horaApertura, horaCierre, telefono, idMenu) VALUES (4, '2012-07-18 07:00:00', '2017-12-09 22:00:00', '+50434638983', 4);
INSERT INTO restaurante (idRestaurante, horaApertura, horaCierre, telefono, idMenu) VALUES (5, '2013-11-21 07:00:00', '2017-05-31 22:00:00', '+50437131544', 5);
INSERT INTO restaurante (idRestaurante, horaApertura, horaCierre, telefono, idMenu) VALUES (6, '2013-12-15 07:00:00', '2018-02-15 22:00:00', '+50493856343', 6);
INSERT INTO restaurante (idRestaurante, horaApertura, horaCierre, telefono, idMenu) VALUES (7, '2013-12-30 07:00:00', '2018-01-06 22:00:00', '+50438567507', 7);
INSERT INTO restaurante (idRestaurante, horaApertura, horaCierre, telefono, idMenu) VALUES (8, '2012-06-19 07:00:00', '2018-01-18 22:00:00', '+50495172281', 8);
INSERT INTO restaurante (idRestaurante, horaApertura, horaCierre, telefono, idMenu) VALUES (9, '2013-12-13 07:00:00', '2017-09-01 22:00:00', '+50489856358', 9);
INSERT INTO restaurante (idRestaurante, horaApertura, horaCierre, telefono, idMenu) VALUES (10, '2012-09-30 07:00:00', '2017-04-09 22:00:00', '+50489067992', 10);
INSERT INTO restaurante (idRestaurante, horaApertura, horaCierre, telefono, idMenu) VALUES (11, '2012-04-14 07:00:00', '2017-10-08 22:00:00', '+50432988704', 11);
INSERT INTO restaurante (idRestaurante, horaApertura, horaCierre, telefono, idMenu) VALUES (12, '2013-07-03 07:00:00', '2017-09-24 22:00:00', '+50438374842', 12);
INSERT INTO restaurante (idRestaurante, horaApertura, horaCierre, telefono, idMenu) VALUES (13, '2012-02-14 07:00:00', '2017-10-21 22:00:00', '+50494116541', 13);
INSERT INTO restaurante (idRestaurante, horaApertura, horaCierre, telefono, idMenu) VALUES (14, '2012-09-25 07:00:00', '2017-04-17 22:00:00', '+50431970742', 14);
INSERT INTO restaurante (idRestaurante, horaApertura, horaCierre, telefono, idMenu) VALUES (15, '2013-12-21 07:00:00', '2017-10-29 22:00:00', '+50436760854', 15);

-- -----------------------------------------------------
-- 18 Inserts de tabla sucursal
-- -----------------------------------------------------
INSERT INTO sucursal VALUES ('1', 'sucursal San Pedro Sula','50','23958678','hotelsucursalsps@gmail.com','san pedro sula','Este es el hotel de sps','5','1');
INSERT INTO sucursal VALUES ('2', 'sucursal Tegucigalpa','100','22348697','hotelsucursaltgu@gmail.com','tegucigalpa','Este es el hotel de tgu','9','2');
INSERT INTO sucursal VALUES ('3', 'sucursal La Ceiba','80','25938576','hotelsucursallaceiba@gmail.com','La Ceiba','Este es el hotel de La Ceiba','4','3');
INSERT INTO sucursal VALUES ('4', 'sucursal Tela','120','25968794','hotelsucursaltela@gmail.com','Tela','Este es el hotel de tela','15','4');
INSERT INTO sucursal VALUES ('5', 'sucursal Comayagua','60','28576436','hotelsucursalcomayagua@gmail.com','Comayagua','Este es el hotel de Comayagua','1','5');
INSERT INTO sucursal VALUES ('6', 'sucursal Choluteca','40','23254697','hotelsucursalcholu@gmail.com','choluteca','Este es el hotel de choluteca','10','6');
INSERT INTO sucursal VALUES ('7', 'sucursal Nacaome','50','23953458','hotelsucursalnacaome@gmail.com','nacaome','Este es el hotel de nacaome','5','7');
INSERT INTO sucursal VALUES ('8', 'sucursal Gracias','150','24823697','hotelsucursalgracias@gmail.com','gracias','Este es el hotel de gracias','3','8');
INSERT INTO sucursal VALUES ('9', 'sucursal Puerto Cortés','80','29847562','hotelsucursalpc@gmail.com','puerto cortes','Este es el hotel de puerto cortes','7','9');
INSERT INTO sucursal VALUES ('10', 'sucursal La Paz','30','27465738','hotelsucursallapaz@gmail.com','la paz','Este es el hotel de la paz','4','10');
INSERT INTO sucursal VALUES ('11', 'sucursal La Esperanza','20','25761091','hotelsucursallaesperanza@gmail.com','la esperanza','Este es el hotel de la esperanza','8','11');
INSERT INTO sucursal VALUES ('12', 'sucursal Valle de Ángeles','50','22904879','hotelsucursalvalle@gmail.com','valle de angeles','Este es el hotel de valle de angeles','1','12');
INSERT INTO sucursal VALUES ('13', 'sucursal Santa Lucía','25','22456970','hotelsucursalsantalucia@gmail.com','santa lucia','Este es el hotel de santa lucia','5','13');
INSERT INTO sucursal VALUES ('14', 'sucursal El paraíso','100','24296870','hotelsucursalelparaiso@gmail.com','el paraiso','Este es el hotel de el paraiso','12','14');
INSERT INTO sucursal VALUES ('15', 'sucursal Copán','35','253952898','hotelsucursalcopan@gmail.com','copan ruinas','Este es el hotel de copan','15','15');
INSERT INTO sucursal VALUES ('16', 'sucursal Trujillo','200','22380997','hotelsucursaltrujillo@gmail.com','trujillo','Este es el hotel de trjuillo','8','16');
INSERT INTO sucursal VALUES ('17', 'sucursal Utila','50','24091034','hotelsucursalutila@gmail.com','utila','Este es el hotel de utila','6','17');
INSERT INTO sucursal VALUES ('18', 'sucursal Yoro','170','26742897','hotelsucursalyoro@gmail.com','yoro','Este es el hotel de yoro','9','18');


-- -----------------------------------------------------
-- 105 Inserts de tabla Empleado
-- -----------------------------------------------------
INSERT INTO empleado (idEmpleado, codigoEmpleado, fechaIngreso, fechaSalida, estado, idPersona, idSucursal, idEmpleadoSuperior) VALUES (1, '33024', '2012-09-22', null, 'Activo', 1, 1, 1);
INSERT INTO empleado (idEmpleado, codigoEmpleado, fechaIngreso, fechaSalida, estado, idPersona, idSucursal, idEmpleadoSuperior) VALUES (2, '15854', '2012-03-20', null, 'Activo', 2, 2, 2);
INSERT INTO empleado (idEmpleado, codigoEmpleado, fechaIngreso, fechaSalida, estado, idPersona, idSucursal, idEmpleadoSuperior) VALUES (3, '03537', '2014-10-26', null, 'Activo', 3, 3, 3);
INSERT INTO empleado (idEmpleado, codigoEmpleado, fechaIngreso, fechaSalida, estado, idPersona, idSucursal, idEmpleadoSuperior) VALUES (4, '54381', '2015-11-13', null, 'Activo', 4, 4, 4);
INSERT INTO empleado (idEmpleado, codigoEmpleado, fechaIngreso, fechaSalida, estado, idPersona, idSucursal, idEmpleadoSuperior) VALUES (5, '18811', '2013-11-27', null, 'Activo', 5, 5, 5);
INSERT INTO empleado (idEmpleado, codigoEmpleado, fechaIngreso, fechaSalida, estado, idPersona, idSucursal, idEmpleadoSuperior) VALUES (6, '23254', '2015-04-03', null, 'Activo', 6, 6, 6);
INSERT INTO empleado (idEmpleado, codigoEmpleado, fechaIngreso, fechaSalida, estado, idPersona, idSucursal, idEmpleadoSuperior) VALUES (7, '54435', '2013-10-19', null, 'Activo', 7, 7, 7);
INSERT INTO empleado (idEmpleado, codigoEmpleado, fechaIngreso, fechaSalida, estado, idPersona, idSucursal, idEmpleadoSuperior) VALUES (8, '74935', '2013-06-13', null, 'Activo', 8, 8, 8);
INSERT INTO empleado (idEmpleado, codigoEmpleado, fechaIngreso, fechaSalida, estado, idPersona, idSucursal, idEmpleadoSuperior) VALUES (9, '13810', '2014-01-24', null, 'Activo', 9, 9, 9);
INSERT INTO empleado (idEmpleado, codigoEmpleado, fechaIngreso, fechaSalida, estado, idPersona, idSucursal, idEmpleadoSuperior) VALUES (10, '37858', '2015-11-17', null, 'Activo', 10, 10, 10);
INSERT INTO empleado (idEmpleado, codigoEmpleado, fechaIngreso, fechaSalida, estado, idPersona, idSucursal, idEmpleadoSuperior) VALUES (11, '35099', '2015-05-05', null, 'Activo', 11, 11, 11);
INSERT INTO empleado (idEmpleado, codigoEmpleado, fechaIngreso, fechaSalida, estado, idPersona, idSucursal, idEmpleadoSuperior) VALUES (12, '83308', '2012-12-28', null, 'Activo', 12, 12, 12);
INSERT INTO empleado (idEmpleado, codigoEmpleado, fechaIngreso, fechaSalida, estado, idPersona, idSucursal, idEmpleadoSuperior) VALUES (13, '81635', '2013-06-13', null, 'Activo', 13, 13, 13);
INSERT INTO empleado (idEmpleado, codigoEmpleado, fechaIngreso, fechaSalida, estado, idPersona, idSucursal, idEmpleadoSuperior) VALUES (14, '37544', '2015-04-08', null, 'Activo', 14, 14, 14);
INSERT INTO empleado (idEmpleado, codigoEmpleado, fechaIngreso, fechaSalida, estado, idPersona, idSucursal, idEmpleadoSuperior) VALUES (15, '59558', '2015-10-14', null, 'Activo', 15, 15, 15);
INSERT INTO empleado (idEmpleado, codigoEmpleado, fechaIngreso, fechaSalida, estado, idPersona, idSucursal, idEmpleadoSuperior) VALUES (16, '54451', '2012-08-26', null, 'Activo', 16, 1, 1);
INSERT INTO empleado (idEmpleado, codigoEmpleado, fechaIngreso, fechaSalida, estado, idPersona, idSucursal, idEmpleadoSuperior) VALUES (17, '96040', '2013-09-17', null, 'Activo', 17, 2, 2);
INSERT INTO empleado (idEmpleado, codigoEmpleado, fechaIngreso, fechaSalida, estado, idPersona, idSucursal, idEmpleadoSuperior) VALUES (18, '46082', '2013-07-21', null, 'Activo', 18, 3, 3);
INSERT INTO empleado (idEmpleado, codigoEmpleado, fechaIngreso, fechaSalida, estado, idPersona, idSucursal, idEmpleadoSuperior) VALUES (19, '85182', '2012-08-25', null, 'Activo', 19, 4, 4);
INSERT INTO empleado (idEmpleado, codigoEmpleado, fechaIngreso, fechaSalida, estado, idPersona, idSucursal, idEmpleadoSuperior) VALUES (20, '41752', '2012-01-21', null, 'Activo', 20, 5, 5);
INSERT INTO empleado (idEmpleado, codigoEmpleado, fechaIngreso, fechaSalida, estado, idPersona, idSucursal, idEmpleadoSuperior) VALUES (21, '38522', '2014-07-28', null, 'Activo', 21, 6, 6);
INSERT INTO empleado (idEmpleado, codigoEmpleado, fechaIngreso, fechaSalida, estado, idPersona, idSucursal, idEmpleadoSuperior) VALUES (22, '32122', '2013-03-15', '2017-08-14', 'Inactivo', 22, 7, 7);
INSERT INTO empleado (idEmpleado, codigoEmpleado, fechaIngreso, fechaSalida, estado, idPersona, idSucursal, idEmpleadoSuperior) VALUES (23, '34568', '2014-02-16', null, 'Activo', 23, 8, 8);
INSERT INTO empleado (idEmpleado, codigoEmpleado, fechaIngreso, fechaSalida, estado, idPersona, idSucursal, idEmpleadoSuperior) VALUES (24, '62592', '2013-08-08', null, 'Activo', 24, 9, 9);
INSERT INTO empleado (idEmpleado, codigoEmpleado, fechaIngreso, fechaSalida, estado, idPersona, idSucursal, idEmpleadoSuperior) VALUES (25, '40816', '2013-10-02', null, 'Activo', 25, 10, 10);
INSERT INTO empleado (idEmpleado, codigoEmpleado, fechaIngreso, fechaSalida, estado, idPersona, idSucursal, idEmpleadoSuperior) VALUES (26, '60043', '2012-08-26', '2017-10-01', 'Inactivo', 26, 11, 11);
INSERT INTO empleado (idEmpleado, codigoEmpleado, fechaIngreso, fechaSalida, estado, idPersona, idSucursal, idEmpleadoSuperior) VALUES (27, '72439', '2013-09-23', null, 'Activo', 27, 12, 12);
INSERT INTO empleado (idEmpleado, codigoEmpleado, fechaIngreso, fechaSalida, estado, idPersona, idSucursal, idEmpleadoSuperior) VALUES (28, '96639', '2013-08-06', null, 'Activo', 28, 13, 13);
INSERT INTO empleado (idEmpleado, codigoEmpleado, fechaIngreso, fechaSalida, estado, idPersona, idSucursal, idEmpleadoSuperior) VALUES (29, '36144', '2012-06-27', null, 'Activo', 29, 14, 14);
INSERT INTO empleado (idEmpleado, codigoEmpleado, fechaIngreso, fechaSalida, estado, idPersona, idSucursal, idEmpleadoSuperior) VALUES (30, '01654', '2014-10-28', null, 'Activo', 30, 15, 15);
INSERT INTO empleado (idEmpleado, codigoEmpleado, fechaIngreso, fechaSalida, estado, idPersona, idSucursal, idEmpleadoSuperior) VALUES (31, '19692', '2012-02-01', null, 'Activo', 31, 1, 1);
INSERT INTO empleado (idEmpleado, codigoEmpleado, fechaIngreso, fechaSalida, estado, idPersona, idSucursal, idEmpleadoSuperior) VALUES (32, '94179', '2012-10-02', null, 'Activo', 32, 2, 2);
INSERT INTO empleado (idEmpleado, codigoEmpleado, fechaIngreso, fechaSalida, estado, idPersona, idSucursal, idEmpleadoSuperior) VALUES (33, '58535', '2014-08-27', null, 'Activo', 33, 3, 3);
INSERT INTO empleado (idEmpleado, codigoEmpleado, fechaIngreso, fechaSalida, estado, idPersona, idSucursal, idEmpleadoSuperior) VALUES (34, '31715', '2013-12-03', '2017-03-23', 'Inactivo', 34, 4, 4);
INSERT INTO empleado (idEmpleado, codigoEmpleado, fechaIngreso, fechaSalida, estado, idPersona, idSucursal, idEmpleadoSuperior) VALUES (35, '00203', '2015-01-31', null, 'Activo', 35, 5, 5);
INSERT INTO empleado (idEmpleado, codigoEmpleado, fechaIngreso, fechaSalida, estado, idPersona, idSucursal, idEmpleadoSuperior) VALUES (36, '63046', '2015-12-12', null, 'Activo', 36, 6, 6);
INSERT INTO empleado (idEmpleado, codigoEmpleado, fechaIngreso, fechaSalida, estado, idPersona, idSucursal, idEmpleadoSuperior) VALUES (37, '58465', '2013-08-25', null, 'Activo', 37, 7, 7);
INSERT INTO empleado (idEmpleado, codigoEmpleado, fechaIngreso, fechaSalida, estado, idPersona, idSucursal, idEmpleadoSuperior) VALUES (38, '53037', '2012-01-20', null, 'Activo', 38, 8, 8);
INSERT INTO empleado (idEmpleado, codigoEmpleado, fechaIngreso, fechaSalida, estado, idPersona, idSucursal, idEmpleadoSuperior) VALUES (39, '11842', '2013-02-02', null, 'Activo', 39, 9, 9);
INSERT INTO empleado (idEmpleado, codigoEmpleado, fechaIngreso, fechaSalida, estado, idPersona, idSucursal, idEmpleadoSuperior) VALUES (40, '46242', '2012-09-15', null, 'Activo', 40, 10, 10);
INSERT INTO empleado (idEmpleado, codigoEmpleado, fechaIngreso, fechaSalida, estado, idPersona, idSucursal, idEmpleadoSuperior) VALUES (41, '43957', '2014-04-05', null, 'Activo', 41, 11, 11);
INSERT INTO empleado (idEmpleado, codigoEmpleado, fechaIngreso, fechaSalida, estado, idPersona, idSucursal, idEmpleadoSuperior) VALUES (42, '35132', '2013-02-17', '2015-07-04', 'Inactivo', 42, 12, 12);
INSERT INTO empleado (idEmpleado, codigoEmpleado, fechaIngreso, fechaSalida, estado, idPersona, idSucursal, idEmpleadoSuperior) VALUES (43, '55845', '2012-08-09', null, 'Activo', 43, 13, 13);
INSERT INTO empleado (idEmpleado, codigoEmpleado, fechaIngreso, fechaSalida, estado, idPersona, idSucursal, idEmpleadoSuperior) VALUES (44, '55735', '2012-03-17', null, 'Activo', 44, 14, 14);
INSERT INTO empleado (idEmpleado, codigoEmpleado, fechaIngreso, fechaSalida, estado, idPersona, idSucursal, idEmpleadoSuperior) VALUES (45, '91991', '2014-02-22', null, 'Activo', 45, 15, 15);
INSERT INTO empleado (idEmpleado, codigoEmpleado, fechaIngreso, fechaSalida, estado, idPersona, idSucursal, idEmpleadoSuperior) VALUES (46, '73167', '2013-08-15', null, 'Activo', 46, 1, 1);
INSERT INTO empleado (idEmpleado, codigoEmpleado, fechaIngreso, fechaSalida, estado, idPersona, idSucursal, idEmpleadoSuperior) VALUES (47, '15969', '2015-03-12', null, 'Activo', 47, 2, 2);
INSERT INTO empleado (idEmpleado, codigoEmpleado, fechaIngreso, fechaSalida, estado, idPersona, idSucursal, idEmpleadoSuperior) VALUES (48, '04649', '2014-12-08', null, 'Activo', 48, 3, 3);
INSERT INTO empleado (idEmpleado, codigoEmpleado, fechaIngreso, fechaSalida, estado, idPersona, idSucursal, idEmpleadoSuperior) VALUES (49, '13738', '2014-09-02', null, 'Activo', 49, 4, 4);
INSERT INTO empleado (idEmpleado, codigoEmpleado, fechaIngreso, fechaSalida, estado, idPersona, idSucursal, idEmpleadoSuperior) VALUES (50, '35016', '2013-02-16', '2016-06-09', 'Inactivo', 50, 5, 5);
INSERT INTO empleado (idEmpleado, codigoEmpleado, fechaIngreso, fechaSalida, estado, idPersona, idSucursal, idEmpleadoSuperior) VALUES (51, '82078', '2015-12-17', null, 'Activo', 51, 6, 6);
INSERT INTO empleado (idEmpleado, codigoEmpleado, fechaIngreso, fechaSalida, estado, idPersona, idSucursal, idEmpleadoSuperior) VALUES (52, '42332', '2014-10-23', null, 'Activo', 52, 7, 7);
INSERT INTO empleado (idEmpleado, codigoEmpleado, fechaIngreso, fechaSalida, estado, idPersona, idSucursal, idEmpleadoSuperior) VALUES (53, '30530', '2014-12-21', null, 'Activo', 53, 8, 8);
INSERT INTO empleado (idEmpleado, codigoEmpleado, fechaIngreso, fechaSalida, estado, idPersona, idSucursal, idEmpleadoSuperior) VALUES (54, '46361', '2012-05-13', null, 'Activo', 54, 9, 9);
INSERT INTO empleado (idEmpleado, codigoEmpleado, fechaIngreso, fechaSalida, estado, idPersona, idSucursal, idEmpleadoSuperior) VALUES (55, '18745', '2014-07-08', null, 'Activo', 55, 10, 10);
INSERT INTO empleado (idEmpleado, codigoEmpleado, fechaIngreso, fechaSalida, estado, idPersona, idSucursal, idEmpleadoSuperior) VALUES (56, '78446', '2015-10-31', null, 'Activo', 56, 11, 11);
INSERT INTO empleado (idEmpleado, codigoEmpleado, fechaIngreso, fechaSalida, estado, idPersona, idSucursal, idEmpleadoSuperior) VALUES (57, '13265', '2015-06-20', null, 'Activo', 57, 12, 12);
INSERT INTO empleado (idEmpleado, codigoEmpleado, fechaIngreso, fechaSalida, estado, idPersona, idSucursal, idEmpleadoSuperior) VALUES (58, '41204', '2014-06-12', null, 'Activo', 58, 13, 13);
INSERT INTO empleado (idEmpleado, codigoEmpleado, fechaIngreso, fechaSalida, estado, idPersona, idSucursal, idEmpleadoSuperior) VALUES (59, '65511', '2012-06-03', null, 'Activo', 59, 14, 14);
INSERT INTO empleado (idEmpleado, codigoEmpleado, fechaIngreso, fechaSalida, estado, idPersona, idSucursal, idEmpleadoSuperior) VALUES (60, '67430', '2014-04-02', null, 'Activo', 60, 15, 15);
INSERT INTO empleado (idEmpleado, codigoEmpleado, fechaIngreso, fechaSalida, estado, idPersona, idSucursal, idEmpleadoSuperior) VALUES (61, '00285', '2012-04-02', null, 'Activo', 61, 1, 1);
INSERT INTO empleado (idEmpleado, codigoEmpleado, fechaIngreso, fechaSalida, estado, idPersona, idSucursal, idEmpleadoSuperior) VALUES (62, '58863', '2012-10-09', null, 'Activo', 62, 2, 2);
INSERT INTO empleado (idEmpleado, codigoEmpleado, fechaIngreso, fechaSalida, estado, idPersona, idSucursal, idEmpleadoSuperior) VALUES (63, '74414', '2013-12-21', null, 'Activo', 63, 3, 3);
INSERT INTO empleado (idEmpleado, codigoEmpleado, fechaIngreso, fechaSalida, estado, idPersona, idSucursal, idEmpleadoSuperior) VALUES (64, '19852', '2015-09-24', null, 'Activo', 64, 4, 4);
INSERT INTO empleado (idEmpleado, codigoEmpleado, fechaIngreso, fechaSalida, estado, idPersona, idSucursal, idEmpleadoSuperior) VALUES (65, '37494', '2015-06-27', null, 'Activo', 65, 5, 5);
INSERT INTO empleado (idEmpleado, codigoEmpleado, fechaIngreso, fechaSalida, estado, idPersona, idSucursal, idEmpleadoSuperior) VALUES (66, '42684', '2012-02-29', null, 'Activo', 66, 6, 6);
INSERT INTO empleado (idEmpleado, codigoEmpleado, fechaIngreso, fechaSalida, estado, idPersona, idSucursal, idEmpleadoSuperior) VALUES (67, '16361', '2014-09-18', null, 'Activo', 67, 7, 7);
INSERT INTO empleado (idEmpleado, codigoEmpleado, fechaIngreso, fechaSalida, estado, idPersona, idSucursal, idEmpleadoSuperior) VALUES (68, '48176', '2014-02-07', null, 'Activo', 68, 8, 8);
INSERT INTO empleado (idEmpleado, codigoEmpleado, fechaIngreso, fechaSalida, estado, idPersona, idSucursal, idEmpleadoSuperior) VALUES (69, '00989', '2014-10-17', null, 'Activo', 69, 9, 9);
INSERT INTO empleado (idEmpleado, codigoEmpleado, fechaIngreso, fechaSalida, estado, idPersona, idSucursal, idEmpleadoSuperior) VALUES (70, '42256', '2015-05-17', null, 'Activo', 70, 10, 10);
INSERT INTO empleado (idEmpleado, codigoEmpleado, fechaIngreso, fechaSalida, estado, idPersona, idSucursal, idEmpleadoSuperior) VALUES (71, '04270', '2012-04-21', null, 'Activo', 71, 11, 11);
INSERT INTO empleado (idEmpleado, codigoEmpleado, fechaIngreso, fechaSalida, estado, idPersona, idSucursal, idEmpleadoSuperior) VALUES (72, '02035', '2013-01-23', null, 'Activo', 72, 12, 12);
INSERT INTO empleado (idEmpleado, codigoEmpleado, fechaIngreso, fechaSalida, estado, idPersona, idSucursal, idEmpleadoSuperior) VALUES (73, '60032', '2014-12-15', null, 'Activo', 73, 13, 13);
INSERT INTO empleado (idEmpleado, codigoEmpleado, fechaIngreso, fechaSalida, estado, idPersona, idSucursal, idEmpleadoSuperior) VALUES (74, '46695', '2015-11-14', null, 'Activo', 74, 14, 14);
INSERT INTO empleado (idEmpleado, codigoEmpleado, fechaIngreso, fechaSalida, estado, idPersona, idSucursal, idEmpleadoSuperior) VALUES (75, '18940', '2015-02-28', null, 'Activo', 75, 15, 15);
INSERT INTO empleado (idEmpleado, codigoEmpleado, fechaIngreso, fechaSalida, estado, idPersona, idSucursal, idEmpleadoSuperior) VALUES (76, '67370', '2014-03-15', null, 'Activo', 76, 1, 1);
INSERT INTO empleado (idEmpleado, codigoEmpleado, fechaIngreso, fechaSalida, estado, idPersona, idSucursal, idEmpleadoSuperior) VALUES (77, '47406', '2012-10-11', null, 'Activo', 77, 2, 2);
INSERT INTO empleado (idEmpleado, codigoEmpleado, fechaIngreso, fechaSalida, estado, idPersona, idSucursal, idEmpleadoSuperior) VALUES (78, '52250', '2012-12-11', null, 'Activo', 78, 3, 3);
INSERT INTO empleado (idEmpleado, codigoEmpleado, fechaIngreso, fechaSalida, estado, idPersona, idSucursal, idEmpleadoSuperior) VALUES (79, '89697', '2012-07-19', null, 'Activo', 79, 4, 4);
INSERT INTO empleado (idEmpleado, codigoEmpleado, fechaIngreso, fechaSalida, estado, idPersona, idSucursal, idEmpleadoSuperior) VALUES (80, '63685', '2015-04-29', null, 'Activo', 80, 5, 5);
INSERT INTO empleado (idEmpleado, codigoEmpleado, fechaIngreso, fechaSalida, estado, idPersona, idSucursal, idEmpleadoSuperior) VALUES (81, '73105', '2013-03-08', null, 'Activo', 81, 6, 6);
INSERT INTO empleado (idEmpleado, codigoEmpleado, fechaIngreso, fechaSalida, estado, idPersona, idSucursal, idEmpleadoSuperior) VALUES (82, '50071', '2012-07-24', '2016-08-22', 'Inactivo', 82, 7, 7);
INSERT INTO empleado (idEmpleado, codigoEmpleado, fechaIngreso, fechaSalida, estado, idPersona, idSucursal, idEmpleadoSuperior) VALUES (83, '53279', '2014-02-23', null, 'Activo', 83, 8, 8);
INSERT INTO empleado (idEmpleado, codigoEmpleado, fechaIngreso, fechaSalida, estado, idPersona, idSucursal, idEmpleadoSuperior) VALUES (84, '55612', '2015-08-12', null, 'Activo', 84, 9, 9);
INSERT INTO empleado (idEmpleado, codigoEmpleado, fechaIngreso, fechaSalida, estado, idPersona, idSucursal, idEmpleadoSuperior) VALUES (85, '33734', '2014-02-02', null, 'Activo', 85, 10, 10);
INSERT INTO empleado (idEmpleado, codigoEmpleado, fechaIngreso, fechaSalida, estado, idPersona, idSucursal, idEmpleadoSuperior) VALUES (86, '97546', '2013-03-18', '2015-05-29', 'Inactivo', 86, 11, 11);
INSERT INTO empleado (idEmpleado, codigoEmpleado, fechaIngreso, fechaSalida, estado, idPersona, idSucursal, idEmpleadoSuperior) VALUES (87, '89860', '2015-09-15', null, 'Activo', 87, 12, 12);
INSERT INTO empleado (idEmpleado, codigoEmpleado, fechaIngreso, fechaSalida, estado, idPersona, idSucursal, idEmpleadoSuperior) VALUES (88, '71776', '2012-01-17', null, 'Activo', 88, 13, 13);
INSERT INTO empleado (idEmpleado, codigoEmpleado, fechaIngreso, fechaSalida, estado, idPersona, idSucursal, idEmpleadoSuperior) VALUES (89, '95246', '2014-06-05', null, 'Activo', 89, 14, 14);
INSERT INTO empleado (idEmpleado, codigoEmpleado, fechaIngreso, fechaSalida, estado, idPersona, idSucursal, idEmpleadoSuperior) VALUES (90, '65818', '2013-04-29', null, 'Activo', 90, 15, 15);
INSERT INTO empleado (idEmpleado, codigoEmpleado, fechaIngreso, fechaSalida, estado, idPersona, idSucursal, idEmpleadoSuperior) VALUES (91, '50061', '2012-12-25', null, 'Activo', 91, 1, 1);
INSERT INTO empleado (idEmpleado, codigoEmpleado, fechaIngreso, fechaSalida, estado, idPersona, idSucursal, idEmpleadoSuperior) VALUES (92, '19610', '2012-06-17', null, 'Activo', 92, 2, 2);
INSERT INTO empleado (idEmpleado, codigoEmpleado, fechaIngreso, fechaSalida, estado, idPersona, idSucursal, idEmpleadoSuperior) VALUES (93, '77791', '2015-03-07', null, 'Activo', 93, 3, 3);
INSERT INTO empleado (idEmpleado, codigoEmpleado, fechaIngreso, fechaSalida, estado, idPersona, idSucursal, idEmpleadoSuperior) VALUES (94, '33893', '2015-02-25', null, 'Activo', 94, 4, 4);
INSERT INTO empleado (idEmpleado, codigoEmpleado, fechaIngreso, fechaSalida, estado, idPersona, idSucursal, idEmpleadoSuperior) VALUES (95, '12304', '2014-08-07', null, 'Activo', 95, 5, 5);
INSERT INTO empleado (idEmpleado, codigoEmpleado, fechaIngreso, fechaSalida, estado, idPersona, idSucursal, idEmpleadoSuperior) VALUES (96, '64737', '2012-05-28', '2016-05-09', 'Inactivo', 96, 6, 6);
INSERT INTO empleado (idEmpleado, codigoEmpleado, fechaIngreso, fechaSalida, estado, idPersona, idSucursal, idEmpleadoSuperior) VALUES (97, '89357', '2015-06-28', null, 'Activo', 97, 7, 7);
INSERT INTO empleado (idEmpleado, codigoEmpleado, fechaIngreso, fechaSalida, estado, idPersona, idSucursal, idEmpleadoSuperior) VALUES (98, '96213', '2013-09-24', null, 'Activo', 98, 8, 8);
INSERT INTO empleado (idEmpleado, codigoEmpleado, fechaIngreso, fechaSalida, estado, idPersona, idSucursal, idEmpleadoSuperior) VALUES (99, '13290', '2015-03-05', null, 'Activo', 99, 9, 9);
INSERT INTO empleado (idEmpleado, codigoEmpleado, fechaIngreso, fechaSalida, estado, idPersona, idSucursal, idEmpleadoSuperior) VALUES (100, '09512', '2015-09-01', null, 'Activo', 100, 10, 10);
INSERT INTO empleado (idEmpleado, codigoEmpleado, fechaIngreso, fechaSalida, estado, idPersona, idSucursal, idEmpleadoSuperior) VALUES (101, '21867', '2015-08-03', '2014-09-08', 'Inactivo', 101, 11, 11);
INSERT INTO empleado (idEmpleado, codigoEmpleado, fechaIngreso, fechaSalida, estado, idPersona, idSucursal, idEmpleadoSuperior) VALUES (102, '45618', '2014-02-25', null, 'Activo', 102, 12, 12);
INSERT INTO empleado (idEmpleado, codigoEmpleado, fechaIngreso, fechaSalida, estado, idPersona, idSucursal, idEmpleadoSuperior) VALUES (103, '33274', '2014-10-23', null, 'Activo', 103, 13, 13);
INSERT INTO empleado (idEmpleado, codigoEmpleado, fechaIngreso, fechaSalida, estado, idPersona, idSucursal, idEmpleadoSuperior) VALUES (104, '06890', '2013-07-24', null, 'Activo', 104, 14, 14);
INSERT INTO empleado (idEmpleado, codigoEmpleado, fechaIngreso, fechaSalida, estado, idPersona, idSucursal, idEmpleadoSuperior) VALUES (105, '52655', '2013-10-09', null, 'Activo', 105, 15, 15);


-- -----------------------------------------------------
-- 6 Inserts de tabla servicio
-- -----------------------------------------------------
INSERT INTO servicio VALUES ('1', 'Wifi', 'La contraseña del wifi se entrega luego de pagar la habitación');
INSERT INTO servicio VALUES ('2', 'Piscina', 'La piscina puede ser utilizada únicamente por los huéspedes');
INSERT INTO servicio VALUES ('3', 'Estacionamiento', 'Si el cliente no es huésped, el estacionamiento tiene un precio después de estar 1 hora');
INSERT INTO servicio VALUES ('4', 'Alberca', 'Niños acompañados de un adulto');
INSERT INTO servicio VALUES ('5', 'Gimnasio', 'Puede ser utilizado únicamente por huéspedes');
INSERT INTO servicio VALUES ('6', 'Bar', 'Cualquier cliente puede consumir en el bar');


-- -----------------------------------------------------
-- 40 Inserts de tabla sucursal_servicio
-- -----------------------------------------------------
INSERT INTO sucursal_servicio VALUES ('1','6');
INSERT INTO sucursal_servicio VALUES ('1','3');
INSERT INTO sucursal_servicio VALUES ('2','2');
INSERT INTO sucursal_servicio VALUES ('2','1');
INSERT INTO sucursal_servicio VALUES ('9','4');
INSERT INTO sucursal_servicio VALUES ('4','2');
INSERT INTO sucursal_servicio VALUES ('4','1');
INSERT INTO sucursal_servicio VALUES ('18','5');
INSERT INTO sucursal_servicio VALUES ('2','5');
INSERT INTO sucursal_servicio VALUES ('3','1');
INSERT INTO sucursal_servicio VALUES ('3','6');
INSERT INTO sucursal_servicio VALUES ('3','5');
INSERT INTO sucursal_servicio VALUES ('6','1');
INSERT INTO sucursal_servicio VALUES ('6','4');
INSERT INTO sucursal_servicio VALUES ('7','6');
INSERT INTO sucursal_servicio VALUES ('4','3');
INSERT INTO sucursal_servicio VALUES ('7','2');
INSERT INTO sucursal_servicio VALUES ('8','1');
INSERT INTO sucursal_servicio VALUES ('8','4');
INSERT INTO sucursal_servicio VALUES ('8','3');
INSERT INTO sucursal_servicio VALUES ('8','6');
INSERT INTO sucursal_servicio VALUES ('9','3');
INSERT INTO sucursal_servicio VALUES ('9','1');
INSERT INTO sucursal_servicio VALUES ('10','4');
INSERT INTO sucursal_servicio VALUES ('10','2');
INSERT INTO sucursal_servicio VALUES ('11','5');
INSERT INTO sucursal_servicio VALUES ('11','6');
INSERT INTO sucursal_servicio VALUES ('11','2');
INSERT INTO sucursal_servicio VALUES ('15','3');
INSERT INTO sucursal_servicio VALUES ('15','5');
INSERT INTO sucursal_servicio VALUES ('13','3');
INSERT INTO sucursal_servicio VALUES ('14','2');
INSERT INTO sucursal_servicio VALUES ('14','1');
INSERT INTO sucursal_servicio VALUES ('16','3');
INSERT INTO sucursal_servicio VALUES ('17','5');
INSERT INTO sucursal_servicio VALUES ('17','1');
INSERT INTO sucursal_servicio VALUES ('17','3');
INSERT INTO sucursal_servicio VALUES ('18','6');
INSERT INTO sucursal_servicio VALUES ('5','1');
INSERT INTO sucursal_servicio VALUES ('18','1');


-- -----------------------------------------------------
-- 18 Inserts de tabla bodega
-- -----------------------------------------------------
INSERT INTO bodega VALUES ('1','Zaam-Dox','Burrows','Baby','1');
INSERT INTO bodega VALUES ('2','Otcom','Iowa','Electronics','2');
INSERT INTO bodega VALUES ('3','Sonsing','Vernon','Clothing','3');
INSERT INTO bodega VALUES ('4','Pannier','Bashford','Beauty','4');
INSERT INTO bodega VALUES ('5','Zoolab','Briar Crest','Clothing','5');
INSERT INTO bodega VALUES ('6','Cardguard','Prairieview','Electronics','6');
INSERT INTO bodega VALUES ('7','Veribet','Iowa','Computers','7');
INSERT INTO bodega VALUES ('8','Tin','Kedzie','Industrial','8');
INSERT INTO bodega VALUES ('9','Greenlam','Fordem','Beauty','9');
INSERT INTO bodega VALUES ('10','Cookley','Maryland','Grocery','10');
INSERT INTO bodega VALUES ('11','Regrant','Annamark','Health','11');
INSERT INTO bodega VALUES ('12','Hatity','Washington','Movies','12');
INSERT INTO bodega VALUES ('13','Bytecard','Dixon','Music','13');
INSERT INTO bodega VALUES ('14','Asoka','Amoth','Kids','14');
INSERT INTO bodega VALUES ('15','Fintone','Golf','Industrial','15');
INSERT INTO bodega VALUES ('16','Fix San','Sunfield','Books','16');
INSERT INTO bodega VALUES ('17','Quo Lux','Oxford','Shoes','17');
INSERT INTO bodega VALUES ('18','Ventosanzap','Fordem','Beauty','18');


-- -----------------------------------------------------
-- 105 Inserts de tabla cargo_empleado
-- -----------------------------------------------------
INSERT INTO cargo_empleado (idCargo, idEmpleado) VALUES (7, 1);
INSERT INTO cargo_empleado (idCargo, idEmpleado) VALUES (11, 2);
INSERT INTO cargo_empleado (idCargo, idEmpleado) VALUES (4, 3);
INSERT INTO cargo_empleado (idCargo, idEmpleado) VALUES (8, 4);
INSERT INTO cargo_empleado (idCargo, idEmpleado) VALUES (5, 5);
INSERT INTO cargo_empleado (idCargo, idEmpleado) VALUES (12, 6);
INSERT INTO cargo_empleado (idCargo, idEmpleado) VALUES (16, 7);
INSERT INTO cargo_empleado (idCargo, idEmpleado) VALUES (11, 8);
INSERT INTO cargo_empleado (idCargo, idEmpleado) VALUES (12, 9);
INSERT INTO cargo_empleado (idCargo, idEmpleado) VALUES (12, 10);
INSERT INTO cargo_empleado (idCargo, idEmpleado) VALUES (16, 11);
INSERT INTO cargo_empleado (idCargo, idEmpleado) VALUES (5, 12);
INSERT INTO cargo_empleado (idCargo, idEmpleado) VALUES (6, 13);
INSERT INTO cargo_empleado (idCargo, idEmpleado) VALUES (7, 14);
INSERT INTO cargo_empleado (idCargo, idEmpleado) VALUES (5, 15);
INSERT INTO cargo_empleado (idCargo, idEmpleado) VALUES (14, 16);
INSERT INTO cargo_empleado (idCargo, idEmpleado) VALUES (16, 17);
INSERT INTO cargo_empleado (idCargo, idEmpleado) VALUES (11, 18);
INSERT INTO cargo_empleado (idCargo, idEmpleado) VALUES (9, 19);
INSERT INTO cargo_empleado (idCargo, idEmpleado) VALUES (3, 20);
INSERT INTO cargo_empleado (idCargo, idEmpleado) VALUES (4, 21);
INSERT INTO cargo_empleado (idCargo, idEmpleado) VALUES (8, 22);
INSERT INTO cargo_empleado (idCargo, idEmpleado) VALUES (9, 23);
INSERT INTO cargo_empleado (idCargo, idEmpleado) VALUES (8, 24);
INSERT INTO cargo_empleado (idCargo, idEmpleado) VALUES (5, 25);
INSERT INTO cargo_empleado (idCargo, idEmpleado) VALUES (16, 26);
INSERT INTO cargo_empleado (idCargo, idEmpleado) VALUES (4, 27);
INSERT INTO cargo_empleado (idCargo, idEmpleado) VALUES (10, 28);
INSERT INTO cargo_empleado (idCargo, idEmpleado) VALUES (14, 29);
INSERT INTO cargo_empleado (idCargo, idEmpleado) VALUES (8, 30);
INSERT INTO cargo_empleado (idCargo, idEmpleado) VALUES (4, 31);
INSERT INTO cargo_empleado (idCargo, idEmpleado) VALUES (15, 32);
INSERT INTO cargo_empleado (idCargo, idEmpleado) VALUES (15, 33);
INSERT INTO cargo_empleado (idCargo, idEmpleado) VALUES (6, 34);
INSERT INTO cargo_empleado (idCargo, idEmpleado) VALUES (14, 35);
INSERT INTO cargo_empleado (idCargo, idEmpleado) VALUES (13, 36);
INSERT INTO cargo_empleado (idCargo, idEmpleado) VALUES (4, 37);
INSERT INTO cargo_empleado (idCargo, idEmpleado) VALUES (7, 38);
INSERT INTO cargo_empleado (idCargo, idEmpleado) VALUES (14, 39);
INSERT INTO cargo_empleado (idCargo, idEmpleado) VALUES (13, 40);
INSERT INTO cargo_empleado (idCargo, idEmpleado) VALUES (9, 41);
INSERT INTO cargo_empleado (idCargo, idEmpleado) VALUES (11, 42);
INSERT INTO cargo_empleado (idCargo, idEmpleado) VALUES (13, 43);
INSERT INTO cargo_empleado (idCargo, idEmpleado) VALUES (8, 44);
INSERT INTO cargo_empleado (idCargo, idEmpleado) VALUES (13, 45);
INSERT INTO cargo_empleado (idCargo, idEmpleado) VALUES (5, 46);
INSERT INTO cargo_empleado (idCargo, idEmpleado) VALUES (5, 47);
INSERT INTO cargo_empleado (idCargo, idEmpleado) VALUES (3, 48);
INSERT INTO cargo_empleado (idCargo, idEmpleado) VALUES (11, 49);
INSERT INTO cargo_empleado (idCargo, idEmpleado) VALUES (9, 50);
INSERT INTO cargo_empleado (idCargo, idEmpleado) VALUES (5, 51);
INSERT INTO cargo_empleado (idCargo, idEmpleado) VALUES (3, 52);
INSERT INTO cargo_empleado (idCargo, idEmpleado) VALUES (10, 53);
INSERT INTO cargo_empleado (idCargo, idEmpleado) VALUES (5, 54);
INSERT INTO cargo_empleado (idCargo, idEmpleado) VALUES (5, 55);
INSERT INTO cargo_empleado (idCargo, idEmpleado) VALUES (4, 56);
INSERT INTO cargo_empleado (idCargo, idEmpleado) VALUES (12, 57);
INSERT INTO cargo_empleado (idCargo, idEmpleado) VALUES (11, 58);
INSERT INTO cargo_empleado (idCargo, idEmpleado) VALUES (14, 59);
INSERT INTO cargo_empleado (idCargo, idEmpleado) VALUES (1, 60);
INSERT INTO cargo_empleado (idCargo, idEmpleado) VALUES (10, 61);
INSERT INTO cargo_empleado (idCargo, idEmpleado) VALUES (15, 62);
INSERT INTO cargo_empleado (idCargo, idEmpleado) VALUES (5, 63);
INSERT INTO cargo_empleado (idCargo, idEmpleado) VALUES (7, 64);
INSERT INTO cargo_empleado (idCargo, idEmpleado) VALUES (5, 65);
INSERT INTO cargo_empleado (idCargo, idEmpleado) VALUES (14, 66);
INSERT INTO cargo_empleado (idCargo, idEmpleado) VALUES (13, 67);
INSERT INTO cargo_empleado (idCargo, idEmpleado) VALUES (9, 68);
INSERT INTO cargo_empleado (idCargo, idEmpleado) VALUES (4, 69);
INSERT INTO cargo_empleado (idCargo, idEmpleado) VALUES (9, 70);
INSERT INTO cargo_empleado (idCargo, idEmpleado) VALUES (9, 71);
INSERT INTO cargo_empleado (idCargo, idEmpleado) VALUES (14, 72);
INSERT INTO cargo_empleado (idCargo, idEmpleado) VALUES (16, 73);
INSERT INTO cargo_empleado (idCargo, idEmpleado) VALUES (6, 74);
INSERT INTO cargo_empleado (idCargo, idEmpleado) VALUES (12, 75);
INSERT INTO cargo_empleado (idCargo, idEmpleado) VALUES (4, 76);
INSERT INTO cargo_empleado (idCargo, idEmpleado) VALUES (4, 77);
INSERT INTO cargo_empleado (idCargo, idEmpleado) VALUES (15, 78);
INSERT INTO cargo_empleado (idCargo, idEmpleado) VALUES (4, 79);
INSERT INTO cargo_empleado (idCargo, idEmpleado) VALUES (2, 80);
INSERT INTO cargo_empleado (idCargo, idEmpleado) VALUES (4, 81);
INSERT INTO cargo_empleado (idCargo, idEmpleado) VALUES (1, 82);
INSERT INTO cargo_empleado (idCargo, idEmpleado) VALUES (12, 83);
INSERT INTO cargo_empleado (idCargo, idEmpleado) VALUES (1, 84);
INSERT INTO cargo_empleado (idCargo, idEmpleado) VALUES (12, 85);
INSERT INTO cargo_empleado (idCargo, idEmpleado) VALUES (4, 86);
INSERT INTO cargo_empleado (idCargo, idEmpleado) VALUES (16, 87);
INSERT INTO cargo_empleado (idCargo, idEmpleado) VALUES (10, 88);
INSERT INTO cargo_empleado (idCargo, idEmpleado) VALUES (16, 89);
INSERT INTO cargo_empleado (idCargo, idEmpleado) VALUES (7, 90);
INSERT INTO cargo_empleado (idCargo, idEmpleado) VALUES (1, 91);
INSERT INTO cargo_empleado (idCargo, idEmpleado) VALUES (13, 92);
INSERT INTO cargo_empleado (idCargo, idEmpleado) VALUES (3, 93);
INSERT INTO cargo_empleado (idCargo, idEmpleado) VALUES (1, 94);
INSERT INTO cargo_empleado (idCargo, idEmpleado) VALUES (6, 95);
INSERT INTO cargo_empleado (idCargo, idEmpleado) VALUES (7, 96);
INSERT INTO cargo_empleado (idCargo, idEmpleado) VALUES (15, 97);
INSERT INTO cargo_empleado (idCargo, idEmpleado) VALUES (6, 98);
INSERT INTO cargo_empleado (idCargo, idEmpleado) VALUES (15, 99);
INSERT INTO cargo_empleado (idCargo, idEmpleado) VALUES (13, 100);
INSERT INTO cargo_empleado (idCargo, idEmpleado) VALUES (4, 101);
INSERT INTO cargo_empleado (idCargo, idEmpleado) VALUES (11, 102);
INSERT INTO cargo_empleado (idCargo, idEmpleado) VALUES (2, 103);
INSERT INTO cargo_empleado (idCargo, idEmpleado) VALUES (12, 104);
INSERT INTO cargo_empleado (idCargo, idEmpleado) VALUES (11, 105);

-- -----------------------------------------------------
-- 200 Inserts de tabla pedido
-- -----------------------------------------------------
INSERT INTO pedido (idPedido, fechaPedido, idMesa) VALUES (1, '2012-02-16 12:20:28', 13);
INSERT INTO pedido (idPedido, fechaPedido, idMesa) VALUES (2, '2018-01-20 10:25:09', 1);
INSERT INTO pedido (idPedido, fechaPedido, idMesa) VALUES (3, '2012-04-02 07:57:01', 15);
INSERT INTO pedido (idPedido, fechaPedido, idMesa) VALUES (4, '2014-06-14 11:12:46', 9);
INSERT INTO pedido (idPedido, fechaPedido, idMesa) VALUES (5, '2012-09-18 13:38:49', 8);
INSERT INTO pedido (idPedido, fechaPedido, idMesa) VALUES (6, '2013-11-16 16:31:24', 15);
INSERT INTO pedido (idPedido, fechaPedido, idMesa) VALUES (7, '2016-11-11 06:14:22', 12);
INSERT INTO pedido (idPedido, fechaPedido, idMesa) VALUES (8, '2014-10-18 23:57:22', 15);
INSERT INTO pedido (idPedido, fechaPedido, idMesa) VALUES (9, '2017-07-08 14:25:48', 3);
INSERT INTO pedido (idPedido, fechaPedido, idMesa) VALUES (10, '2015-04-09 22:46:14', 14);
INSERT INTO pedido (idPedido, fechaPedido, idMesa) VALUES (11, '2015-04-16 16:30:23', 14);
INSERT INTO pedido (idPedido, fechaPedido, idMesa) VALUES (12, '2016-06-10 09:11:20', 3);
INSERT INTO pedido (idPedido, fechaPedido, idMesa) VALUES (13, '2015-05-04 22:39:39', 12);
INSERT INTO pedido (idPedido, fechaPedido, idMesa) VALUES (14, '2017-11-07 15:17:11', 10);
INSERT INTO pedido (idPedido, fechaPedido, idMesa) VALUES (15, '2013-12-17 10:58:19', 3);
INSERT INTO pedido (idPedido, fechaPedido, idMesa) VALUES (16, '2016-07-13 21:47:20', 2);
INSERT INTO pedido (idPedido, fechaPedido, idMesa) VALUES (17, '2016-12-22 07:49:26', 7);
INSERT INTO pedido (idPedido, fechaPedido, idMesa) VALUES (18, '2014-04-26 15:40:45', 10);
INSERT INTO pedido (idPedido, fechaPedido, idMesa) VALUES (19, '2015-03-07 21:37:30', 6);
INSERT INTO pedido (idPedido, fechaPedido, idMesa) VALUES (20, '2016-03-27 05:46:55', 1);
INSERT INTO pedido (idPedido, fechaPedido, idMesa) VALUES (21, '2013-08-07 17:29:43', 4);
INSERT INTO pedido (idPedido, fechaPedido, idMesa) VALUES (22, '2014-12-29 06:51:44', 7);
INSERT INTO pedido (idPedido, fechaPedido, idMesa) VALUES (23, '2013-12-15 07:23:31', 5);
INSERT INTO pedido (idPedido, fechaPedido, idMesa) VALUES (24, '2013-10-11 23:59:59', 10);
INSERT INTO pedido (idPedido, fechaPedido, idMesa) VALUES (25, '2017-06-30 09:34:17', 16);
INSERT INTO pedido (idPedido, fechaPedido, idMesa) VALUES (26, '2013-03-27 18:47:17', 3);
INSERT INTO pedido (idPedido, fechaPedido, idMesa) VALUES (27, '2012-03-19 22:36:39', 6);
INSERT INTO pedido (idPedido, fechaPedido, idMesa) VALUES (28, '2012-03-26 15:05:20', 8);
INSERT INTO pedido (idPedido, fechaPedido, idMesa) VALUES (29, '2015-11-22 09:12:08', 2);
INSERT INTO pedido (idPedido, fechaPedido, idMesa) VALUES (30, '2015-02-08 17:28:07', 7);
INSERT INTO pedido (idPedido, fechaPedido, idMesa) VALUES (31, '2012-04-28 09:22:37', 4);
INSERT INTO pedido (idPedido, fechaPedido, idMesa) VALUES (32, '2012-05-18 17:40:32', 1);
INSERT INTO pedido (idPedido, fechaPedido, idMesa) VALUES (33, '2017-05-29 23:47:33', 11);
INSERT INTO pedido (idPedido, fechaPedido, idMesa) VALUES (34, '2016-06-22 04:34:49', 7);
INSERT INTO pedido (idPedido, fechaPedido, idMesa) VALUES (35, '2016-05-13 01:12:23', 7);
INSERT INTO pedido (idPedido, fechaPedido, idMesa) VALUES (36, '2017-01-09 08:48:45', 16);
INSERT INTO pedido (idPedido, fechaPedido, idMesa) VALUES (37, '2013-11-26 07:57:27', 8);
INSERT INTO pedido (idPedido, fechaPedido, idMesa) VALUES (38, '2012-07-04 12:08:00', 11);
INSERT INTO pedido (idPedido, fechaPedido, idMesa) VALUES (39, '2014-12-20 03:47:51', 5);
INSERT INTO pedido (idPedido, fechaPedido, idMesa) VALUES (40, '2014-06-17 17:35:31', 14);
INSERT INTO pedido (idPedido, fechaPedido, idMesa) VALUES (41, '2016-08-16 07:55:46', 3);
INSERT INTO pedido (idPedido, fechaPedido, idMesa) VALUES (42, '2016-05-26 05:08:44', 5);
INSERT INTO pedido (idPedido, fechaPedido, idMesa) VALUES (43, '2017-03-29 20:13:02', 7);
INSERT INTO pedido (idPedido, fechaPedido, idMesa) VALUES (44, '2017-12-15 03:10:12', 9);
INSERT INTO pedido (idPedido, fechaPedido, idMesa) VALUES (45, '2012-10-13 13:16:21', 9);
INSERT INTO pedido (idPedido, fechaPedido, idMesa) VALUES (46, '2013-03-06 23:39:37', 5);
INSERT INTO pedido (idPedido, fechaPedido, idMesa) VALUES (47, '2017-05-27 16:51:02', 5);
INSERT INTO pedido (idPedido, fechaPedido, idMesa) VALUES (48, '2013-12-22 19:59:16', 10);
INSERT INTO pedido (idPedido, fechaPedido, idMesa) VALUES (49, '2015-05-20 11:45:21', 13);
INSERT INTO pedido (idPedido, fechaPedido, idMesa) VALUES (50, '2016-11-11 16:54:05', 8);
INSERT INTO pedido (idPedido, fechaPedido, idMesa) VALUES (51, '2015-08-11 04:41:41', 3);
INSERT INTO pedido (idPedido, fechaPedido, idMesa) VALUES (52, '2013-07-14 06:14:59', 16);
INSERT INTO pedido (idPedido, fechaPedido, idMesa) VALUES (53, '2012-06-28 01:44:13', 9);
INSERT INTO pedido (idPedido, fechaPedido, idMesa) VALUES (54, '2012-02-17 01:52:33', 16);
INSERT INTO pedido (idPedido, fechaPedido, idMesa) VALUES (55, '2013-03-23 10:42:15', 15);
INSERT INTO pedido (idPedido, fechaPedido, idMesa) VALUES (56, '2013-02-09 14:18:27', 5);
INSERT INTO pedido (idPedido, fechaPedido, idMesa) VALUES (57, '2013-10-02 07:35:54', 5);
INSERT INTO pedido (idPedido, fechaPedido, idMesa) VALUES (58, '2014-01-08 16:49:16', 9);
INSERT INTO pedido (idPedido, fechaPedido, idMesa) VALUES (59, '2014-04-12 17:49:44', 15);
INSERT INTO pedido (idPedido, fechaPedido, idMesa) VALUES (60, '2017-12-25 11:16:54', 16);
INSERT INTO pedido (idPedido, fechaPedido, idMesa) VALUES (61, '2018-02-22 06:24:45', 14);
INSERT INTO pedido (idPedido, fechaPedido, idMesa) VALUES (62, '2012-04-20 19:58:05', 13);
INSERT INTO pedido (idPedido, fechaPedido, idMesa) VALUES (63, '2015-01-06 04:19:29', 4);
INSERT INTO pedido (idPedido, fechaPedido, idMesa) VALUES (64, '2015-09-07 12:24:29', 4);
INSERT INTO pedido (idPedido, fechaPedido, idMesa) VALUES (65, '2013-05-15 08:35:19', 11);
INSERT INTO pedido (idPedido, fechaPedido, idMesa) VALUES (66, '2017-05-14 01:14:55', 15);
INSERT INTO pedido (idPedido, fechaPedido, idMesa) VALUES (67, '2012-06-10 19:41:00', 14);
INSERT INTO pedido (idPedido, fechaPedido, idMesa) VALUES (68, '2013-06-29 13:15:46', 1);
INSERT INTO pedido (idPedido, fechaPedido, idMesa) VALUES (69, '2016-08-07 02:04:14', 15);
INSERT INTO pedido (idPedido, fechaPedido, idMesa) VALUES (70, '2012-08-21 15:40:41', 10);
INSERT INTO pedido (idPedido, fechaPedido, idMesa) VALUES (71, '2014-02-06 05:29:01', 7);
INSERT INTO pedido (idPedido, fechaPedido, idMesa) VALUES (72, '2012-02-18 21:51:29', 12);
INSERT INTO pedido (idPedido, fechaPedido, idMesa) VALUES (73, '2016-12-22 18:34:18', 14);
INSERT INTO pedido (idPedido, fechaPedido, idMesa) VALUES (74, '2017-05-19 09:39:53', 4);
INSERT INTO pedido (idPedido, fechaPedido, idMesa) VALUES (75, '2015-04-27 19:16:05', 5);
INSERT INTO pedido (idPedido, fechaPedido, idMesa) VALUES (76, '2016-03-27 15:04:21', 3);
INSERT INTO pedido (idPedido, fechaPedido, idMesa) VALUES (77, '2015-05-25 11:11:39', 1);
INSERT INTO pedido (idPedido, fechaPedido, idMesa) VALUES (78, '2017-04-01 10:47:25', 8);
INSERT INTO pedido (idPedido, fechaPedido, idMesa) VALUES (79, '2016-04-12 02:06:54', 1);
INSERT INTO pedido (idPedido, fechaPedido, idMesa) VALUES (80, '2014-07-11 01:52:16', 2);
INSERT INTO pedido (idPedido, fechaPedido, idMesa) VALUES (81, '2014-10-24 01:46:33', 7);
INSERT INTO pedido (idPedido, fechaPedido, idMesa) VALUES (82, '2017-10-06 01:24:57', 2);
INSERT INTO pedido (idPedido, fechaPedido, idMesa) VALUES (83, '2012-02-16 01:49:26', 8);
INSERT INTO pedido (idPedido, fechaPedido, idMesa) VALUES (84, '2015-02-22 21:40:56', 9);
INSERT INTO pedido (idPedido, fechaPedido, idMesa) VALUES (85, '2012-10-20 16:03:56', 9);
INSERT INTO pedido (idPedido, fechaPedido, idMesa) VALUES (86, '2014-03-30 14:20:47', 13);
INSERT INTO pedido (idPedido, fechaPedido, idMesa) VALUES (87, '2012-04-05 05:15:59', 9);
INSERT INTO pedido (idPedido, fechaPedido, idMesa) VALUES (88, '2013-05-05 06:53:55', 16);
INSERT INTO pedido (idPedido, fechaPedido, idMesa) VALUES (89, '2014-03-08 23:56:08', 8);
INSERT INTO pedido (idPedido, fechaPedido, idMesa) VALUES (90, '2016-12-06 23:45:46', 16);
INSERT INTO pedido (idPedido, fechaPedido, idMesa) VALUES (91, '2012-01-09 20:45:55', 14);
INSERT INTO pedido (idPedido, fechaPedido, idMesa) VALUES (92, '2014-12-20 08:54:19', 11);
INSERT INTO pedido (idPedido, fechaPedido, idMesa) VALUES (93, '2015-12-26 03:51:51', 15);
INSERT INTO pedido (idPedido, fechaPedido, idMesa) VALUES (94, '2016-05-11 17:41:44', 5);
INSERT INTO pedido (idPedido, fechaPedido, idMesa) VALUES (95, '2018-01-25 13:03:11', 1);
INSERT INTO pedido (idPedido, fechaPedido, idMesa) VALUES (96, '2016-07-27 08:57:04', 11);
INSERT INTO pedido (idPedido, fechaPedido, idMesa) VALUES (97, '2013-06-13 10:29:51', 7);
INSERT INTO pedido (idPedido, fechaPedido, idMesa) VALUES (98, '2012-04-03 20:25:01', 5);
INSERT INTO pedido (idPedido, fechaPedido, idMesa) VALUES (99, '2015-11-09 01:27:22', 7);
INSERT INTO pedido (idPedido, fechaPedido, idMesa) VALUES (100, '2014-03-13 08:33:20', 5);
INSERT INTO pedido (idPedido, fechaPedido, idMesa) VALUES (101, '2016-01-18 11:45:16', 4);
INSERT INTO pedido (idPedido, fechaPedido, idMesa) VALUES (102, '2017-07-12 16:33:53', 12);
INSERT INTO pedido (idPedido, fechaPedido, idMesa) VALUES (103, '2016-08-15 19:21:23', 9);
INSERT INTO pedido (idPedido, fechaPedido, idMesa) VALUES (104, '2016-06-07 09:01:28', 2);
INSERT INTO pedido (idPedido, fechaPedido, idMesa) VALUES (105, '2015-08-12 19:41:21', 1);
INSERT INTO pedido (idPedido, fechaPedido, idMesa) VALUES (106, '2014-05-14 20:13:34', 6);
INSERT INTO pedido (idPedido, fechaPedido, idMesa) VALUES (107, '2012-05-01 04:24:26', 16);
INSERT INTO pedido (idPedido, fechaPedido, idMesa) VALUES (108, '2014-06-26 01:02:11', 4);
INSERT INTO pedido (idPedido, fechaPedido, idMesa) VALUES (109, '2012-06-17 22:47:11', 9);
INSERT INTO pedido (idPedido, fechaPedido, idMesa) VALUES (110, '2016-06-15 16:04:46', 14);
INSERT INTO pedido (idPedido, fechaPedido, idMesa) VALUES (111, '2012-07-14 21:10:11', 16);
INSERT INTO pedido (idPedido, fechaPedido, idMesa) VALUES (112, '2015-03-23 02:44:27', 10);
INSERT INTO pedido (idPedido, fechaPedido, idMesa) VALUES (113, '2013-01-18 00:24:09', 4);
INSERT INTO pedido (idPedido, fechaPedido, idMesa) VALUES (114, '2017-02-05 09:55:32', 5);
INSERT INTO pedido (idPedido, fechaPedido, idMesa) VALUES (115, '2013-10-12 16:29:27', 16);
INSERT INTO pedido (idPedido, fechaPedido, idMesa) VALUES (116, '2016-09-17 18:49:09', 6);
INSERT INTO pedido (idPedido, fechaPedido, idMesa) VALUES (117, '2012-05-15 23:38:26', 8);
INSERT INTO pedido (idPedido, fechaPedido, idMesa) VALUES (118, '2013-07-27 05:40:08', 3);
INSERT INTO pedido (idPedido, fechaPedido, idMesa) VALUES (119, '2015-06-15 09:53:30', 1);
INSERT INTO pedido (idPedido, fechaPedido, idMesa) VALUES (120, '2014-03-31 22:44:46', 6);
INSERT INTO pedido (idPedido, fechaPedido, idMesa) VALUES (121, '2015-04-17 11:31:47', 11);
INSERT INTO pedido (idPedido, fechaPedido, idMesa) VALUES (122, '2013-10-25 00:07:35', 12);
INSERT INTO pedido (idPedido, fechaPedido, idMesa) VALUES (123, '2017-06-04 08:44:51', 4);
INSERT INTO pedido (idPedido, fechaPedido, idMesa) VALUES (124, '2012-11-16 21:16:04', 2);
INSERT INTO pedido (idPedido, fechaPedido, idMesa) VALUES (125, '2016-11-10 16:48:08', 13);
INSERT INTO pedido (idPedido, fechaPedido, idMesa) VALUES (126, '2014-08-08 09:52:09', 5);
INSERT INTO pedido (idPedido, fechaPedido, idMesa) VALUES (127, '2015-03-14 20:25:24', 11);
INSERT INTO pedido (idPedido, fechaPedido, idMesa) VALUES (128, '2018-03-15 17:36:58', 3);
INSERT INTO pedido (idPedido, fechaPedido, idMesa) VALUES (129, '2013-07-08 11:30:52', 5);
INSERT INTO pedido (idPedido, fechaPedido, idMesa) VALUES (130, '2016-07-15 11:35:37', 6);
INSERT INTO pedido (idPedido, fechaPedido, idMesa) VALUES (131, '2012-01-27 01:46:16', 5);
INSERT INTO pedido (idPedido, fechaPedido, idMesa) VALUES (132, '2016-11-28 03:32:02', 5);
INSERT INTO pedido (idPedido, fechaPedido, idMesa) VALUES (133, '2012-09-29 04:38:59', 13);
INSERT INTO pedido (idPedido, fechaPedido, idMesa) VALUES (134, '2012-11-03 15:04:54', 7);
INSERT INTO pedido (idPedido, fechaPedido, idMesa) VALUES (135, '2015-02-08 08:46:34', 11);
INSERT INTO pedido (idPedido, fechaPedido, idMesa) VALUES (136, '2015-12-23 13:02:41', 11);
INSERT INTO pedido (idPedido, fechaPedido, idMesa) VALUES (137, '2017-08-29 20:45:54', 10);
INSERT INTO pedido (idPedido, fechaPedido, idMesa) VALUES (138, '2015-10-12 06:29:03', 15);
INSERT INTO pedido (idPedido, fechaPedido, idMesa) VALUES (139, '2017-07-03 01:05:51', 8);
INSERT INTO pedido (idPedido, fechaPedido, idMesa) VALUES (140, '2018-01-14 02:56:37', 13);
INSERT INTO pedido (idPedido, fechaPedido, idMesa) VALUES (141, '2017-08-12 01:21:14', 5);
INSERT INTO pedido (idPedido, fechaPedido, idMesa) VALUES (142, '2014-08-04 00:28:50', 6);
INSERT INTO pedido (idPedido, fechaPedido, idMesa) VALUES (143, '2014-07-23 03:49:18', 14);
INSERT INTO pedido (idPedido, fechaPedido, idMesa) VALUES (144, '2014-09-20 22:01:08', 16);
INSERT INTO pedido (idPedido, fechaPedido, idMesa) VALUES (145, '2016-06-01 18:42:37', 8);
INSERT INTO pedido (idPedido, fechaPedido, idMesa) VALUES (146, '2015-02-05 03:52:33', 1);
INSERT INTO pedido (idPedido, fechaPedido, idMesa) VALUES (147, '2018-03-25 20:35:59', 8);
INSERT INTO pedido (idPedido, fechaPedido, idMesa) VALUES (148, '2016-07-02 13:56:41', 11);
INSERT INTO pedido (idPedido, fechaPedido, idMesa) VALUES (149, '2015-05-14 22:18:46', 14);
INSERT INTO pedido (idPedido, fechaPedido, idMesa) VALUES (150, '2015-01-08 18:41:21', 7);
INSERT INTO pedido (idPedido, fechaPedido, idMesa) VALUES (151, '2014-03-21 16:17:32', 9);
INSERT INTO pedido (idPedido, fechaPedido, idMesa) VALUES (152, '2016-12-13 10:04:12', 16);
INSERT INTO pedido (idPedido, fechaPedido, idMesa) VALUES (153, '2016-10-26 21:56:54', 11);
INSERT INTO pedido (idPedido, fechaPedido, idMesa) VALUES (154, '2014-08-16 03:55:01', 5);
INSERT INTO pedido (idPedido, fechaPedido, idMesa) VALUES (155, '2014-06-12 12:15:55', 9);
INSERT INTO pedido (idPedido, fechaPedido, idMesa) VALUES (156, '2013-01-07 18:32:34', 12);
INSERT INTO pedido (idPedido, fechaPedido, idMesa) VALUES (157, '2014-08-18 10:35:36', 4);
INSERT INTO pedido (idPedido, fechaPedido, idMesa) VALUES (158, '2016-01-27 02:47:25', 4);
INSERT INTO pedido (idPedido, fechaPedido, idMesa) VALUES (159, '2015-08-13 16:19:01', 10);
INSERT INTO pedido (idPedido, fechaPedido, idMesa) VALUES (160, '2016-12-15 22:55:08', 1);
INSERT INTO pedido (idPedido, fechaPedido, idMesa) VALUES (161, '2017-08-10 00:51:22', 12);
INSERT INTO pedido (idPedido, fechaPedido, idMesa) VALUES (162, '2016-11-17 06:48:39', 2);
INSERT INTO pedido (idPedido, fechaPedido, idMesa) VALUES (163, '2016-02-17 22:53:32', 16);
INSERT INTO pedido (idPedido, fechaPedido, idMesa) VALUES (164, '2013-01-29 22:54:13', 9);
INSERT INTO pedido (idPedido, fechaPedido, idMesa) VALUES (165, '2015-04-08 19:35:58', 9);
INSERT INTO pedido (idPedido, fechaPedido, idMesa) VALUES (166, '2017-09-03 09:06:25', 7);
INSERT INTO pedido (idPedido, fechaPedido, idMesa) VALUES (167, '2018-02-06 04:33:30', 4);
INSERT INTO pedido (idPedido, fechaPedido, idMesa) VALUES (168, '2014-08-29 08:53:36', 13);
INSERT INTO pedido (idPedido, fechaPedido, idMesa) VALUES (169, '2016-10-19 09:11:05', 14);
INSERT INTO pedido (idPedido, fechaPedido, idMesa) VALUES (170, '2014-02-19 07:55:16', 9);
INSERT INTO pedido (idPedido, fechaPedido, idMesa) VALUES (171, '2016-01-28 20:31:33', 16);
INSERT INTO pedido (idPedido, fechaPedido, idMesa) VALUES (172, '2012-01-12 21:49:44', 12);
INSERT INTO pedido (idPedido, fechaPedido, idMesa) VALUES (173, '2014-03-26 19:31:00', 16);
INSERT INTO pedido (idPedido, fechaPedido, idMesa) VALUES (174, '2012-02-07 15:28:31', 15);
INSERT INTO pedido (idPedido, fechaPedido, idMesa) VALUES (175, '2016-02-16 20:42:30', 3);
INSERT INTO pedido (idPedido, fechaPedido, idMesa) VALUES (176, '2017-02-08 02:08:02', 3);
INSERT INTO pedido (idPedido, fechaPedido, idMesa) VALUES (177, '2015-06-30 17:47:21', 8);
INSERT INTO pedido (idPedido, fechaPedido, idMesa) VALUES (178, '2016-01-01 11:12:04', 14);
INSERT INTO pedido (idPedido, fechaPedido, idMesa) VALUES (179, '2017-05-04 18:20:56', 12);
INSERT INTO pedido (idPedido, fechaPedido, idMesa) VALUES (180, '2017-06-06 15:06:16', 3);
INSERT INTO pedido (idPedido, fechaPedido, idMesa) VALUES (181, '2017-09-30 19:36:11', 4);
INSERT INTO pedido (idPedido, fechaPedido, idMesa) VALUES (182, '2016-07-28 12:01:48', 9);
INSERT INTO pedido (idPedido, fechaPedido, idMesa) VALUES (183, '2014-01-08 00:05:43', 13);
INSERT INTO pedido (idPedido, fechaPedido, idMesa) VALUES (184, '2012-12-23 22:24:59', 6);
INSERT INTO pedido (idPedido, fechaPedido, idMesa) VALUES (185, '2014-08-22 03:31:15', 5);
INSERT INTO pedido (idPedido, fechaPedido, idMesa) VALUES (186, '2017-09-21 17:29:43', 14);
INSERT INTO pedido (idPedido, fechaPedido, idMesa) VALUES (187, '2012-06-05 00:58:23', 12);
INSERT INTO pedido (idPedido, fechaPedido, idMesa) VALUES (188, '2015-01-15 06:33:36', 5);
INSERT INTO pedido (idPedido, fechaPedido, idMesa) VALUES (189, '2013-05-19 00:50:17', 10);
INSERT INTO pedido (idPedido, fechaPedido, idMesa) VALUES (190, '2014-09-06 07:00:59', 5);
INSERT INTO pedido (idPedido, fechaPedido, idMesa) VALUES (191, '2012-08-09 17:39:23', 5);
INSERT INTO pedido (idPedido, fechaPedido, idMesa) VALUES (192, '2013-06-21 02:22:18', 14);
INSERT INTO pedido (idPedido, fechaPedido, idMesa) VALUES (193, '2012-09-18 10:29:47', 3);
INSERT INTO pedido (idPedido, fechaPedido, idMesa) VALUES (194, '2012-10-25 01:13:33', 13);
INSERT INTO pedido (idPedido, fechaPedido, idMesa) VALUES (195, '2012-02-22 15:20:58', 6);
INSERT INTO pedido (idPedido, fechaPedido, idMesa) VALUES (196, '2014-05-25 08:34:33', 16);
INSERT INTO pedido (idPedido, fechaPedido, idMesa) VALUES (197, '2015-02-23 19:17:08', 11);
INSERT INTO pedido (idPedido, fechaPedido, idMesa) VALUES (198, '2018-04-02 13:26:59', 13);
INSERT INTO pedido (idPedido, fechaPedido, idMesa) VALUES (199, '2016-05-18 07:46:36', 6);
INSERT INTO pedido (idPedido, fechaPedido, idMesa) VALUES (200, '2014-05-19 16:24:22', 12);

-- -----------------------------------------------------
-- 15 Inserts de tabla categoriaProducto
-- -----------------------------------------------------
INSERT INTO categoriaproducto (idCategoriaProducto, nombre, descripcion) VALUES (1, 'Carnes y Embutidos', 'Duis aliquam convallis nunc.');
INSERT INTO categoriaproducto (idCategoriaProducto, nombre, descripcion) VALUES (2, 'Frutas', 'Integer non velit.');
INSERT INTO categoriaproducto (idCategoriaProducto, nombre, descripcion) VALUES (3, 'Verduras', 'Pellentesque ultrices mattis odio.');
INSERT INTO categoriaproducto (idCategoriaProducto, nombre, descripcion) VALUES (4, 'Cereales y Arroz', 'In hac habitasse platea dictumst.');
INSERT INTO categoriaproducto (idCategoriaProducto, nombre, descripcion) VALUES (5, 'Aceite', 'Vestibulum rutrum rutrum neque.');
INSERT INTO categoriaproducto (idCategoriaProducto, nombre, descripcion) VALUES (6, 'Pasta y Legumbres', 'Donec odio justo, sollicitudin ut, suscipit a, feugiat et, eros.');
INSERT INTO categoriaproducto (idCategoriaProducto, nombre, descripcion) VALUES (7, 'Huevos y Lacteos', 'Duis aliquam convallis nunc.');
INSERT INTO categoriaproducto (idCategoriaProducto, nombre, descripcion) VALUES (8, 'Panaderia', 'Aenean fermentum.');
INSERT INTO categoriaproducto (idCategoriaProducto, nombre, descripcion) VALUES (9, 'Cafe', 'Proin interdum mauris non ligula pellentesque ultrices.');
INSERT INTO categoriaproducto (idCategoriaProducto, nombre, descripcion) VALUES (10, 'Dulces', 'Fusce lacus purus, aliquet at, feugiat non, pretium quis, lectus.');
INSERT INTO categoriaproducto (idCategoriaProducto, nombre, descripcion) VALUES (11, 'Aperitivos', 'Donec quis orci eget orci vehicula condimentum.');
INSERT INTO categoriaproducto (idCategoriaProducto, nombre, descripcion) VALUES (12, 'Infantil', 'In hac habitasse platea dictumst.');
INSERT INTO categoriaproducto (idCategoriaProducto, nombre, descripcion) VALUES (13, 'Comida Preparada', 'Quisque arcu libero, rutrum ac, lobortis vel, dapibus at, diam.');
INSERT INTO categoriaproducto (idCategoriaProducto, nombre, descripcion) VALUES (14, 'Bebidas y Zumos', 'Praesent blandit.');
INSERT INTO categoriaproducto (idCategoriaProducto, nombre, descripcion) VALUES (15, 'Licor', 'Praesent blandit.');


-- -----------------------------------------------------
-- 4 Inserts de tabla tipoCuenta
-- -----------------------------------------------------
INSERT INTO tipocuenta VALUES ('1','Centa Corriente','no ofrecen remuneración alguna');
INSERT INTO tipocuenta VALUES ('2','Cuenata de Ahorro','son destinadas para ahorrar');
INSERT INTO tipocuenta VALUES ('3','Cuenta Nómina','ofrecen ventajas por la domiciliación de la nómina');
INSERT INTO tipocuenta VALUES ('4','Cuenta de Valores','ideales para invertir');


-- -----------------------------------------------------
-- 100 Inserts de tabla cuentaBancaria
-- -----------------------------------------------------
INSERT INTO cuentabancaria (idCuentaBancaria, numeroCuenta, idBanco, idTipoCuenta, idEmpleado) VALUES (1, '830506232111', 7, 3, 1);
INSERT INTO cuentabancaria (idCuentaBancaria, numeroCuenta, idBanco, idTipoCuenta, idEmpleado) VALUES (2, '159367067562', 5, 4, 2);
INSERT INTO cuentabancaria (idCuentaBancaria, numeroCuenta, idBanco, idTipoCuenta, idEmpleado) VALUES (3, '317218712643', 2, 4, 3);
INSERT INTO cuentabancaria (idCuentaBancaria, numeroCuenta, idBanco, idTipoCuenta, idEmpleado) VALUES (4, '408259820427', 6, 3, 4);
INSERT INTO cuentabancaria (idCuentaBancaria, numeroCuenta, idBanco, idTipoCuenta, idEmpleado) VALUES (5, '527057274617', 1, 1, 5);
INSERT INTO cuentabancaria (idCuentaBancaria, numeroCuenta, idBanco, idTipoCuenta, idEmpleado) VALUES (6, '451423802559', 2, 4, 6);
INSERT INTO cuentabancaria (idCuentaBancaria, numeroCuenta, idBanco, idTipoCuenta, idEmpleado) VALUES (7, '223810525325', 7, 2, 7);
INSERT INTO cuentabancaria (idCuentaBancaria, numeroCuenta, idBanco, idTipoCuenta, idEmpleado) VALUES (8, '111802263009', 7, 1, 8);
INSERT INTO cuentabancaria (idCuentaBancaria, numeroCuenta, idBanco, idTipoCuenta, idEmpleado) VALUES (9, '912335724865', 3, 3, 9);
INSERT INTO cuentabancaria (idCuentaBancaria, numeroCuenta, idBanco, idTipoCuenta, idEmpleado) VALUES (10, '294149261146', 5, 2, 10);
INSERT INTO cuentabancaria (idCuentaBancaria, numeroCuenta, idBanco, idTipoCuenta, idEmpleado) VALUES (11, '775729554342', 2, 2, 11);
INSERT INTO cuentabancaria (idCuentaBancaria, numeroCuenta, idBanco, idTipoCuenta, idEmpleado) VALUES (12, '326817864382', 5, 4, 12);
INSERT INTO cuentabancaria (idCuentaBancaria, numeroCuenta, idBanco, idTipoCuenta, idEmpleado) VALUES (13, '019780607575', 3, 4, 13);
INSERT INTO cuentabancaria (idCuentaBancaria, numeroCuenta, idBanco, idTipoCuenta, idEmpleado) VALUES (14, '498649020737', 2, 2, 14);
INSERT INTO cuentabancaria (idCuentaBancaria, numeroCuenta, idBanco, idTipoCuenta, idEmpleado) VALUES (15, '306065925034', 6, 4, 15);
INSERT INTO cuentabancaria (idCuentaBancaria, numeroCuenta, idBanco, idTipoCuenta, idEmpleado) VALUES (16, '573452856675', 2, 4, 16);
INSERT INTO cuentabancaria (idCuentaBancaria, numeroCuenta, idBanco, idTipoCuenta, idEmpleado) VALUES (17, '531795645776', 4, 2, 17);
INSERT INTO cuentabancaria (idCuentaBancaria, numeroCuenta, idBanco, idTipoCuenta, idEmpleado) VALUES (18, '702895213931', 7, 4, 18);
INSERT INTO cuentabancaria (idCuentaBancaria, numeroCuenta, idBanco, idTipoCuenta, idEmpleado) VALUES (19, '342322316924', 7, 3, 19);
INSERT INTO cuentabancaria (idCuentaBancaria, numeroCuenta, idBanco, idTipoCuenta, idEmpleado) VALUES (20, '923019954929', 1, 2, 20);
INSERT INTO cuentabancaria (idCuentaBancaria, numeroCuenta, idBanco, idTipoCuenta, idEmpleado) VALUES (21, '686506902380', 1, 4, 21);
INSERT INTO cuentabancaria (idCuentaBancaria, numeroCuenta, idBanco, idTipoCuenta, idEmpleado) VALUES (22, '081321650186', 7, 2, 22);
INSERT INTO cuentabancaria (idCuentaBancaria, numeroCuenta, idBanco, idTipoCuenta, idEmpleado) VALUES (23, '830099265360', 5, 2, 23);
INSERT INTO cuentabancaria (idCuentaBancaria, numeroCuenta, idBanco, idTipoCuenta, idEmpleado) VALUES (24, '055624587483', 7, 4, 24);
INSERT INTO cuentabancaria (idCuentaBancaria, numeroCuenta, idBanco, idTipoCuenta, idEmpleado) VALUES (25, '405230004135', 7, 4, 25);
INSERT INTO cuentabancaria (idCuentaBancaria, numeroCuenta, idBanco, idTipoCuenta, idEmpleado) VALUES (26, '494717370973', 7, 4, 26);
INSERT INTO cuentabancaria (idCuentaBancaria, numeroCuenta, idBanco, idTipoCuenta, idEmpleado) VALUES (27, '155976070763', 5, 1, 27);
INSERT INTO cuentabancaria (idCuentaBancaria, numeroCuenta, idBanco, idTipoCuenta, idEmpleado) VALUES (28, '623268476404', 6, 4, 28);
INSERT INTO cuentabancaria (idCuentaBancaria, numeroCuenta, idBanco, idTipoCuenta, idEmpleado) VALUES (29, '784662565609', 4, 4, 29);
INSERT INTO cuentabancaria (idCuentaBancaria, numeroCuenta, idBanco, idTipoCuenta, idEmpleado) VALUES (30, '274225187748', 5, 2, 30);
INSERT INTO cuentabancaria (idCuentaBancaria, numeroCuenta, idBanco, idTipoCuenta, idEmpleado) VALUES (31, '509724561509', 6, 3, 31);
INSERT INTO cuentabancaria (idCuentaBancaria, numeroCuenta, idBanco, idTipoCuenta, idEmpleado) VALUES (32, '380696904809', 5, 1, 32);
INSERT INTO cuentabancaria (idCuentaBancaria, numeroCuenta, idBanco, idTipoCuenta, idEmpleado) VALUES (33, '672380944669', 6, 4, 33);
INSERT INTO cuentabancaria (idCuentaBancaria, numeroCuenta, idBanco, idTipoCuenta, idEmpleado) VALUES (34, '937834500466', 3, 3, 34);
INSERT INTO cuentabancaria (idCuentaBancaria, numeroCuenta, idBanco, idTipoCuenta, idEmpleado) VALUES (35, '646706670090', 7, 3, 35);
INSERT INTO cuentabancaria (idCuentaBancaria, numeroCuenta, idBanco, idTipoCuenta, idEmpleado) VALUES (36, '149472894898', 3, 4, 36);
INSERT INTO cuentabancaria (idCuentaBancaria, numeroCuenta, idBanco, idTipoCuenta, idEmpleado) VALUES (37, '494213518997', 4, 3, 37);
INSERT INTO cuentabancaria (idCuentaBancaria, numeroCuenta, idBanco, idTipoCuenta, idEmpleado) VALUES (38, '427726242448', 4, 3, 38);
INSERT INTO cuentabancaria (idCuentaBancaria, numeroCuenta, idBanco, idTipoCuenta, idEmpleado) VALUES (39, '728344362112', 1, 3, 39);
INSERT INTO cuentabancaria (idCuentaBancaria, numeroCuenta, idBanco, idTipoCuenta, idEmpleado) VALUES (40, '147813359365', 3, 2, 40);
INSERT INTO cuentabancaria (idCuentaBancaria, numeroCuenta, idBanco, idTipoCuenta, idEmpleado) VALUES (41, '919383728981', 7, 2, 41);
INSERT INTO cuentabancaria (idCuentaBancaria, numeroCuenta, idBanco, idTipoCuenta, idEmpleado) VALUES (42, '734820737823', 2, 4, 42);
INSERT INTO cuentabancaria (idCuentaBancaria, numeroCuenta, idBanco, idTipoCuenta, idEmpleado) VALUES (43, '660323884573', 6, 4, 43);
INSERT INTO cuentabancaria (idCuentaBancaria, numeroCuenta, idBanco, idTipoCuenta, idEmpleado) VALUES (44, '352339066820', 7, 4, 44);
INSERT INTO cuentabancaria (idCuentaBancaria, numeroCuenta, idBanco, idTipoCuenta, idEmpleado) VALUES (45, '734773397611', 2, 1, 45);
INSERT INTO cuentabancaria (idCuentaBancaria, numeroCuenta, idBanco, idTipoCuenta, idEmpleado) VALUES (46, '880258432490', 4, 1, 46);
INSERT INTO cuentabancaria (idCuentaBancaria, numeroCuenta, idBanco, idTipoCuenta, idEmpleado) VALUES (47, '645357048584', 5, 1, 47);
INSERT INTO cuentabancaria (idCuentaBancaria, numeroCuenta, idBanco, idTipoCuenta, idEmpleado) VALUES (48, '390776644172', 5, 4, 48);
INSERT INTO cuentabancaria (idCuentaBancaria, numeroCuenta, idBanco, idTipoCuenta, idEmpleado) VALUES (49, '491130134387', 1, 2, 49);
INSERT INTO cuentabancaria (idCuentaBancaria, numeroCuenta, idBanco, idTipoCuenta, idEmpleado) VALUES (50, '103807664574', 5, 2, 50);
INSERT INTO cuentabancaria (idCuentaBancaria, numeroCuenta, idBanco, idTipoCuenta, idEmpleado) VALUES (51, '809642496722', 1, 3, 51);
INSERT INTO cuentabancaria (idCuentaBancaria, numeroCuenta, idBanco, idTipoCuenta, idEmpleado) VALUES (52, '865457316075', 6, 4, 52);
INSERT INTO cuentabancaria (idCuentaBancaria, numeroCuenta, idBanco, idTipoCuenta, idEmpleado) VALUES (53, '757414037154', 4, 2, 53);
INSERT INTO cuentabancaria (idCuentaBancaria, numeroCuenta, idBanco, idTipoCuenta, idEmpleado) VALUES (54, '276323216411', 5, 3, 54);
INSERT INTO cuentabancaria (idCuentaBancaria, numeroCuenta, idBanco, idTipoCuenta, idEmpleado) VALUES (55, '050373855608', 3, 3, 55);
INSERT INTO cuentabancaria (idCuentaBancaria, numeroCuenta, idBanco, idTipoCuenta, idEmpleado) VALUES (56, '089066313997', 5, 1, 56);
INSERT INTO cuentabancaria (idCuentaBancaria, numeroCuenta, idBanco, idTipoCuenta, idEmpleado) VALUES (57, '829224829543', 7, 1, 57);
INSERT INTO cuentabancaria (idCuentaBancaria, numeroCuenta, idBanco, idTipoCuenta, idEmpleado) VALUES (58, '507848629365', 4, 2, 58);
INSERT INTO cuentabancaria (idCuentaBancaria, numeroCuenta, idBanco, idTipoCuenta, idEmpleado) VALUES (59, '952638048067', 1, 3, 59);
INSERT INTO cuentabancaria (idCuentaBancaria, numeroCuenta, idBanco, idTipoCuenta, idEmpleado) VALUES (60, '432101147149', 7, 3, 60);
INSERT INTO cuentabancaria (idCuentaBancaria, numeroCuenta, idBanco, idTipoCuenta, idEmpleado) VALUES (61, '991380295508', 7, 1, 61);
INSERT INTO cuentabancaria (idCuentaBancaria, numeroCuenta, idBanco, idTipoCuenta, idEmpleado) VALUES (62, '486622321033', 7, 2, 62);
INSERT INTO cuentabancaria (idCuentaBancaria, numeroCuenta, idBanco, idTipoCuenta, idEmpleado) VALUES (63, '059952699812', 3, 2, 63);
INSERT INTO cuentabancaria (idCuentaBancaria, numeroCuenta, idBanco, idTipoCuenta, idEmpleado) VALUES (64, '113724693456', 2, 3, 64);
INSERT INTO cuentabancaria (idCuentaBancaria, numeroCuenta, idBanco, idTipoCuenta, idEmpleado) VALUES (65, '859907581176', 1, 1, 65);
INSERT INTO cuentabancaria (idCuentaBancaria, numeroCuenta, idBanco, idTipoCuenta, idEmpleado) VALUES (66, '417369698565', 3, 2, 66);
INSERT INTO cuentabancaria (idCuentaBancaria, numeroCuenta, idBanco, idTipoCuenta, idEmpleado) VALUES (67, '089394950705', 3, 1, 67);
INSERT INTO cuentabancaria (idCuentaBancaria, numeroCuenta, idBanco, idTipoCuenta, idEmpleado) VALUES (68, '728583693434', 6, 1, 68);
INSERT INTO cuentabancaria (idCuentaBancaria, numeroCuenta, idBanco, idTipoCuenta, idEmpleado) VALUES (69, '944069293056', 6, 4, 69);
INSERT INTO cuentabancaria (idCuentaBancaria, numeroCuenta, idBanco, idTipoCuenta, idEmpleado) VALUES (70, '753830389081', 3, 3, 70);
INSERT INTO cuentabancaria (idCuentaBancaria, numeroCuenta, idBanco, idTipoCuenta, idEmpleado) VALUES (71, '948993774917', 5, 1, 71);
INSERT INTO cuentabancaria (idCuentaBancaria, numeroCuenta, idBanco, idTipoCuenta, idEmpleado) VALUES (72, '104900959989', 6, 4, 72);
INSERT INTO cuentabancaria (idCuentaBancaria, numeroCuenta, idBanco, idTipoCuenta, idEmpleado) VALUES (73, '498084531561', 3, 3, 73);
INSERT INTO cuentabancaria (idCuentaBancaria, numeroCuenta, idBanco, idTipoCuenta, idEmpleado) VALUES (74, '996909889174', 7, 4, 74);
INSERT INTO cuentabancaria (idCuentaBancaria, numeroCuenta, idBanco, idTipoCuenta, idEmpleado) VALUES (75, '770789115061', 1, 1, 75);
INSERT INTO cuentabancaria (idCuentaBancaria, numeroCuenta, idBanco, idTipoCuenta, idEmpleado) VALUES (76, '639154494280', 4, 1, 76);
INSERT INTO cuentabancaria (idCuentaBancaria, numeroCuenta, idBanco, idTipoCuenta, idEmpleado) VALUES (77, '281137609688', 5, 1, 77);
INSERT INTO cuentabancaria (idCuentaBancaria, numeroCuenta, idBanco, idTipoCuenta, idEmpleado) VALUES (78, '224239602463', 1, 4, 78);
INSERT INTO cuentabancaria (idCuentaBancaria, numeroCuenta, idBanco, idTipoCuenta, idEmpleado) VALUES (79, '954709399330', 1, 3, 79);
INSERT INTO cuentabancaria (idCuentaBancaria, numeroCuenta, idBanco, idTipoCuenta, idEmpleado) VALUES (80, '808201875458', 3, 2, 80);
INSERT INTO cuentabancaria (idCuentaBancaria, numeroCuenta, idBanco, idTipoCuenta, idEmpleado) VALUES (81, '672211950954', 3, 1, 81);
INSERT INTO cuentabancaria (idCuentaBancaria, numeroCuenta, idBanco, idTipoCuenta, idEmpleado) VALUES (82, '716329549914', 3, 4, 82);
INSERT INTO cuentabancaria (idCuentaBancaria, numeroCuenta, idBanco, idTipoCuenta, idEmpleado) VALUES (83, '999038890723', 7, 3, 83);
INSERT INTO cuentabancaria (idCuentaBancaria, numeroCuenta, idBanco, idTipoCuenta, idEmpleado) VALUES (84, '043777916657', 2, 3, 84);
INSERT INTO cuentabancaria (idCuentaBancaria, numeroCuenta, idBanco, idTipoCuenta, idEmpleado) VALUES (85, '324379331247', 6, 3, 85);
INSERT INTO cuentabancaria (idCuentaBancaria, numeroCuenta, idBanco, idTipoCuenta, idEmpleado) VALUES (86, '103345995301', 5, 4, 86);
INSERT INTO cuentabancaria (idCuentaBancaria, numeroCuenta, idBanco, idTipoCuenta, idEmpleado) VALUES (87, '937499355009', 3, 4, 87);
INSERT INTO cuentabancaria (idCuentaBancaria, numeroCuenta, idBanco, idTipoCuenta, idEmpleado) VALUES (88, '804402759761', 7, 4, 88);
INSERT INTO cuentabancaria (idCuentaBancaria, numeroCuenta, idBanco, idTipoCuenta, idEmpleado) VALUES (89, '041604332172', 2, 3, 89);
INSERT INTO cuentabancaria (idCuentaBancaria, numeroCuenta, idBanco, idTipoCuenta, idEmpleado) VALUES (90, '063518006363', 7, 1, 90);
INSERT INTO cuentabancaria (idCuentaBancaria, numeroCuenta, idBanco, idTipoCuenta, idEmpleado) VALUES (91, '903780292805', 1, 3, 91);
INSERT INTO cuentabancaria (idCuentaBancaria, numeroCuenta, idBanco, idTipoCuenta, idEmpleado) VALUES (92, '237014266480', 2, 4, 92);
INSERT INTO cuentabancaria (idCuentaBancaria, numeroCuenta, idBanco, idTipoCuenta, idEmpleado) VALUES (93, '734888696942', 5, 1, 93);
INSERT INTO cuentabancaria (idCuentaBancaria, numeroCuenta, idBanco, idTipoCuenta, idEmpleado) VALUES (94, '571495608159', 2, 3, 94);
INSERT INTO cuentabancaria (idCuentaBancaria, numeroCuenta, idBanco, idTipoCuenta, idEmpleado) VALUES (95, '026560763030', 7, 1, 95);
INSERT INTO cuentabancaria (idCuentaBancaria, numeroCuenta, idBanco, idTipoCuenta, idEmpleado) VALUES (96, '878750875055', 1, 3, 96);
INSERT INTO cuentabancaria (idCuentaBancaria, numeroCuenta, idBanco, idTipoCuenta, idEmpleado) VALUES (97, '172619947491', 2, 3, 97);
INSERT INTO cuentabancaria (idCuentaBancaria, numeroCuenta, idBanco, idTipoCuenta, idEmpleado) VALUES (98, '325095326414', 4, 3, 98);
INSERT INTO cuentabancaria (idCuentaBancaria, numeroCuenta, idBanco, idTipoCuenta, idEmpleado) VALUES (99, '221442834756', 1, 2, 99);
INSERT INTO cuentabancaria (idCuentaBancaria, numeroCuenta, idBanco, idTipoCuenta, idEmpleado) VALUES (100, '264548062988', 5, 1, 100);
INSERT INTO cuentabancaria (idCuentaBancaria, numeroCuenta, idBanco, idTipoCuenta, idEmpleado) VALUES (101, '467937708320', 5, 2, 101);
INSERT INTO cuentabancaria (idCuentaBancaria, numeroCuenta, idBanco, idTipoCuenta, idEmpleado) VALUES (102, '010162016187', 3, 3, 102);
INSERT INTO cuentabancaria (idCuentaBancaria, numeroCuenta, idBanco, idTipoCuenta, idEmpleado) VALUES (103, '287228002469', 6, 3, 103);
INSERT INTO cuentabancaria (idCuentaBancaria, numeroCuenta, idBanco, idTipoCuenta, idEmpleado) VALUES (104, '843054592698', 1, 4, 104);
INSERT INTO cuentabancaria (idCuentaBancaria, numeroCuenta, idBanco, idTipoCuenta, idEmpleado) VALUES (105, '176393831886', 1, 1, 105);


-- -----------------------------------------------------
-- 100 Inserts de tabla descuento
-- -----------------------------------------------------
INSERT INTO descuento (idDescuento, porcentaje, estado, fechaInicio, fechaFin, descripcion) VALUES (1, '13.21%', 'I', '2018-01-12 00:13:06', '2017-09-01 17:34:20', 'Empleados');
INSERT INTO descuento (idDescuento, porcentaje, estado, fechaInicio, fechaFin, descripcion) VALUES (2, '34.72%', 'A', '2018-02-02 08:21:48', '2017-08-18 01:20:28', 'Empleados');
INSERT INTO descuento (idDescuento, porcentaje, estado, fechaInicio, fechaFin, descripcion) VALUES (3, '65.76%', 'I', '2017-12-02 21:38:39', '2017-11-24 13:30:10', 'Descuento');
INSERT INTO descuento (idDescuento, porcentaje, estado, fechaInicio, fechaFin, descripcion) VALUES (4, '37.83%', 'I', '2017-04-30 21:58:04', '2018-02-06 07:43:09', 'Tercera Edad');
INSERT INTO descuento (idDescuento, porcentaje, estado, fechaInicio, fechaFin, descripcion) VALUES (5, '53.39%', 'I', '2017-11-29 00:21:13', '2017-12-05 04:36:10', 'Tercera Edad');
INSERT INTO descuento (idDescuento, porcentaje, estado, fechaInicio, fechaFin, descripcion) VALUES (6, '51.94%', 'I', '2017-06-21 00:55:51', '2018-02-05 04:40:45', 'Tercera Edad');
INSERT INTO descuento (idDescuento, porcentaje, estado, fechaInicio, fechaFin, descripcion) VALUES (7, '97.88%', 'A', '2017-04-19 00:13:48', '2018-02-03 19:16:46', 'Tercera Edad');
INSERT INTO descuento (idDescuento, porcentaje, estado, fechaInicio, fechaFin, descripcion) VALUES (8, '9.58%', 'A', '2018-02-07 14:31:24', '2017-08-07 12:56:30', 'Descuento');
INSERT INTO descuento (idDescuento, porcentaje, estado, fechaInicio, fechaFin, descripcion) VALUES (9, '80.67%', 'A', '2018-01-04 06:05:09', '2017-09-26 20:12:57', 'Tercera Edad');
INSERT INTO descuento (idDescuento, porcentaje, estado, fechaInicio, fechaFin, descripcion) VALUES (10, '77.94%', 'A', '2017-06-19 19:26:57', '2018-01-10 01:11:15', 'Empleados');
INSERT INTO descuento (idDescuento, porcentaje, estado, fechaInicio, fechaFin, descripcion) VALUES (11, '20.96%', 'I', '2017-11-10 11:27:55', '2017-07-03 16:16:53', 'Empleados');
INSERT INTO descuento (idDescuento, porcentaje, estado, fechaInicio, fechaFin, descripcion) VALUES (12, '13.44%', 'I', '2017-06-15 22:53:45', '2017-09-28 12:07:39', 'Descuento');
INSERT INTO descuento (idDescuento, porcentaje, estado, fechaInicio, fechaFin, descripcion) VALUES (13, '34.54%', 'I', '2017-07-04 07:58:18', '2017-12-11 20:15:30', 'Niños');
INSERT INTO descuento (idDescuento, porcentaje, estado, fechaInicio, fechaFin, descripcion) VALUES (14, '13.62%', 'A', '2017-06-18 08:46:15', '2017-10-20 09:10:20', 'Niños');
INSERT INTO descuento (idDescuento, porcentaje, estado, fechaInicio, fechaFin, descripcion) VALUES (15, '37.35%', 'A', '2017-07-04 07:09:04', '2017-04-28 19:51:20', 'Empleados');
INSERT INTO descuento (idDescuento, porcentaje, estado, fechaInicio, fechaFin, descripcion) VALUES (16, '0.42%', 'I', '2017-07-10 01:53:27', '2017-05-22 10:29:35', 'Descuento');
INSERT INTO descuento (idDescuento, porcentaje, estado, fechaInicio, fechaFin, descripcion) VALUES (17, '30.91%', 'I', '2017-12-28 21:25:48', '2017-07-21 23:48:57', 'Tercera Edad');
INSERT INTO descuento (idDescuento, porcentaje, estado, fechaInicio, fechaFin, descripcion) VALUES (18, '94.26%', 'I', '2018-03-31 08:03:13', '2017-11-26 16:06:56', 'Tercera Edad');
INSERT INTO descuento (idDescuento, porcentaje, estado, fechaInicio, fechaFin, descripcion) VALUES (19, '97.27%', 'A', '2017-08-15 16:09:04', '2017-07-12 14:09:57', 'Tercera Edad');
INSERT INTO descuento (idDescuento, porcentaje, estado, fechaInicio, fechaFin, descripcion) VALUES (20, '24.68%', 'I', '2017-11-04 16:41:15', '2017-04-28 20:43:07', 'Tercera Edad');
INSERT INTO descuento (idDescuento, porcentaje, estado, fechaInicio, fechaFin, descripcion) VALUES (21, '37.31%', 'I', '2018-04-07 18:44:03', '2017-05-05 11:11:51', 'Descuento');
INSERT INTO descuento (idDescuento, porcentaje, estado, fechaInicio, fechaFin, descripcion) VALUES (22, '50.57%', 'I', '2018-03-11 04:29:05', '2017-04-28 19:56:24', 'Empleados');
INSERT INTO descuento (idDescuento, porcentaje, estado, fechaInicio, fechaFin, descripcion) VALUES (23, '11.86%', 'A', '2017-08-03 22:37:23', '2017-11-15 07:53:57', 'Niños');
INSERT INTO descuento (idDescuento, porcentaje, estado, fechaInicio, fechaFin, descripcion) VALUES (24, '49.89%', 'A', '2017-11-25 17:10:44', '2017-09-30 18:39:34', 'Niños');
INSERT INTO descuento (idDescuento, porcentaje, estado, fechaInicio, fechaFin, descripcion) VALUES (25, '64.75%', 'I', '2017-06-14 09:20:28', '2018-01-29 15:09:04', 'Tercera Edad');
INSERT INTO descuento (idDescuento, porcentaje, estado, fechaInicio, fechaFin, descripcion) VALUES (26, '22.85%', 'I', '2017-10-03 14:52:21', '2017-07-06 00:23:05', 'Tercera Edad');
INSERT INTO descuento (idDescuento, porcentaje, estado, fechaInicio, fechaFin, descripcion) VALUES (27, '13.78%', 'I', '2017-04-20 03:10:02', '2017-08-21 15:06:06', 'Descuento');
INSERT INTO descuento (idDescuento, porcentaje, estado, fechaInicio, fechaFin, descripcion) VALUES (28, '9.67%', 'I', '2017-04-23 04:09:22', '2017-07-31 00:07:26', 'Descuento');
INSERT INTO descuento (idDescuento, porcentaje, estado, fechaInicio, fechaFin, descripcion) VALUES (29, '89.70%', 'A', '2017-08-03 14:15:57', '2018-03-25 08:20:27', 'Descuento');
INSERT INTO descuento (idDescuento, porcentaje, estado, fechaInicio, fechaFin, descripcion) VALUES (30, '84.98%', 'A', '2018-01-29 10:57:28', '2017-05-27 21:07:27', 'Descuento');
INSERT INTO descuento (idDescuento, porcentaje, estado, fechaInicio, fechaFin, descripcion) VALUES (31, '68.39%', 'A', '2018-01-01 22:41:25', '2017-11-14 15:17:59', 'Descuento');
INSERT INTO descuento (idDescuento, porcentaje, estado, fechaInicio, fechaFin, descripcion) VALUES (32, '10.04%', 'I', '2017-09-19 04:47:55', '2018-03-02 18:11:35', 'Niños');
INSERT INTO descuento (idDescuento, porcentaje, estado, fechaInicio, fechaFin, descripcion) VALUES (33, '88.14%', 'A', '2017-10-17 05:00:47', '2017-05-08 18:51:48', 'Niños');
INSERT INTO descuento (idDescuento, porcentaje, estado, fechaInicio, fechaFin, descripcion) VALUES (34, '25.85%', 'I', '2018-04-05 18:07:16', '2018-03-17 07:05:13', 'Descuento');
INSERT INTO descuento (idDescuento, porcentaje, estado, fechaInicio, fechaFin, descripcion) VALUES (35, '78.63%', 'A', '2017-08-01 10:42:11', '2017-10-06 18:53:52', 'Niños');
INSERT INTO descuento (idDescuento, porcentaje, estado, fechaInicio, fechaFin, descripcion) VALUES (36, '33.47%', 'A', '2018-01-22 08:57:21', '2017-11-08 12:54:22', 'Descuento');
INSERT INTO descuento (idDescuento, porcentaje, estado, fechaInicio, fechaFin, descripcion) VALUES (37, '47.86%', 'A', '2017-06-19 03:56:59', '2018-01-31 23:38:33', 'Tercera Edad');
INSERT INTO descuento (idDescuento, porcentaje, estado, fechaInicio, fechaFin, descripcion) VALUES (38, '7.81%', 'A', '2018-03-21 02:27:04', '2017-11-23 20:44:49', 'Empleados');
INSERT INTO descuento (idDescuento, porcentaje, estado, fechaInicio, fechaFin, descripcion) VALUES (39, '72.35%', 'A', '2017-08-16 01:52:24', '2017-08-24 02:58:50', 'Descuento');
INSERT INTO descuento (idDescuento, porcentaje, estado, fechaInicio, fechaFin, descripcion) VALUES (40, '97.03%', 'I', '2018-01-20 10:36:20', '2017-05-23 05:02:31', 'Empleados');
INSERT INTO descuento (idDescuento, porcentaje, estado, fechaInicio, fechaFin, descripcion) VALUES (41, '95.39%', 'A', '2018-01-17 08:52:56', '2018-01-11 21:04:44', 'Tercera Edad');
INSERT INTO descuento (idDescuento, porcentaje, estado, fechaInicio, fechaFin, descripcion) VALUES (42, '98.65%', 'A', '2017-11-19 05:28:40', '2017-04-19 07:54:48', 'Empleados');
INSERT INTO descuento (idDescuento, porcentaje, estado, fechaInicio, fechaFin, descripcion) VALUES (43, '56.46%', 'A', '2017-10-16 15:34:21', '2017-11-13 18:33:17', 'Empleados');
INSERT INTO descuento (idDescuento, porcentaje, estado, fechaInicio, fechaFin, descripcion) VALUES (44, '42.69%', 'I', '2017-09-06 14:42:46', '2017-04-12 00:21:46', 'Niños');
INSERT INTO descuento (idDescuento, porcentaje, estado, fechaInicio, fechaFin, descripcion) VALUES (45, '31.94%', 'A', '2017-04-13 20:29:44', '2018-03-16 05:11:55', 'Descuento');
INSERT INTO descuento (idDescuento, porcentaje, estado, fechaInicio, fechaFin, descripcion) VALUES (46, '57.36%', 'I', '2017-06-09 18:32:44', '2017-08-28 12:22:32', 'Niños');
INSERT INTO descuento (idDescuento, porcentaje, estado, fechaInicio, fechaFin, descripcion) VALUES (47, '31.89%', 'A', '2017-11-26 08:15:04', '2017-12-23 23:09:33', 'Niños');
INSERT INTO descuento (idDescuento, porcentaje, estado, fechaInicio, fechaFin, descripcion) VALUES (48, '83.40%', 'I', '2017-09-18 10:00:22', '2017-11-02 01:05:39', 'Empleados');
INSERT INTO descuento (idDescuento, porcentaje, estado, fechaInicio, fechaFin, descripcion) VALUES (49, '1.12%', 'I', '2018-01-05 23:29:39', '2017-11-17 22:56:22', 'Empleados');
INSERT INTO descuento (idDescuento, porcentaje, estado, fechaInicio, fechaFin, descripcion) VALUES (50, '71.67%', 'A', '2018-01-14 09:27:27', '2018-04-06 06:34:00', 'Niños');
INSERT INTO descuento (idDescuento, porcentaje, estado, fechaInicio, fechaFin, descripcion) VALUES (51, '53.47%', 'I', '2017-04-08 15:40:57', '2017-07-02 01:58:26', 'Descuento');
INSERT INTO descuento (idDescuento, porcentaje, estado, fechaInicio, fechaFin, descripcion) VALUES (52, '57.34%', 'A', '2017-12-27 04:05:09', '2017-06-06 05:46:09', 'Empleados');
INSERT INTO descuento (idDescuento, porcentaje, estado, fechaInicio, fechaFin, descripcion) VALUES (53, '29.88%', 'A', '2017-08-28 18:00:46', '2017-07-22 04:44:32', 'Descuento');
INSERT INTO descuento (idDescuento, porcentaje, estado, fechaInicio, fechaFin, descripcion) VALUES (54, '88.96%', 'A', '2018-01-18 23:24:20', '2017-08-06 02:02:08', 'Tercera Edad');
INSERT INTO descuento (idDescuento, porcentaje, estado, fechaInicio, fechaFin, descripcion) VALUES (55, '77.87%', 'A', '2017-05-06 22:32:27', '2017-07-14 03:37:34', 'Niños');
INSERT INTO descuento (idDescuento, porcentaje, estado, fechaInicio, fechaFin, descripcion) VALUES (56, '40.54%', 'A', '2018-03-12 09:34:22', '2017-07-05 03:43:46', 'Niños');
INSERT INTO descuento (idDescuento, porcentaje, estado, fechaInicio, fechaFin, descripcion) VALUES (57, '67.47%', 'I', '2017-06-21 07:50:41', '2017-06-08 03:30:06', 'Empleados');
INSERT INTO descuento (idDescuento, porcentaje, estado, fechaInicio, fechaFin, descripcion) VALUES (58, '66.57%', 'A', '2017-12-06 07:50:50', '2018-01-14 06:36:47', 'Niños');
INSERT INTO descuento (idDescuento, porcentaje, estado, fechaInicio, fechaFin, descripcion) VALUES (59, '16.79%', 'A', '2017-06-21 13:04:37', '2018-03-08 00:23:25', 'Descuento');
INSERT INTO descuento (idDescuento, porcentaje, estado, fechaInicio, fechaFin, descripcion) VALUES (60, '30.09%', 'A', '2017-06-26 17:09:21', '2017-04-09 22:00:55', 'Niños');
INSERT INTO descuento (idDescuento, porcentaje, estado, fechaInicio, fechaFin, descripcion) VALUES (61, '78.40%', 'A', '2017-08-11 08:28:13', '2018-01-25 19:35:37', 'Niños');
INSERT INTO descuento (idDescuento, porcentaje, estado, fechaInicio, fechaFin, descripcion) VALUES (62, '57.96%', 'A', '2018-01-17 06:27:56', '2018-02-19 15:50:08', 'Niños');
INSERT INTO descuento (idDescuento, porcentaje, estado, fechaInicio, fechaFin, descripcion) VALUES (63, '3.79%', 'I', '2017-07-25 11:14:35', '2017-08-18 14:10:38', 'Descuento');
INSERT INTO descuento (idDescuento, porcentaje, estado, fechaInicio, fechaFin, descripcion) VALUES (64, '92.11%', 'A', '2018-01-22 07:22:18', '2017-10-05 00:05:33', 'Niños');
INSERT INTO descuento (idDescuento, porcentaje, estado, fechaInicio, fechaFin, descripcion) VALUES (65, '75.43%', 'I', '2017-10-27 20:58:55', '2018-03-30 22:34:57', 'Tercera Edad');
INSERT INTO descuento (idDescuento, porcentaje, estado, fechaInicio, fechaFin, descripcion) VALUES (66, '32.33%', 'I', '2017-11-13 11:09:46', '2017-12-17 03:42:54', 'Tercera Edad');
INSERT INTO descuento (idDescuento, porcentaje, estado, fechaInicio, fechaFin, descripcion) VALUES (67, '15.27%', 'A', '2017-06-21 23:35:43', '2017-09-10 08:35:43', 'Tercera Edad');
INSERT INTO descuento (idDescuento, porcentaje, estado, fechaInicio, fechaFin, descripcion) VALUES (68, '30.57%', 'A', '2017-11-05 10:55:00', '2017-10-13 03:06:12', 'Descuento');
INSERT INTO descuento (idDescuento, porcentaje, estado, fechaInicio, fechaFin, descripcion) VALUES (69, '91.23%', 'I', '2018-03-23 09:08:38', '2017-11-25 08:06:47', 'Descuento');
INSERT INTO descuento (idDescuento, porcentaje, estado, fechaInicio, fechaFin, descripcion) VALUES (70, '93.43%', 'A', '2018-03-08 08:15:53', '2018-03-10 11:28:01', 'Descuento');
INSERT INTO descuento (idDescuento, porcentaje, estado, fechaInicio, fechaFin, descripcion) VALUES (71, '68.44%', 'I', '2017-10-26 08:27:56', '2017-06-28 03:04:29', 'Descuento');
INSERT INTO descuento (idDescuento, porcentaje, estado, fechaInicio, fechaFin, descripcion) VALUES (72, '27.40%', 'I', '2017-09-02 06:01:39', '2017-10-11 10:22:42', 'Descuento');
INSERT INTO descuento (idDescuento, porcentaje, estado, fechaInicio, fechaFin, descripcion) VALUES (73, '59.17%', 'I', '2018-01-11 14:09:04', '2018-03-06 12:15:02', 'Descuento');
INSERT INTO descuento (idDescuento, porcentaje, estado, fechaInicio, fechaFin, descripcion) VALUES (74, '69.57%', 'A', '2017-09-25 11:55:46', '2017-10-27 20:06:21', 'Niños');
INSERT INTO descuento (idDescuento, porcentaje, estado, fechaInicio, fechaFin, descripcion) VALUES (75, '75.33%', 'A', '2017-11-26 14:28:03', '2017-06-06 15:17:29', 'Niños');
INSERT INTO descuento (idDescuento, porcentaje, estado, fechaInicio, fechaFin, descripcion) VALUES (76, '36.44%', 'I', '2017-12-24 04:06:21', '2018-01-10 07:45:53', 'Niños');
INSERT INTO descuento (idDescuento, porcentaje, estado, fechaInicio, fechaFin, descripcion) VALUES (77, '6.99%', 'I', '2017-06-09 00:12:30', '2017-09-21 22:01:48', 'Descuento');
INSERT INTO descuento (idDescuento, porcentaje, estado, fechaInicio, fechaFin, descripcion) VALUES (78, '48.58%', 'I', '2017-10-18 05:45:39', '2017-07-08 03:05:12', 'Descuento');
INSERT INTO descuento (idDescuento, porcentaje, estado, fechaInicio, fechaFin, descripcion) VALUES (79, '97.30%', 'I', '2017-10-23 09:38:46', '2017-12-02 09:32:08', 'Descuento');
INSERT INTO descuento (idDescuento, porcentaje, estado, fechaInicio, fechaFin, descripcion) VALUES (80, '56.17%', 'I', '2017-09-02 06:13:33', '2017-08-23 01:35:43', 'Tercera Edad');
INSERT INTO descuento (idDescuento, porcentaje, estado, fechaInicio, fechaFin, descripcion) VALUES (81, '65.36%', 'I', '2017-08-20 10:21:16', '2018-03-21 09:53:39', 'Niños');
INSERT INTO descuento (idDescuento, porcentaje, estado, fechaInicio, fechaFin, descripcion) VALUES (82, '15.80%', 'A', '2017-09-17 16:07:46', '2017-10-11 02:17:27', 'Tercera Edad');
INSERT INTO descuento (idDescuento, porcentaje, estado, fechaInicio, fechaFin, descripcion) VALUES (83, '63.64%', 'A', '2018-03-19 06:43:06', '2017-11-21 05:41:53', 'Descuento');
INSERT INTO descuento (idDescuento, porcentaje, estado, fechaInicio, fechaFin, descripcion) VALUES (84, '55.39%', 'A', '2017-06-02 22:33:44', '2017-10-16 14:30:16', 'Empleados');
INSERT INTO descuento (idDescuento, porcentaje, estado, fechaInicio, fechaFin, descripcion) VALUES (85, '97.85%', 'I', '2017-07-10 06:07:44', '2018-02-21 16:41:21', 'Niños');
INSERT INTO descuento (idDescuento, porcentaje, estado, fechaInicio, fechaFin, descripcion) VALUES (86, '70.05%', 'I', '2018-01-17 23:04:24', '2017-09-20 11:49:33', 'Empleados');
INSERT INTO descuento (idDescuento, porcentaje, estado, fechaInicio, fechaFin, descripcion) VALUES (87, '33.83%', 'A', '2018-02-11 04:27:20', '2017-09-03 20:55:42', 'Empleados');
INSERT INTO descuento (idDescuento, porcentaje, estado, fechaInicio, fechaFin, descripcion) VALUES (88, '34.48%', 'I', '2017-11-12 22:55:28', '2017-05-20 01:15:57', 'Tercera Edad');
INSERT INTO descuento (idDescuento, porcentaje, estado, fechaInicio, fechaFin, descripcion) VALUES (89, '56.01%', 'A', '2017-09-16 07:47:56', '2017-10-04 10:38:06', 'Tercera Edad');
INSERT INTO descuento (idDescuento, porcentaje, estado, fechaInicio, fechaFin, descripcion) VALUES (90, '98.53%', 'I', '2018-03-30 03:59:05', '2017-08-27 10:59:16', 'Niños');
INSERT INTO descuento (idDescuento, porcentaje, estado, fechaInicio, fechaFin, descripcion) VALUES (91, '65.77%', 'I', '2017-10-19 04:17:04', '2017-05-25 22:35:03', 'Tercera Edad');
INSERT INTO descuento (idDescuento, porcentaje, estado, fechaInicio, fechaFin, descripcion) VALUES (92, '16.98%', 'I', '2017-10-24 18:29:25', '2017-08-26 02:45:13', 'Tercera Edad');
INSERT INTO descuento (idDescuento, porcentaje, estado, fechaInicio, fechaFin, descripcion) VALUES (93, '67.63%', 'A', '2017-09-27 10:44:15', '2017-04-23 18:43:57', 'Empleados');
INSERT INTO descuento (idDescuento, porcentaje, estado, fechaInicio, fechaFin, descripcion) VALUES (94, '20.92%', 'I', '2017-08-04 21:16:04', '2017-10-02 01:44:46', 'Tercera Edad');
INSERT INTO descuento (idDescuento, porcentaje, estado, fechaInicio, fechaFin, descripcion) VALUES (95, '98.82%', 'A', '2017-10-29 23:53:47', '2017-11-20 03:02:40', 'Tercera Edad');
INSERT INTO descuento (idDescuento, porcentaje, estado, fechaInicio, fechaFin, descripcion) VALUES (96, '72.20%', 'A', '2017-09-20 12:31:13', '2018-04-04 09:32:08', 'Empleados');
INSERT INTO descuento (idDescuento, porcentaje, estado, fechaInicio, fechaFin, descripcion) VALUES (97, '89.25%', 'A', '2017-10-09 06:25:44', '2017-06-18 08:01:29', 'Tercera Edad');
INSERT INTO descuento (idDescuento, porcentaje, estado, fechaInicio, fechaFin, descripcion) VALUES (98, '60.19%', 'I', '2017-05-10 02:16:04', '2017-12-21 05:52:00', 'Descuento');
INSERT INTO descuento (idDescuento, porcentaje, estado, fechaInicio, fechaFin, descripcion) VALUES (99, '73.07%', 'I', '2017-10-23 00:54:37', '2017-08-20 05:19:11', 'Tercera Edad');
INSERT INTO descuento (idDescuento, porcentaje, estado, fechaInicio, fechaFin, descripcion) VALUES (100, '84.65%', 'I', '2018-02-21 09:04:00', '2017-05-15 12:48:08', 'Descuento');


-- -----------------------------------------------------
-- 150 Inserts de tabla factura
-- -----------------------------------------------------
INSERT INTO factura (idFactura, numFactura, fechaEmision, costeReservacion, costePedido, costeProducto, costeTotal, cambio, observacion, idCliente, idEmpleado, idTipoFactura, idModoPago) VALUES (1, '9627675361', '2017-08-10 16:00:32', 500, 137, 43, 680, 320, 'Vivamus in felis eu sapien cursus vestibulum.', 6, 45, 2, 1);
INSERT INTO factura (idFactura, numFactura, fechaEmision, costeReservacion, costePedido, costeProducto, costeTotal, cambio, observacion, idCliente, idEmpleado, idTipoFactura, idModoPago) VALUES (2, '9667124979', '2018-03-28 21:55:20', 1000, 218, 65, 1283, 217, 'Suspendisse potenti.', 21, 97, 1, 1);
INSERT INTO factura (idFactura, numFactura, fechaEmision, costeReservacion, costePedido, costeProducto, costeTotal, cambio, observacion, idCliente, idEmpleado, idTipoFactura, idModoPago) VALUES (3, '8188005579', '2018-04-04 10:45:37', 1000, null, 60, 1060, 440, 'Maecenas ut massa quis augue luctus tincidunt.', 98, 66, 1, 1);
INSERT INTO factura (idFactura, numFactura, fechaEmision, costeReservacion, costePedido, costeProducto, costeTotal, cambio, observacion, idCliente, idEmpleado, idTipoFactura, idModoPago) VALUES (4, '9148168608', '2018-04-06 01:32:14', 400, 40, null, 440, 60, 'Donec odio justo, sollicitudin ut, suscipit a, feugiat et, eros.', 9, 47, 1, 1);
INSERT INTO factura (idFactura, numFactura, fechaEmision, costeReservacion, costePedido, costeProducto, costeTotal, cambio, observacion, idCliente, idEmpleado, idTipoFactura, idModoPago) VALUES (5, '8404856097', '2017-07-14 02:39:27', 800, 374, null, 1174, 326, 'Cum sociis natoque penatibus et magnis dis parturient montes, nascetur ridiculus mus.', 52, 60, 2, 2);
INSERT INTO factura (idFactura, numFactura, fechaEmision, costeReservacion, costePedido, costeProducto, costeTotal, cambio, observacion, idCliente, idEmpleado, idTipoFactura, idModoPago) VALUES (6, '9960018780', '2018-03-22 03:53:31', 800, 164, 56, 1020, 480, 'Vivamus tortor.', 29, 89, 2, 2);
INSERT INTO factura (idFactura, numFactura, fechaEmision, costeReservacion, costePedido, costeProducto, costeTotal, cambio, observacion, idCliente, idEmpleado, idTipoFactura, idModoPago) VALUES (7, '8362123441', '2017-05-03 12:49:04', 1000, 22, 174, 1196, 304, 'In hac habitasse platea dictumst.', 2, 35, 1, 3);
INSERT INTO factura (idFactura, numFactura, fechaEmision, costeReservacion, costePedido, costeProducto, costeTotal, cambio, observacion, idCliente, idEmpleado, idTipoFactura, idModoPago) VALUES (8, '9516175750', '2017-05-11 08:44:12', 1000, null, 184, 1184, 316, 'In eleifend quam a odio.', 83, 94, 2, 4);
INSERT INTO factura (idFactura, numFactura, fechaEmision, costeReservacion, costePedido, costeProducto, costeTotal, cambio, observacion, idCliente, idEmpleado, idTipoFactura, idModoPago) VALUES (9, '9363423608', '2018-02-19 21:04:53', 500, 104, null, 604, 396, 'Maecenas leo odio, condimentum id, luctus nec, molestie sed, justo.', 63, 59, 1, 2);
INSERT INTO factura (idFactura, numFactura, fechaEmision, costeReservacion, costePedido, costeProducto, costeTotal, cambio, observacion, idCliente, idEmpleado, idTipoFactura, idModoPago) VALUES (10, '8779550649', '2017-07-06 21:39:44', 300, 217, 93, 610, 390, 'Nulla ut erat id mauris vulputate elementum.', 18, 82, 1, 2);
INSERT INTO factura (idFactura, numFactura, fechaEmision, costeReservacion, costePedido, costeProducto, costeTotal, cambio, observacion, idCliente, idEmpleado, idTipoFactura, idModoPago) VALUES (11, '9871499781', '2017-09-29 23:34:42', 400, 68, 152, 620, 380, 'Morbi ut odio.', 24, 85, 1, 1);
INSERT INTO factura (idFactura, numFactura, fechaEmision, costeReservacion, costePedido, costeProducto, costeTotal, cambio, observacion, idCliente, idEmpleado, idTipoFactura, idModoPago) VALUES (12, '6388375367', '2017-09-13 23:59:48', 1000, 172, null, 1172, 328, 'Nullam porttitor lacus at turpis.', 73, 66, 1, 1);
INSERT INTO factura (idFactura, numFactura, fechaEmision, costeReservacion, costePedido, costeProducto, costeTotal, cambio, observacion, idCliente, idEmpleado, idTipoFactura, idModoPago) VALUES (13, '8175334026', '2017-06-01 04:47:32', 1000, 61, null, 1061, 439, 'Cras non velit nec nisi vulputate nonummy.', 16, 28, 1, 4);
INSERT INTO factura (idFactura, numFactura, fechaEmision, costeReservacion, costePedido, costeProducto, costeTotal, cambio, observacion, idCliente, idEmpleado, idTipoFactura, idModoPago) VALUES (14, '8538887778', '2018-02-07 20:07:40', 200, 396, 85, 681, 319, 'Vestibulum quam sapien, varius ut, blandit non, interdum in, ante.', 1, 19, 2, 2);
INSERT INTO factura (idFactura, numFactura, fechaEmision, costeReservacion, costePedido, costeProducto, costeTotal, cambio, observacion, idCliente, idEmpleado, idTipoFactura, idModoPago) VALUES (15, '9760208637', '2017-12-28 21:24:30', 800, 147, null, 947, 53, 'Quisque porta volutpat erat.', 96, 18, 2, 1);
INSERT INTO factura (idFactura, numFactura, fechaEmision, costeReservacion, costePedido, costeProducto, costeTotal, cambio, observacion, idCliente, idEmpleado, idTipoFactura, idModoPago) VALUES (16, '9106877787', '2018-03-18 04:50:09', 300, 340, 167, 807, 193, 'Nulla ac enim.', 17, 87, 1, 1);
INSERT INTO factura (idFactura, numFactura, fechaEmision, costeReservacion, costePedido, costeProducto, costeTotal, cambio, observacion, idCliente, idEmpleado, idTipoFactura, idModoPago) VALUES (17, '6249304046', '2017-11-25 22:35:31', 200, null, null, 200, 300, 'Morbi non quam nec dui luctus rutrum.', 61, 45, 2, 1);
INSERT INTO factura (idFactura, numFactura, fechaEmision, costeReservacion, costePedido, costeProducto, costeTotal, cambio, observacion, idCliente, idEmpleado, idTipoFactura, idModoPago) VALUES (18, '9191793684', '2017-05-23 05:04:20', 200, 315, 26, 541, 459, 'Nam ultrices, libero non mattis pulvinar, nulla pede ullamcorper augue, a suscipit nulla elit ac nulla.', 89, 91, 1, 1);
INSERT INTO factura (idFactura, numFactura, fechaEmision, costeReservacion, costePedido, costeProducto, costeTotal, cambio, observacion, idCliente, idEmpleado, idTipoFactura, idModoPago) VALUES (19, '6874128776', '2017-06-02 02:20:37', 500, 170, 77, 747, 253, 'Donec ut dolor.', 97, 42, 1, 4);
INSERT INTO factura (idFactura, numFactura, fechaEmision, costeReservacion, costePedido, costeProducto, costeTotal, cambio, observacion, idCliente, idEmpleado, idTipoFactura, idModoPago) VALUES (20, '8117769286', '2017-12-07 06:19:13', 400, 134, 184, 718, 282, 'Nunc purus.', 86, 54, 2, 2);
INSERT INTO factura (idFactura, numFactura, fechaEmision, costeReservacion, costePedido, costeProducto, costeTotal, cambio, observacion, idCliente, idEmpleado, idTipoFactura, idModoPago) VALUES (21, '5808123417', '2017-11-12 00:34:43', 1000, 276, null, 1276, 224, 'Curabitur at ipsum ac tellus semper interdum.', 84, 29, 1, 1);
INSERT INTO factura (idFactura, numFactura, fechaEmision, costeReservacion, costePedido, costeProducto, costeTotal, cambio, observacion, idCliente, idEmpleado, idTipoFactura, idModoPago) VALUES (22, '9600649996', '2017-08-02 14:28:23', 400, null, 42, 442, 58, 'In sagittis dui vel nisl.', 75, 6, 1, 1);
INSERT INTO factura (idFactura, numFactura, fechaEmision, costeReservacion, costePedido, costeProducto, costeTotal, cambio, observacion, idCliente, idEmpleado, idTipoFactura, idModoPago) VALUES (23, '9417086054', '2017-05-15 19:06:06', 300, null, 144, 444, 56, 'Etiam vel augue.', 32, 31, 2, 1);
INSERT INTO factura (idFactura, numFactura, fechaEmision, costeReservacion, costePedido, costeProducto, costeTotal, cambio, observacion, idCliente, idEmpleado, idTipoFactura, idModoPago) VALUES (24, '6403498321', '2015-10-30 15:25:28', 500, 272, 35, 807, 193, 'Nulla facilisi.', 5, 99, 2, 2);
INSERT INTO factura (idFactura, numFactura, fechaEmision, costeReservacion, costePedido, costeProducto, costeTotal, cambio, observacion, idCliente, idEmpleado, idTipoFactura, idModoPago) VALUES (25, '6430580035', '2014-05-15 10:53:07', 500, 113, 60, 673, 327, 'Sed accumsan felis.', 38, 7, 1, 2);
INSERT INTO factura (idFactura, numFactura, fechaEmision, costeReservacion, costePedido, costeProducto, costeTotal, cambio, observacion, idCliente, idEmpleado, idTipoFactura, idModoPago) VALUES (26, '9103406727', '2013-10-30 15:25:28', 800, 234, null, 1034, 466, 'Duis bibendum.', 96, 97, 2, 3);
INSERT INTO factura (idFactura, numFactura, fechaEmision, costeReservacion, costePedido, costeProducto, costeTotal, cambio, observacion, idCliente, idEmpleado, idTipoFactura, idModoPago) VALUES (27, '4584965164', '2017-05-15 22:06:00', 200, null, 155, 355, 145, 'In congue.', 42, 70, 1, 3);
INSERT INTO factura (idFactura, numFactura, fechaEmision, costeReservacion, costePedido, costeProducto, costeTotal, cambio, observacion, idCliente, idEmpleado, idTipoFactura, idModoPago) VALUES (28, '9992029237', '2015-08-01 07:47:46', 500, 322, null, 822, 178, 'Lorem ipsum dolor sit amet, consectetuer adipiscing elit.', 62, 19, 2, 3);
INSERT INTO factura (idFactura, numFactura, fechaEmision, costeReservacion, costePedido, costeProducto, costeTotal, cambio, observacion, idCliente, idEmpleado, idTipoFactura, idModoPago) VALUES (29, '5987977128', '2012-05-25 19:57:06', 300, 76, 68, 444, 56, 'Phasellus in felis.', 63, 21, 1, 4);
INSERT INTO factura (idFactura, numFactura, fechaEmision, costeReservacion, costePedido, costeProducto, costeTotal, cambio, observacion, idCliente, idEmpleado, idTipoFactura, idModoPago) VALUES (30, '5264179860', '2014-05-14 20:38:04', 500, 297, 170, 967, 33, 'Morbi non lectus.', 68, 85, 2, 3);
INSERT INTO factura (idFactura, numFactura, fechaEmision, costeReservacion, costePedido, costeProducto, costeTotal, cambio, observacion, idCliente, idEmpleado, idTipoFactura, idModoPago) VALUES (31, '9145377831', '2015-09-15 14:10:54', 500, 189, 25, 714, 286, 'Etiam pretium iaculis justo.', 74, 26, 2, 3);
INSERT INTO factura (idFactura, numFactura, fechaEmision, costeReservacion, costePedido, costeProducto, costeTotal, cambio, observacion, idCliente, idEmpleado, idTipoFactura, idModoPago) VALUES (32, '8812318253', '2018-04-06 15:51:23', 300, 269, null, 569, 431, 'Pellentesque at nulla.', 27, 38, 1, 1);
INSERT INTO factura (idFactura, numFactura, fechaEmision, costeReservacion, costePedido, costeProducto, costeTotal, cambio, observacion, idCliente, idEmpleado, idTipoFactura, idModoPago) VALUES (33, '8320551133', '2017-05-03 12:49:04', 200, 233, 153, 586, 414, 'Duis bibendum, felis sed interdum venenatis, turpis enim blandit mi, in porttitor pede justo eu massa.', 45, 49, 2, 1);
INSERT INTO factura (idFactura, numFactura, fechaEmision, costeReservacion, costePedido, costeProducto, costeTotal, cambio, observacion, idCliente, idEmpleado, idTipoFactura, idModoPago) VALUES (34, '9574918936', '2013-05-30 11:36:20', 300, null, 162, 462, 38, 'Proin risus.', 27, 84, 2, 1);
INSERT INTO factura (idFactura, numFactura, fechaEmision, costeReservacion, costePedido, costeProducto, costeTotal, cambio, observacion, idCliente, idEmpleado, idTipoFactura, idModoPago) VALUES (35, '9984283614', '2014-07-30 18:01:53', 400, 119, null, 519, 481, 'Proin interdum mauris non ligula pellentesque ultrices.', 32, 34, 1, 3);
INSERT INTO factura (idFactura, numFactura, fechaEmision, costeReservacion, costePedido, costeProducto, costeTotal, cambio, observacion, idCliente, idEmpleado, idTipoFactura, idModoPago) VALUES (36, '2791840678', '2014-05-15 10:53:07', 500, 320, 121, 941, 59, 'Duis ac nibh.', 1, 92, 2, 2);
INSERT INTO factura (idFactura, numFactura, fechaEmision, costeReservacion, costePedido, costeProducto, costeTotal, cambio, observacion, idCliente, idEmpleado, idTipoFactura, idModoPago) VALUES (37, '8658823225', '2012-05-25 19:57:06', 200, 165, null, 365, 135, 'Vestibulum ante ipsum primis in faucibus orci luctus et ultrices posuere cubilia Curae; Nulla dapibus dolor vel est.', 5, 4, 1, 4);
INSERT INTO factura (idFactura, numFactura, fechaEmision, costeReservacion, costePedido, costeProducto, costeTotal, cambio, observacion, idCliente, idEmpleado, idTipoFactura, idModoPago) VALUES (38, '6144927785', '2015-09-16 15:59:24', 300, 150, 152, 602, 398, 'Morbi porttitor lorem id ligula.', 55, 90, 1, 2);
INSERT INTO factura (idFactura, numFactura, fechaEmision, costeReservacion, costePedido, costeProducto, costeTotal, cambio, observacion, idCliente, idEmpleado, idTipoFactura, idModoPago) VALUES (39, '4963938902', '2014-04-12 09:37:53', 800, 42, 179, 1021, 479, 'Nullam orci pede, venenatis non, sodales sed, tincidunt eu, felis.', 60, 70, 2, 4);
INSERT INTO factura (idFactura, numFactura, fechaEmision, costeReservacion, costePedido, costeProducto, costeTotal, cambio, observacion, idCliente, idEmpleado, idTipoFactura, idModoPago) VALUES (40, '5667190582', '2017-06-01 04:47:32', 800, null, null, 800, 200, 'Donec ut dolor.', 1, 26, 2, 3);
INSERT INTO factura (idFactura, numFactura, fechaEmision, costeReservacion, costePedido, costeProducto, costeTotal, cambio, observacion, idCliente, idEmpleado, idTipoFactura, idModoPago) VALUES (41, '8164888429', '2016-06-26 14:39:56', 200, 57, 121, 378, 122, 'Vestibulum ante ipsum primis in faucibus orci luctus et ultrices posuere cubilia Curae; Nulla dapibus dolor vel est.', 56, 89, 1, 3);
INSERT INTO factura (idFactura, numFactura, fechaEmision, costeReservacion, costePedido, costeProducto, costeTotal, cambio, observacion, idCliente, idEmpleado, idTipoFactura, idModoPago) VALUES (42, '9048275818', '2018-02-11 06:26:29', 400, 180, 78, 658, 342, 'Duis bibendum, felis sed interdum venenatis, turpis enim blandit mi, in porttitor pede justo eu massa.', 94, 1, 2, 3);
INSERT INTO factura (idFactura, numFactura, fechaEmision, costeReservacion, costePedido, costeProducto, costeTotal, cambio, observacion, idCliente, idEmpleado, idTipoFactura, idModoPago) VALUES (43, '6011750364', '2017-09-04 20:10:44', 200, 59, 47, 306, 194, 'Duis consequat dui nec nisi volutpat eleifend.', 65, 96, 2, 2);
INSERT INTO factura (idFactura, numFactura, fechaEmision, costeReservacion, costePedido, costeProducto, costeTotal, cambio, observacion, idCliente, idEmpleado, idTipoFactura, idModoPago) VALUES (44, '9268024256', '2016-10-23 06:22:40', 400, 267, 49, 716, 284, 'In congue.', 84, 19, 2, 1);
INSERT INTO factura (idFactura, numFactura, fechaEmision, costeReservacion, costePedido, costeProducto, costeTotal, cambio, observacion, idCliente, idEmpleado, idTipoFactura, idModoPago) VALUES (45, '9466159461', '2012-05-03 12:49:04', 200, 95, 35, 330, 170, 'Etiam faucibus cursus urna.', 80, 65, 2, 2);
INSERT INTO factura (idFactura, numFactura, fechaEmision, costeReservacion, costePedido, costeProducto, costeTotal, cambio, observacion, idCliente, idEmpleado, idTipoFactura, idModoPago) VALUES (46, '9934972485', '2013-11-23 08:04:55', 200, 391, null, 591, 409, 'Cras pellentesque volutpat dui.', 71, 65, 1, 4);
INSERT INTO factura (idFactura, numFactura, fechaEmision, costeReservacion, costePedido, costeProducto, costeTotal, cambio, observacion, idCliente, idEmpleado, idTipoFactura, idModoPago) VALUES (47, '9960096024', '2018-02-11 06:26:29', 400, 106, 178, 684, 316, 'Morbi a ipsum.', 49, 24, 1, 2);
INSERT INTO factura (idFactura, numFactura, fechaEmision, costeReservacion, costePedido, costeProducto, costeTotal, cambio, observacion, idCliente, idEmpleado, idTipoFactura, idModoPago) VALUES (48, '9183250157', '2016-08-06 22:44:14', 300, 255, 185, 740, 260, 'Nunc nisl.', 14, 43, 1, 2);
INSERT INTO factura (idFactura, numFactura, fechaEmision, costeReservacion, costePedido, costeProducto, costeTotal, cambio, observacion, idCliente, idEmpleado, idTipoFactura, idModoPago) VALUES (49, '9506221706', '2013-02-28 11:45:20', 300, 211, 60, 571, 429, 'Maecenas pulvinar lobortis est.', 19, 58, 1, 4);
INSERT INTO factura (idFactura, numFactura, fechaEmision, costeReservacion, costePedido, costeProducto, costeTotal, cambio, observacion, idCliente, idEmpleado, idTipoFactura, idModoPago) VALUES (50, '8169588332', '2017-03-14 16:15:56', 200, 210, null, 410, 90, 'Mauris ullamcorper purus sit amet nulla.', 81, 44, 1, 3);
INSERT INTO factura (idFactura, numFactura, fechaEmision, costeReservacion, costePedido, costeProducto, costeTotal, cambio, observacion, idCliente, idEmpleado, idTipoFactura, idModoPago) VALUES (51, '6288189023', '2014-09-14 20:38:04', 1000, 338, null, 1338, 162, 'Donec posuere metus vitae ipsum.', 58, 95, 2, 3);
INSERT INTO factura (idFactura, numFactura, fechaEmision, costeReservacion, costePedido, costeProducto, costeTotal, cambio, observacion, idCliente, idEmpleado, idTipoFactura, idModoPago) VALUES (52, '9482479098', '2017-04-22 00:35:06', 300, 74, 177, 551, 449, 'Vivamus tortor.', 27, 96, 2, 2);
INSERT INTO factura (idFactura, numFactura, fechaEmision, costeReservacion, costePedido, costeProducto, costeTotal, cambio, observacion, idCliente, idEmpleado, idTipoFactura, idModoPago) VALUES (53, '9711287416', '2017-10-12 08:53:39', 300, 63, 116, 479, 21, 'In hac habitasse platea dictumst.', 19, 82, 1, 3);
INSERT INTO factura (idFactura, numFactura, fechaEmision, costeReservacion, costePedido, costeProducto, costeTotal, cambio, observacion, idCliente, idEmpleado, idTipoFactura, idModoPago) VALUES (54, '9468501458', '2016-12-22 06:51:56', 1000, 358, 49, 1407, 93, 'Nulla facilisi.', 83, 47, 2, 1);
INSERT INTO factura (idFactura, numFactura, fechaEmision, costeReservacion, costePedido, costeProducto, costeTotal, cambio, observacion, idCliente, idEmpleado, idTipoFactura, idModoPago) VALUES (55, '4296586719', '2017-03-14 16:15:56', 1000, 215, 89, 1304, 196, 'Vivamus vel nulla eget eros elementum pellentesque.', 14, 70, 2, 2);
INSERT INTO factura (idFactura, numFactura, fechaEmision, costeReservacion, costePedido, costeProducto, costeTotal, cambio, observacion, idCliente, idEmpleado, idTipoFactura, idModoPago) VALUES (56, '9754947673', '2012-09-01 19:38:28', 200, 347, 24, 571, 429, 'Duis bibendum.', 7, 49, 1, 4);
INSERT INTO factura (idFactura, numFactura, fechaEmision, costeReservacion, costePedido, costeProducto, costeTotal, cambio, observacion, idCliente, idEmpleado, idTipoFactura, idModoPago) VALUES (57, '8672358895', '2018-02-04 08:41:09', 1000, 374, 59, 1433, 67, 'Aenean fermentum.', 91, 97, 2, 3);
INSERT INTO factura (idFactura, numFactura, fechaEmision, costeReservacion, costePedido, costeProducto, costeTotal, cambio, observacion, idCliente, idEmpleado, idTipoFactura, idModoPago) VALUES (58, '4953893524', '2017-10-30 15:25:28', 400, 204, 126, 730, 270, 'Praesent id massa id nisl venenatis lacinia.', 27, 86, 2, 2);
INSERT INTO factura (idFactura, numFactura, fechaEmision, costeReservacion, costePedido, costeProducto, costeTotal, cambio, observacion, idCliente, idEmpleado, idTipoFactura, idModoPago) VALUES (59, '8508527358', '2013-09-15 14:10:54', 300, null, null, 300, 200, 'Nullam molestie nibh in lectus.', 53, 37, 2, 4);
INSERT INTO factura (idFactura, numFactura, fechaEmision, costeReservacion, costePedido, costeProducto, costeTotal, cambio, observacion, idCliente, idEmpleado, idTipoFactura, idModoPago) VALUES (60, '8592373567', '2017-10-18 13:51:48', 300, null, null, 300, 200, 'Mauris ullamcorper purus sit amet nulla.', 84, 97, 2, 3);
INSERT INTO factura (idFactura, numFactura, fechaEmision, costeReservacion, costePedido, costeProducto, costeTotal, cambio, observacion, idCliente, idEmpleado, idTipoFactura, idModoPago) VALUES (61, '5178339344', '2017-09-13 23:59:48', 300, 353, 133, 786, 214, 'Vestibulum ante ipsum primis in faucibus orci luctus et ultrices posuere cubilia Curae; Mauris viverra diam vitae quam.', 15, 75, 2, 4);
INSERT INTO factura (idFactura, numFactura, fechaEmision, costeReservacion, costePedido, costeProducto, costeTotal, cambio, observacion, idCliente, idEmpleado, idTipoFactura, idModoPago) VALUES (62, '8471429832', '2016-12-22 06:51:56', 200, 49, 38, 287, 213, 'Curabitur at ipsum ac tellus semper interdum.', 91, 27, 2, 4);
INSERT INTO factura (idFactura, numFactura, fechaEmision, costeReservacion, costePedido, costeProducto, costeTotal, cambio, observacion, idCliente, idEmpleado, idTipoFactura, idModoPago) VALUES (63, '9341313075', '2012-05-13 18:10:56', 800, 304, 180, 1284, 216, 'Praesent blandit lacinia erat.', 3, 89, 1, 4);
INSERT INTO factura (idFactura, numFactura, fechaEmision, costeReservacion, costePedido, costeProducto, costeTotal, cambio, observacion, idCliente, idEmpleado, idTipoFactura, idModoPago) VALUES (64, '8082952856', '2018-03-02 17:10:02', 1000, 219, 166, 1385, 115, 'Curabitur in libero ut massa volutpat convallis.', 7, 88, 1, 4);
INSERT INTO factura (idFactura, numFactura, fechaEmision, costeReservacion, costePedido, costeProducto, costeTotal, cambio, observacion, idCliente, idEmpleado, idTipoFactura, idModoPago) VALUES (65, '9074425143', '2012-02-21 12:31:54', 300, 28, 143, 471, 29, 'Cum sociis natoque penatibus et magnis dis parturient montes, nascetur ridiculus mus.', 32, 7, 1, 1);
INSERT INTO factura (idFactura, numFactura, fechaEmision, costeReservacion, costePedido, costeProducto, costeTotal, cambio, observacion, idCliente, idEmpleado, idTipoFactura, idModoPago) VALUES (66, '9748560887', '2012-08-06 11:40:21', 300, 355, 115, 770, 230, 'Vestibulum ac est lacinia nisi venenatis tristique.', 45, 89, 1, 1);
INSERT INTO factura (idFactura, numFactura, fechaEmision, costeReservacion, costePedido, costeProducto, costeTotal, cambio, observacion, idCliente, idEmpleado, idTipoFactura, idModoPago) VALUES (67, '9184926946', '2017-06-22 03:18:04', 400, null, null, 400, 100, 'Quisque arcu libero, rutrum ac, lobortis vel, dapibus at, diam.', 39, 10, 2, 4);
INSERT INTO factura (idFactura, numFactura, fechaEmision, costeReservacion, costePedido, costeProducto, costeTotal, cambio, observacion, idCliente, idEmpleado, idTipoFactura, idModoPago) VALUES (68, '6371516899', '2018-06-22 00:18:04', 800, 179, 174, 1153, 347, 'Vestibulum ante ipsum primis in faucibus orci luctus et ultrices posuere cubilia Curae; Donec pharetra, magna vestibulum aliquet ultrices, erat tortor sollicitudin mi, sit amet lobortis sapien sapien non mi.', 49, 35, 2, 1);
INSERT INTO factura (idFactura, numFactura, fechaEmision, costeReservacion, costePedido, costeProducto, costeTotal, cambio, observacion, idCliente, idEmpleado, idTipoFactura, idModoPago) VALUES (69, '8730347609', '2013-04-06 15:51:23', 500, 64, 168, 732, 268, 'Fusce consequat.', 25, 5, 1, 4);
INSERT INTO factura (idFactura, numFactura, fechaEmision, costeReservacion, costePedido, costeProducto, costeTotal, cambio, observacion, idCliente, idEmpleado, idTipoFactura, idModoPago) VALUES (70, '9236500591', '2012-11-22 08:18:04', 400, 331, null, 731, 269, 'Integer pede justo, lacinia eget, tincidunt eget, tempus vel, pede.', 37, 13, 1, 4);
INSERT INTO factura (idFactura, numFactura, fechaEmision, costeReservacion, costePedido, costeProducto, costeTotal, cambio, observacion, idCliente, idEmpleado, idTipoFactura, idModoPago) VALUES (71, '9917059839', '2015-06-27 23:18:04', 800, null, 45, 845, 155, 'Proin at turpis a pede posuere nonummy.', 75, 34, 1, 1);
INSERT INTO factura (idFactura, numFactura, fechaEmision, costeReservacion, costePedido, costeProducto, costeTotal, cambio, observacion, idCliente, idEmpleado, idTipoFactura, idModoPago) VALUES (72, '8427742878', '2018-03-22 03:53:31', 800, 356, null, 1156, 344, 'Donec vitae nisi.', 31, 19, 2, 1);
INSERT INTO factura (idFactura, numFactura, fechaEmision, costeReservacion, costePedido, costeProducto, costeTotal, cambio, observacion, idCliente, idEmpleado, idTipoFactura, idModoPago) VALUES (73, '9325172878', '2014-01-31 00:18:04', 800, 117, 149, 1066, 434, 'Nam tristique tortor eu pede.', 40, 29, 1, 4);
INSERT INTO factura (idFactura, numFactura, fechaEmision, costeReservacion, costePedido, costeProducto, costeTotal, cambio, observacion, idCliente, idEmpleado, idTipoFactura, idModoPago) VALUES (74, '9344282475', '2017-03-14 16:15:56', 500, null, 123, 623, 377, 'Morbi porttitor lorem id ligula.', 32, 58, 1, 4);
INSERT INTO factura (idFactura, numFactura, fechaEmision, costeReservacion, costePedido, costeProducto, costeTotal, cambio, observacion, idCliente, idEmpleado, idTipoFactura, idModoPago) VALUES (75, '8547650389', '2017-06-03 00:18:04', 1000, 376, 116, 1492, 8, 'Duis at velit eu est congue elementum.', 75, 81, 1, 3);
INSERT INTO factura (idFactura, numFactura, fechaEmision, costeReservacion, costePedido, costeProducto, costeTotal, cambio, observacion, idCliente, idEmpleado, idTipoFactura, idModoPago) VALUES (76, '6423800518', '2017-10-24 13:51:48', 200, 241, null, 441, 59, 'Etiam vel augue.', 60, 13, 2, 2);
INSERT INTO factura (idFactura, numFactura, fechaEmision, costeReservacion, costePedido, costeProducto, costeTotal, cambio, observacion, idCliente, idEmpleado, idTipoFactura, idModoPago) VALUES (77, '6063852406', '2012-12-30 09:27:40', 300, null, 89, 389, 111, 'Duis consequat dui nec nisi volutpat eleifend.', 78, 44, 1, 2);
INSERT INTO factura (idFactura, numFactura, fechaEmision, costeReservacion, costePedido, costeProducto, costeTotal, cambio, observacion, idCliente, idEmpleado, idTipoFactura, idModoPago) VALUES (78, '9552510995', '2016-03-29 21:19:27', 400, 153, null, 553, 447, 'Aliquam sit amet diam in magna bibendum imperdiet.', 1, 62, 2, 4);
INSERT INTO factura (idFactura, numFactura, fechaEmision, costeReservacion, costePedido, costeProducto, costeTotal, cambio, observacion, idCliente, idEmpleado, idTipoFactura, idModoPago) VALUES (79, '6480694673', '2013-12-12 12:18:04', 1000, null, 114, 1114, 386, 'Integer aliquet, massa id lobortis convallis, tortor risus dapibus augue, vel accumsan tellus nisi eu orci.', 38, 91, 1, 4);
INSERT INTO factura (idFactura, numFactura, fechaEmision, costeReservacion, costePedido, costeProducto, costeTotal, cambio, observacion, idCliente, idEmpleado, idTipoFactura, idModoPago) VALUES (80, '6784710678', '2013-05-23 06:50:51', 1000, 50, 78, 1128, 372, 'Fusce consequat.', 76, 94, 1, 4);
INSERT INTO factura (idFactura, numFactura, fechaEmision, costeReservacion, costePedido, costeProducto, costeTotal, cambio, observacion, idCliente, idEmpleado, idTipoFactura, idModoPago) VALUES (81, '9618329225', '2012-12-14 20:33:16', 200, 336, 130, 666, 334, 'Cras mi pede, malesuada in, imperdiet et, commodo vulputate, justo.', 86, 23, 1, 1);
INSERT INTO factura (idFactura, numFactura, fechaEmision, costeReservacion, costePedido, costeProducto, costeTotal, cambio, observacion, idCliente, idEmpleado, idTipoFactura, idModoPago) VALUES (82, '8093892527', '2017-07-06 21:39:44', 400, 279, 70, 749, 251, 'Duis bibendum.', 10, 14, 1, 2);
INSERT INTO factura (idFactura, numFactura, fechaEmision, costeReservacion, costePedido, costeProducto, costeTotal, cambio, observacion, idCliente, idEmpleado, idTipoFactura, idModoPago) VALUES (83, '9471490584', '2015-12-14 20:33:16', 300, null, 67, 367, 133, 'Nam ultrices, libero non mattis pulvinar, nulla pede ullamcorper augue, a suscipit nulla elit ac nulla.', 33, 21, 1, 2);
INSERT INTO factura (idFactura, numFactura, fechaEmision, costeReservacion, costePedido, costeProducto, costeTotal, cambio, observacion, idCliente, idEmpleado, idTipoFactura, idModoPago) VALUES (84, '9866269273', '2015-02-04 08:41:09', 800, 26, 22, 848, 152, 'Fusce congue, diam id ornare imperdiet, sapien urna pretium nisl, ut volutpat sapien arcu sed augue.', 15, 59, 1, 3);
INSERT INTO factura (idFactura, numFactura, fechaEmision, costeReservacion, costePedido, costeProducto, costeTotal, cambio, observacion, idCliente, idEmpleado, idTipoFactura, idModoPago) VALUES (85, '9423897478', '2012-08-14 20:33:16', 500, 141, 81, 722, 278, 'Donec odio justo, sollicitudin ut, suscipit a, feugiat et, eros.', 82, 14, 1, 4);
INSERT INTO factura (idFactura, numFactura, fechaEmision, costeReservacion, costePedido, costeProducto, costeTotal, cambio, observacion, idCliente, idEmpleado, idTipoFactura, idModoPago) VALUES (86, '9578278954', '2014-04-15 03:14:22', 200, 150, 38, 388, 112, 'Cras mi pede, malesuada in, imperdiet et, commodo vulputate, justo.', 28, 56, 1, 2);
INSERT INTO factura (idFactura, numFactura, fechaEmision, costeReservacion, costePedido, costeProducto, costeTotal, cambio, observacion, idCliente, idEmpleado, idTipoFactura, idModoPago) VALUES (87, '9681308207', '2017-06-22 00:18:04', 400, 257, null, 657, 343, 'Donec ut mauris eget massa tempor convallis.', 41, 54, 1, 1);
INSERT INTO factura (idFactura, numFactura, fechaEmision, costeReservacion, costePedido, costeProducto, costeTotal, cambio, observacion, idCliente, idEmpleado, idTipoFactura, idModoPago) VALUES (88, '8983084137', '2012-10-29 22:17:38', 1000, null, 70, 1070, 430, 'In sagittis dui vel nisl.', 68, 66, 1, 4);
INSERT INTO factura (idFactura, numFactura, fechaEmision, costeReservacion, costePedido, costeProducto, costeTotal, cambio, observacion, idCliente, idEmpleado, idTipoFactura, idModoPago) VALUES (89, '8971790100', '2013-05-05 09:50:51', 200, 201, 112, 513, 487, 'Maecenas tristique, est et tempus semper, est quam pharetra magna, ac consequat metus sapien ut nunc.', 42, 72, 1, 3);
INSERT INTO factura (idFactura, numFactura, fechaEmision, costeReservacion, costePedido, costeProducto, costeTotal, cambio, observacion, idCliente, idEmpleado, idTipoFactura, idModoPago) VALUES (90, '5984874171', '2014-12-23 20:50:16', 300, 208, 98, 606, 394, 'Nam dui.', 3, 20, 1, 4);
INSERT INTO factura (idFactura, numFactura, fechaEmision, costeReservacion, costePedido, costeProducto, costeTotal, cambio, observacion, idCliente, idEmpleado, idTipoFactura, idModoPago) VALUES (91, '5824717785', '2018-08-06 21:51:23', 500, 251, 100, 851, 149, 'Nulla facilisi.', 8, 11, 1, 4);
INSERT INTO factura (idFactura, numFactura, fechaEmision, costeReservacion, costePedido, costeProducto, costeTotal, cambio, observacion, idCliente, idEmpleado, idTipoFactura, idModoPago) VALUES (92, '9370292739', '2012-08-10 10:38:09', 200, null, null, 200, 300, 'Duis aliquam convallis nunc.', 62, 98, 1, 2);
INSERT INTO factura (idFactura, numFactura, fechaEmision, costeReservacion, costePedido, costeProducto, costeTotal, cambio, observacion, idCliente, idEmpleado, idTipoFactura, idModoPago) VALUES (93, '9095845784', '2013-08-29 06:13:44', 800, null, null, 800, 200, 'In congue.', 32, 60, 2, 3);
INSERT INTO factura (idFactura, numFactura, fechaEmision, costeReservacion, costePedido, costeProducto, costeTotal, cambio, observacion, idCliente, idEmpleado, idTipoFactura, idModoPago) VALUES (94, '6780490928', '2013-06-13 06:11:49', 400, 31, 61, 492, 8, 'Vivamus vel nulla eget eros elementum pellentesque.', 91, 86, 1, 1);
INSERT INTO factura (idFactura, numFactura, fechaEmision, costeReservacion, costePedido, costeProducto, costeTotal, cambio, observacion, idCliente, idEmpleado, idTipoFactura, idModoPago) VALUES (95, '9789049430', '2014-08-10 10:38:09', 500, 107, 125, 732, 268, 'Vivamus in felis eu sapien cursus vestibulum.', 57, 79, 1, 4);
INSERT INTO factura (idFactura, numFactura, fechaEmision, costeReservacion, costePedido, costeProducto, costeTotal, cambio, observacion, idCliente, idEmpleado, idTipoFactura, idModoPago) VALUES (96, '9277788455', '2017-03-22 03:53:31', 500, null, 55, 555, 445, 'Mauris sit amet eros.', 50, 32, 2, 4);
INSERT INTO factura (idFactura, numFactura, fechaEmision, costeReservacion, costePedido, costeProducto, costeTotal, cambio, observacion, idCliente, idEmpleado, idTipoFactura, idModoPago) VALUES (97, '8698564139', '2013-06-13 06:11:49', 1000, 374, 167, 1541, 459, 'Quisque porta volutpat erat.', 55, 91, 2, 3);
INSERT INTO factura (idFactura, numFactura, fechaEmision, costeReservacion, costePedido, costeProducto, costeTotal, cambio, observacion, idCliente, idEmpleado, idTipoFactura, idModoPago) VALUES (98, '9358611299', '2014-04-15 03:14:22', 1000, 321, 115, 1436, 64, 'Maecenas rhoncus aliquam lacus.', 56, 23, 1, 2);
INSERT INTO factura (idFactura, numFactura, fechaEmision, costeReservacion, costePedido, costeProducto, costeTotal, cambio, observacion, idCliente, idEmpleado, idTipoFactura, idModoPago) VALUES (99, '8362776313', '2018-03-02 17:10:02', 300, 241, null, 541, 459, 'Fusce lacus purus, aliquet at, feugiat non, pretium quis, lectus.', 8, 47, 2, 4);
INSERT INTO factura (idFactura, numFactura, fechaEmision, costeReservacion, costePedido, costeProducto, costeTotal, cambio, observacion, idCliente, idEmpleado, idTipoFactura, idModoPago) VALUES (100, '4391066489', '2013-11-08 12:50:51', 800, null, 32, 832, 168, 'Vestibulum ante ipsum primis in faucibus orci luctus et ultrices posuere cubilia Curae; Duis faucibus accumsan odio.', 23, 48, 2, 3);
INSERT INTO factura (idFactura, numFactura, fechaEmision, costeReservacion, costePedido, costeProducto, costeTotal, cambio, observacion, idCliente, idEmpleado, idTipoFactura, idModoPago) VALUES (101, '9109963721', '2017-05-12 17:09:03', 400, 165, null, 565, 435, 'Vestibulum ante ipsum primis in faucibus orci luctus et ultrices posuere cubilia Curae; Mauris viverra diam vitae quam.', 86, 74, 2, 4);
INSERT INTO factura (idFactura, numFactura, fechaEmision, costeReservacion, costePedido, costeProducto, costeTotal, cambio, observacion, idCliente, idEmpleado, idTipoFactura, idModoPago) VALUES (102, '6259895540', '2012-09-13 06:11:49', 300, null, 168, 468, 32, 'In eleifend quam a odio.', 63, 86, 2, 4);
INSERT INTO factura (idFactura, numFactura, fechaEmision, costeReservacion, costePedido, costeProducto, costeTotal, cambio, observacion, idCliente, idEmpleado, idTipoFactura, idModoPago) VALUES (103, '9070543930', '2012-05-29 19:57:06', 1000, 120, 37, 1157, 343, 'Vivamus metus arcu, adipiscing molestie, hendrerit at, vulputate vitae, nisl.', 53, 14, 2, 4);
INSERT INTO factura (idFactura, numFactura, fechaEmision, costeReservacion, costePedido, costeProducto, costeTotal, cambio, observacion, idCliente, idEmpleado, idTipoFactura, idModoPago) VALUES (104, '9005347268', '2018-06-13 06:11:49', 200, 212, 159, 571, 429, 'Proin eu mi.', 31, 22, 2, 4);
INSERT INTO factura (idFactura, numFactura, fechaEmision, costeReservacion, costePedido, costeProducto, costeTotal, cambio, observacion, idCliente, idEmpleado, idTipoFactura, idModoPago) VALUES (105, '5260441822', '2015-03-02 17:10:02', 800, 122, 57, 979, 21, 'Cras mi pede, malesuada in, imperdiet et, commodo vulputate, justo.', 35, 95, 1, 3);
INSERT INTO factura (idFactura, numFactura, fechaEmision, costeReservacion, costePedido, costeProducto, costeTotal, cambio, observacion, idCliente, idEmpleado, idTipoFactura, idModoPago) VALUES (106, '6602152820', '2018-03-11 21:19:27', 300, 265, null, 565, 435, 'Donec ut dolor.', 84, 26, 1, 1);
INSERT INTO factura (idFactura, numFactura, fechaEmision, costeReservacion, costePedido, costeProducto, costeTotal, cambio, observacion, idCliente, idEmpleado, idTipoFactura, idModoPago) VALUES (107, '9510827329', '2014-05-23 12:50:51', 800, 339, 152, 1291, 209, 'Morbi a ipsum.', 80, 92, 1, 4);
INSERT INTO factura (idFactura, numFactura, fechaEmision, costeReservacion, costePedido, costeProducto, costeTotal, cambio, observacion, idCliente, idEmpleado, idTipoFactura, idModoPago) VALUES (108, '8468228412', '2014-01-06 11:40:21', 500, 89, 152, 741, 259, 'Duis ac nibh.', 49, 58, 1, 4);
INSERT INTO factura (idFactura, numFactura, fechaEmision, costeReservacion, costePedido, costeProducto, costeTotal, cambio, observacion, idCliente, idEmpleado, idTipoFactura, idModoPago) VALUES (109, '9747331888', '2013-09-13 22:05:47', 400, 327, 44, 771, 229, 'Etiam vel augue.', 30, 22, 2, 1);
INSERT INTO factura (idFactura, numFactura, fechaEmision, costeReservacion, costePedido, costeProducto, costeTotal, cambio, observacion, idCliente, idEmpleado, idTipoFactura, idModoPago) VALUES (110, '8740038553', '2014-03-07 12:33:36', 400, 243, null, 643, 357, 'Sed ante.', 12, 31, 1, 4);
INSERT INTO factura (idFactura, numFactura, fechaEmision, costeReservacion, costePedido, costeProducto, costeTotal, cambio, observacion, idCliente, idEmpleado, idTipoFactura, idModoPago) VALUES (111, '6943491723', '2013-05-08 12:50:51', 400, 188, null, 588, 412, 'Vestibulum rutrum rutrum neque.', 95, 17, 1, 4);
INSERT INTO factura (idFactura, numFactura, fechaEmision, costeReservacion, costePedido, costeProducto, costeTotal, cambio, observacion, idCliente, idEmpleado, idTipoFactura, idModoPago) VALUES (112, '5395300393', '2014-02-04 08:41:09', 1000, 87, 21, 1108, 392, 'Nulla ac enim.', 55, 86, 2, 4);
INSERT INTO factura (idFactura, numFactura, fechaEmision, costeReservacion, costePedido, costeProducto, costeTotal, cambio, observacion, idCliente, idEmpleado, idTipoFactura, idModoPago) VALUES (113, '9020309874', '2018-04-06 15:51:23', 1000, 191, null, 1191, 309, 'Fusce congue, diam id ornare imperdiet, sapien urna pretium nisl, ut volutpat sapien arcu sed augue.', 41, 49, 2, 4);
INSERT INTO factura (idFactura, numFactura, fechaEmision, costeReservacion, costePedido, costeProducto, costeTotal, cambio, observacion, idCliente, idEmpleado, idTipoFactura, idModoPago) VALUES (114, '3953404372', '2016-05-24 21:09:00', 200, 106, 118, 424, 76, 'Pellentesque ultrices mattis odio.', 16, 70, 1, 2);
INSERT INTO factura (idFactura, numFactura, fechaEmision, costeReservacion, costePedido, costeProducto, costeTotal, cambio, observacion, idCliente, idEmpleado, idTipoFactura, idModoPago) VALUES (115, '8734766878', '2015-05-21 10:14:03', 400, 35, 127, 562, 438, 'Lorem ipsum dolor sit amet, consectetuer adipiscing elit.', 51, 82, 2, 1);
INSERT INTO factura (idFactura, numFactura, fechaEmision, costeReservacion, costePedido, costeProducto, costeTotal, cambio, observacion, idCliente, idEmpleado, idTipoFactura, idModoPago) VALUES (116, '8712291888', '2017-05-12 17:09:03', 200, 278, 122, 600, 400, 'In est risus, auctor sed, tristique in, tempus sit amet, sem.', 94, 28, 2, 3);
INSERT INTO factura (idFactura, numFactura, fechaEmision, costeReservacion, costePedido, costeProducto, costeTotal, cambio, observacion, idCliente, idEmpleado, idTipoFactura, idModoPago) VALUES (117, '6855280910', '2013-05-08 12:50:51', 500, 220, null, 720, 280, 'Maecenas pulvinar lobortis est.', 79, 63, 2, 1);
INSERT INTO factura (idFactura, numFactura, fechaEmision, costeReservacion, costePedido, costeProducto, costeTotal, cambio, observacion, idCliente, idEmpleado, idTipoFactura, idModoPago) VALUES (118, '9415340203', '2018-03-18 04:50:09', 200, 103, 61, 364, 136, 'Curabitur at ipsum ac tellus semper interdum.', 82, 46, 2, 1);
INSERT INTO factura (idFactura, numFactura, fechaEmision, costeReservacion, costePedido, costeProducto, costeTotal, cambio, observacion, idCliente, idEmpleado, idTipoFactura, idModoPago) VALUES (119, '9683625269', '2012-05-13 18:10:56', 800, 359, 97, 1256, 244, 'Maecenas tristique, est et tempus semper, est quam pharetra magna, ac consequat metus sapien ut nunc.', 1, 9, 1, 4);
INSERT INTO factura (idFactura, numFactura, fechaEmision, costeReservacion, costePedido, costeProducto, costeTotal, cambio, observacion, idCliente, idEmpleado, idTipoFactura, idModoPago) VALUES (120, '8559198475', '2015-05-25 12:50:51', 500, 221, 77, 798, 202, 'Pellentesque at nulla.', 20, 89, 1, 1);
INSERT INTO factura (idFactura, numFactura, fechaEmision, costeReservacion, costePedido, costeProducto, costeTotal, cambio, observacion, idCliente, idEmpleado, idTipoFactura, idModoPago) VALUES (121, '6489861748', '2016-12-22 06:51:56', 500, 158, 90, 748, 252, 'Suspendisse potenti.', 58, 70, 2, 1);
INSERT INTO factura (idFactura, numFactura, fechaEmision, costeReservacion, costePedido, costeProducto, costeTotal, cambio, observacion, idCliente, idEmpleado, idTipoFactura, idModoPago) VALUES (122, '5361453361', '2013-05-08 12:50:51', 400, null, 166, 566, 434, 'Proin leo odio, porttitor id, consequat in, consequat ut, nulla.', 47, 84, 2, 1);
INSERT INTO factura (idFactura, numFactura, fechaEmision, costeReservacion, costePedido, costeProducto, costeTotal, cambio, observacion, idCliente, idEmpleado, idTipoFactura, idModoPago) VALUES (123, '9026573440', '2017-06-02 02:20:37', 200, 264, null, 464, 36, 'In sagittis dui vel nisl.', 12, 15, 1, 2);
INSERT INTO factura (idFactura, numFactura, fechaEmision, costeReservacion, costePedido, costeProducto, costeTotal, cambio, observacion, idCliente, idEmpleado, idTipoFactura, idModoPago) VALUES (124, '8595427256', '2018-01-27 08:12:39', 1000, 260, null, 1260, 240, 'Donec posuere metus vitae ipsum.', 33, 91, 2, 1);
INSERT INTO factura (idFactura, numFactura, fechaEmision, costeReservacion, costePedido, costeProducto, costeTotal, cambio, observacion, idCliente, idEmpleado, idTipoFactura, idModoPago) VALUES (125, '9521709530', '2012-09-01 19:33:38', 800, 198, 94, 1092, 408, 'Maecenas tincidunt lacus at velit.', 17, 79, 2, 2);
INSERT INTO factura (idFactura, numFactura, fechaEmision, costeReservacion, costePedido, costeProducto, costeTotal, cambio, observacion, idCliente, idEmpleado, idTipoFactura, idModoPago) VALUES (126, '8933006759', '2014-05-14 20:38:04', 800, 378, 128, 1306, 194, 'In sagittis dui vel nisl.', 76, 80, 1, 1);
INSERT INTO factura (idFactura, numFactura, fechaEmision, costeReservacion, costePedido, costeProducto, costeTotal, cambio, observacion, idCliente, idEmpleado, idTipoFactura, idModoPago) VALUES (127, '9860857617', '2018-03-03 03:20:47', 400, 274, 126, 800, 200, 'Sed ante.', 91, 73, 1, 4);
INSERT INTO factura (idFactura, numFactura, fechaEmision, costeReservacion, costePedido, costeProducto, costeTotal, cambio, observacion, idCliente, idEmpleado, idTipoFactura, idModoPago) VALUES (128, '9423327033', '2017-07-05 23:28:42', 500, 191, 121, 812, 188, 'Integer ac neque.', 76, 12, 2, 4);
INSERT INTO factura (idFactura, numFactura, fechaEmision, costeReservacion, costePedido, costeProducto, costeTotal, cambio, observacion, idCliente, idEmpleado, idTipoFactura, idModoPago) VALUES (129, '9130699226', '2013-05-08 12:50:51', 500, 259, 82, 841, 159, 'Vestibulum ac est lacinia nisi venenatis tristique.', 42, 85, 2, 4);
INSERT INTO factura (idFactura, numFactura, fechaEmision, costeReservacion, costePedido, costeProducto, costeTotal, cambio, observacion, idCliente, idEmpleado, idTipoFactura, idModoPago) VALUES (130, '8161620088', '2017-10-12 08:53:39', 400, 201, null, 601, 399, 'Donec quis orci eget orci vehicula condimentum.', 32, 27, 2, 3);
INSERT INTO factura (idFactura, numFactura, fechaEmision, costeReservacion, costePedido, costeProducto, costeTotal, cambio, observacion, idCliente, idEmpleado, idTipoFactura, idModoPago) VALUES (131, '9712423806', '2012-05-13 18:10:56', 300, 95, 143, 538, 462, 'Pellentesque ultrices mattis odio.', 9, 98, 1, 4);
INSERT INTO factura (idFactura, numFactura, fechaEmision, costeReservacion, costePedido, costeProducto, costeTotal, cambio, observacion, idCliente, idEmpleado, idTipoFactura, idModoPago) VALUES (132, '9515125296', '2012-09-01 19:33:36', 400, null, 95, 495, 5, 'Proin at turpis a pede posuere nonummy.', 84, 96, 1, 3);
INSERT INTO factura (idFactura, numFactura, fechaEmision, costeReservacion, costePedido, costeProducto, costeTotal, cambio, observacion, idCliente, idEmpleado, idTipoFactura, idModoPago) VALUES (133, '9748219695', '2017-10-15 03:41:16', 200, 267, 126, 593, 407, 'Morbi vestibulum, velit id pretium iaculis, diam erat fermentum justo, nec condimentum neque sapien placerat ante.', 82, 77, 2, 2);
INSERT INTO factura (idFactura, numFactura, fechaEmision, costeReservacion, costePedido, costeProducto, costeTotal, cambio, observacion, idCliente, idEmpleado, idTipoFactura, idModoPago) VALUES (134, '9440114077', '2014-03-14 20:57:38', 800, 167, 171, 1138, 362, 'Suspendisse accumsan tortor quis turpis.', 29, 53, 2, 3);
INSERT INTO factura (idFactura, numFactura, fechaEmision, costeReservacion, costePedido, costeProducto, costeTotal, cambio, observacion, idCliente, idEmpleado, idTipoFactura, idModoPago) VALUES (135, '8383748945', '2013-10-03 16:09:30', 1000, 315, null, 1315, 185, 'Cum sociis natoque penatibus et magnis dis parturient montes, nascetur ridiculus mus.', 31, 54, 2, 2);
INSERT INTO factura (idFactura, numFactura, fechaEmision, costeReservacion, costePedido, costeProducto, costeTotal, cambio, observacion, idCliente, idEmpleado, idTipoFactura, idModoPago) VALUES (136, '8008514487', '2016-06-15 11:50:12', 300, 123, 82, 505, 495, 'Maecenas rhoncus aliquam lacus.', 33, 25, 2, 2);
INSERT INTO factura (idFactura, numFactura, fechaEmision, costeReservacion, costePedido, costeProducto, costeTotal, cambio, observacion, idCliente, idEmpleado, idTipoFactura, idModoPago) VALUES (137, '8429367568', '2017-10-15 03:41:16', 500, null, 115, 615, 385, 'Fusce posuere felis sed lacus.', 18, 57, 1, 3);
INSERT INTO factura (idFactura, numFactura, fechaEmision, costeReservacion, costePedido, costeProducto, costeTotal, cambio, observacion, idCliente, idEmpleado, idTipoFactura, idModoPago) VALUES (138, '6552234150', '2015-03-29 20:31:50', 400, null, 47, 447, 53, 'Praesent blandit lacinia erat.', 41, 27, 2, 2);
INSERT INTO factura (idFactura, numFactura, fechaEmision, costeReservacion, costePedido, costeProducto, costeTotal, cambio, observacion, idCliente, idEmpleado, idTipoFactura, idModoPago) VALUES (139, '8880777659', '2013-11-23 08:04:55', 400, null, 134, 534, 466, 'Fusce posuere felis sed lacus.', 42, 22, 1, 1);
INSERT INTO factura (idFactura, numFactura, fechaEmision, costeReservacion, costePedido, costeProducto, costeTotal, cambio, observacion, idCliente, idEmpleado, idTipoFactura, idModoPago) VALUES (140, '9737765613', '2012-07-03 01:46:13', 300, 353, null, 653, 347, 'Quisque erat eros, viverra eget, congue eget, semper rutrum, nulla.', 53, 43, 1, 4);
INSERT INTO factura (idFactura, numFactura, fechaEmision, costeReservacion, costePedido, costeProducto, costeTotal, cambio, observacion, idCliente, idEmpleado, idTipoFactura, idModoPago) VALUES (141, '9107795466', '2017-02-12 08:08:39', 1000, 376, 92, 1468, 32, 'In hac habitasse platea dictumst.', 15, 8, 1, 4);
INSERT INTO factura (idFactura, numFactura, fechaEmision, costeReservacion, costePedido, costeProducto, costeTotal, cambio, observacion, idCliente, idEmpleado, idTipoFactura, idModoPago) VALUES (142, '9684566330', '2016-06-26 14:39:56', 500, null, 122, 622, 378, 'In tempor, turpis nec euismod scelerisque, quam turpis adipiscing lorem, vitae mattis nibh ligula nec sem.', 25, 18, 2, 1);
INSERT INTO factura (idFactura, numFactura, fechaEmision, costeReservacion, costePedido, costeProducto, costeTotal, cambio, observacion, idCliente, idEmpleado, idTipoFactura, idModoPago) VALUES (143, '6960603280', '2014-07-21 16:02:03', 400, null, null, 400, 100, 'Cum sociis natoque penatibus et magnis dis parturient montes, nascetur ridiculus mus.', 34, 12, 2, 4);
INSERT INTO factura (idFactura, numFactura, fechaEmision, costeReservacion, costePedido, costeProducto, costeTotal, cambio, observacion, idCliente, idEmpleado, idTipoFactura, idModoPago) VALUES (144, '9269125818', '2012-08-29 01:54:53', 500, 135, 178, 813, 187, 'Sed accumsan felis.', 24, 61, 2, 2);
INSERT INTO factura (idFactura, numFactura, fechaEmision, costeReservacion, costePedido, costeProducto, costeTotal, cambio, observacion, idCliente, idEmpleado, idTipoFactura, idModoPago) VALUES (145, '9298314362', '2018-03-03 03:20:47', 200, 356, null, 556, 444, 'Maecenas tristique, est et tempus semper, est quam pharetra magna, ac consequat metus sapien ut nunc.', 82, 16, 1, 1);
INSERT INTO factura (idFactura, numFactura, fechaEmision, costeReservacion, costePedido, costeProducto, costeTotal, cambio, observacion, idCliente, idEmpleado, idTipoFactura, idModoPago) VALUES (146, '8553238065', '2016-11-26 10:19:18', 400, 52, null, 452, 48, 'In blandit ultrices enim.', 38, 95, 1, 1);
INSERT INTO factura (idFactura, numFactura, fechaEmision, costeReservacion, costePedido, costeProducto, costeTotal, cambio, observacion, idCliente, idEmpleado, idTipoFactura, idModoPago) VALUES (147, '9643898169', '2012-08-29 01:54:53', 800, 45, 93, 938, 62, 'Donec diam neque, vestibulum eget, vulputate ut, ultrices vel, augue.', 85, 26, 2, 4);
INSERT INTO factura (idFactura, numFactura, fechaEmision, costeReservacion, costePedido, costeProducto, costeTotal, cambio, observacion, idCliente, idEmpleado, idTipoFactura, idModoPago) VALUES (148, '8042853628', '2015-05-03 15:10:48', 400, 34, 95, 529, 471, 'Etiam justo.', 56, 10, 1, 2);
INSERT INTO factura (idFactura, numFactura, fechaEmision, costeReservacion, costePedido, costeProducto, costeTotal, cambio, observacion, idCliente, idEmpleado, idTipoFactura, idModoPago) VALUES (149, '8613262579', '2015-08-29 21:56:32', 1000, null, null, 1000, 500, 'Nam tristique tortor eu pede.', 4, 37, 2, 3);
INSERT INTO factura (idFactura, numFactura, fechaEmision, costeReservacion, costePedido, costeProducto, costeTotal, cambio, observacion, idCliente, idEmpleado, idTipoFactura, idModoPago) VALUES (150, '9663936354', '2013-09-25 13:47:17', 200, 189, 70, 459, 41, 'Nam dui.', 63, 57, 1, 1);


-- -----------------------------------------------------
-- 100 Inserts de tabla producto
-- -----------------------------------------------------
INSERT INTO producto (idProducto, nombre, codigoBarra, precioCompra, precioVenta, fechaIngreso, fechaVencimiento, existencia, marca, descripcion, idCategoriaProducto, idBodega) VALUES (1, 'Blackberries', '849640689987269', 47.4, 70.4, '2012-02-14 20:13:55', '2013-09-14 20:13:55', 1, 'Smith Group', 'In est risus, auctor sed, tristique in, tempus sit amet, sem.', 1, 1);
INSERT INTO producto (idProducto, nombre, codigoBarra, precioCompra, precioVenta, fechaIngreso, fechaVencimiento, existencia, marca, descripcion, idCategoriaProducto, idBodega) VALUES (2, 'Juice - Orange', '910009896189275', 63.9, 86.9, '2015-08-22 07:47:27', '2016-08-22 07:47:27', 14, 'Howell-Leffler', 'Integer non velit.', 2, 2);
INSERT INTO producto (idProducto, nombre, codigoBarra, precioCompra, precioVenta, fechaIngreso, fechaVencimiento, existencia, marca, descripcion, idCategoriaProducto, idBodega) VALUES (3, 'Cheese - Valancey', '987165220800962', 88.9, 131.9, '2017-06-01 01:55:47', '2017-11-01 01:55:47', 5, 'Lakin-Botsford', 'Proin interdum mauris non ligula pellentesque ultrices.', 3, 3);
INSERT INTO producto (idProducto, nombre, codigoBarra, precioCompra, precioVenta, fechaIngreso, fechaVencimiento, existencia, marca, descripcion, idCategoriaProducto, idBodega) VALUES (4, 'Mushroom - Porcini Frozen', '136935988424518', 192.5, 203.5, '2015-06-23 23:44:18', '2016-01-23 23:44:18', 8, 'Carter, Brekke and Powlowski', 'Aenean lectus.', 4, 4);
INSERT INTO producto (idProducto, nombre, codigoBarra, precioCompra, precioVenta, fechaIngreso, fechaVencimiento, existencia, marca, descripcion, idCategoriaProducto, idBodega) VALUES (5, 'Teriyaki Sauce', '938371975522868', 46.0, 87.0, '2012-04-17 02:18:32', '2014-04-17 02:18:32', 14, 'Leffler LLC', 'Nam congue, risus semper porta volutpat, quam pede lobortis ligula, sit amet eleifend pede libero quis orci.', 5, 5);
INSERT INTO producto (idProducto, nombre, codigoBarra, precioCompra, precioVenta, fechaIngreso, fechaVencimiento, existencia, marca, descripcion, idCategoriaProducto, idBodega) VALUES (6, 'Pepper - Julienne, Frozen', '351871275689091', 20.9, 32.9, '2013-06-20 23:53:24', '2014-05-20 23:53:24', 3, 'Heathcote-Morar', 'Vivamus metus arcu, adipiscing molestie, hendrerit at, vulputate vitae, nisl.', 6, 6);
INSERT INTO producto (idProducto, nombre, codigoBarra, precioCompra, precioVenta, fechaIngreso, fechaVencimiento, existencia, marca, descripcion, idCategoriaProducto, idBodega) VALUES (7, 'Beans - Turtle, Black, Dry', '894065831394716', 189.1, 230.1, '2014-04-22 20:17:12', '2016-02-22 20:17:12', 5, 'Wilderman-Powlowski', 'Morbi porttitor lorem id ligula.', 7, 7);
INSERT INTO producto (idProducto, nombre, codigoBarra, precioCompra, precioVenta, fechaIngreso, fechaVencimiento, existencia, marca, descripcion, idCategoriaProducto, idBodega) VALUES (8, 'Lighter - Bbq', '639862860003507', 92.1, 119.1, '2016-03-09 20:57:59', '2017-05-09 20:57:59', 6, 'Braun-Gleason', 'Morbi non lectus.', 8, 8);
INSERT INTO producto (idProducto, nombre, codigoBarra, precioCompra, precioVenta, fechaIngreso, fechaVencimiento, existencia, marca, descripcion, idCategoriaProducto, idBodega) VALUES (9, 'Chinese Foods - Pepper Beef', '411134259434888', 186.6, 207.6, '2013-04-08 19:47:45', '2014-07-08 19:47:45', 11, 'Dibbert-Zulauf', 'Integer a nibh.', 9, 9);
INSERT INTO producto (idProducto, nombre, codigoBarra, precioCompra, precioVenta, fechaIngreso, fechaVencimiento, existencia, marca, descripcion, idCategoriaProducto, idBodega) VALUES (10, 'Table Cloth 81x81 Colour', '660913282009687', 64.1, 90.1, '2012-07-13 15:34:28', '2014-06-13 15:34:28', 4, 'Denesik and Sons', 'Aliquam non mauris.', 10, 10);
INSERT INTO producto (idProducto, nombre, codigoBarra, precioCompra, precioVenta, fechaIngreso, fechaVencimiento, existencia, marca, descripcion, idCategoriaProducto, idBodega) VALUES (11, 'Broccoli - Fresh', '092311773692147', 52.9, 89.9, '2014-05-27 16:59:01', '2014-08-27 16:59:01', 9, 'Block Inc', 'Sed sagittis.', 1, 11);
INSERT INTO producto (idProducto, nombre, codigoBarra, precioCompra, precioVenta, fechaIngreso, fechaVencimiento, existencia, marca, descripcion, idCategoriaProducto, idBodega) VALUES (12, 'Onion Powder', '959384185483870', 163.1, 202.1, '2013-12-06 16:23:04', '2015-05-06 16:23:04', 10, 'Schimmel-Davis', 'Praesent id massa id nisl venenatis lacinia.', 2, 12);
INSERT INTO producto (idProducto, nombre, codigoBarra, precioCompra, precioVenta, fechaIngreso, fechaVencimiento, existencia, marca, descripcion, idCategoriaProducto, idBodega) VALUES (13, 'Parsley Italian - Fresh', '262015727279594', 169.0, 182.0, '2013-07-14 12:58:58', '2015-07-14 12:58:58', 15, 'Auer and Sons', 'Donec diam neque, vestibulum eget, vulputate ut, ultrices vel, augue.', 3, 13);
INSERT INTO producto (idProducto, nombre, codigoBarra, precioCompra, precioVenta, fechaIngreso, fechaVencimiento, existencia, marca, descripcion, idCategoriaProducto, idBodega) VALUES (14, 'Ice Cream - Life Savers', '487712388558579', 192.0, 224.0, '2015-04-27 07:28:47', '2015-12-27 07:28:47', 15, 'Hilll LLC', 'Duis mattis egestas metus.', 4, 14);
INSERT INTO producto (idProducto, nombre, codigoBarra, precioCompra, precioVenta, fechaIngreso, fechaVencimiento, existencia, marca, descripcion, idCategoriaProducto, idBodega) VALUES (15, 'Pears - Bosc', '823750126824499', 140.5, 181.5, '2013-07-09 05:02:41', '2014-09-09 05:02:41', 1, 'Kilback-Mann', 'Donec vitae nisi.', 5, 15);
INSERT INTO producto (idProducto, nombre, codigoBarra, precioCompra, precioVenta, fechaIngreso, fechaVencimiento, existencia, marca, descripcion, idCategoriaProducto, idBodega) VALUES (16, 'Bread - Bagels, Mini', '681834321680789', 70.8, 119.8, '2014-05-05 21:14:08', '2014-11-05 21:14:08', 11, 'Hagenes, Little and Hand', 'Vestibulum ante ipsum primis in faucibus orci luctus et ultrices posuere cubilia Curae; Nulla dapibus dolor vel est.', 6, 16);
INSERT INTO producto (idProducto, nombre, codigoBarra, precioCompra, precioVenta, fechaIngreso, fechaVencimiento, existencia, marca, descripcion, idCategoriaProducto, idBodega) VALUES (17, 'Emulsifier', '701581764611241', 164.5, 183.5, '2014-01-17 13:30:25', '2014-12-17 13:30:25', 5, 'Vandervort Inc', 'Etiam pretium iaculis justo.', 7, 17);
INSERT INTO producto (idProducto, nombre, codigoBarra, precioCompra, precioVenta, fechaIngreso, fechaVencimiento, existencia, marca, descripcion, idCategoriaProducto, idBodega) VALUES (18, 'Flower - Carnations', '716945030183391', 54.7, 71.7, '2014-04-19 03:17:41', '2016-02-19 03:17:41', 10, 'Bins-Williamson', 'Nunc rhoncus dui vel sem.', 8, 18);
INSERT INTO producto (idProducto, nombre, codigoBarra, precioCompra, precioVenta, fechaIngreso, fechaVencimiento, existencia, marca, descripcion, idCategoriaProducto, idBodega) VALUES (19, 'Syrup - Monin, Amaretta', '874691185036528', 90.6, 135.6, '2015-04-16 23:00:00', '2015-11-16 23:00:00', 7, 'Klein, Stiedemann and Connelly', 'Suspendisse potenti.', 9, 1);
INSERT INTO producto (idProducto, nombre, codigoBarra, precioCompra, precioVenta, fechaIngreso, fechaVencimiento, existencia, marca, descripcion, idCategoriaProducto, idBodega) VALUES (20, 'Nut - Pine Nuts, Whole', '802014330179816', 47.7, 92.7, '2012-02-20 04:05:22', '2013-12-20 04:05:22', 7, 'Thiel, Ward and Casper', 'Aenean sit amet justo.', 10, 2);
INSERT INTO producto (idProducto, nombre, codigoBarra, precioCompra, precioVenta, fechaIngreso, fechaVencimiento, existencia, marca, descripcion, idCategoriaProducto, idBodega) VALUES (21, 'Apron', '510769992468451', 196.1, 231.1, '2014-03-05 21:00:29', '2014-11-05 21:00:29', 2, 'Gutmann Inc', 'Morbi odio odio, elementum eu, interdum eu, tincidunt in, leo.', 1, 3);
INSERT INTO producto (idProducto, nombre, codigoBarra, precioCompra, precioVenta, fechaIngreso, fechaVencimiento, existencia, marca, descripcion, idCategoriaProducto, idBodega) VALUES (22, 'Beans - Kidney White', '580653812646789', 163.1, 187.1, '2017-05-01 19:02:42', '2017-12-01 19:02:42', 6, 'Batz, Gutmann and Herman', 'Proin risus.', 2, 4);
INSERT INTO producto (idProducto, nombre, codigoBarra, precioCompra, precioVenta, fechaIngreso, fechaVencimiento, existencia, marca, descripcion, idCategoriaProducto, idBodega) VALUES (23, 'Bread Bowl Plain', '388065217227557', 161.3, 203.3, '2014-06-23 06:11:42', '2015-07-23 06:11:42', 3, 'Paucek-Wiza', 'Vestibulum rutrum rutrum neque.', 3, 5);
INSERT INTO producto (idProducto, nombre, codigoBarra, precioCompra, precioVenta, fechaIngreso, fechaVencimiento, existencia, marca, descripcion, idCategoriaProducto, idBodega) VALUES (24, 'Beer - Heinekin', '817965153092959', 162.4, 193.4, '2017-10-08 17:30:28', '2019-05-08 17:30:28', 5, 'Abernathy-Rath', 'Mauris enim leo, rhoncus sed, vestibulum sit amet, cursus id, turpis.', 4, 6);
INSERT INTO producto (idProducto, nombre, codigoBarra, precioCompra, precioVenta, fechaIngreso, fechaVencimiento, existencia, marca, descripcion, idCategoriaProducto, idBodega) VALUES (25, 'Pepper - Scotch Bonnet', '032703690783347', 135.0, 145.0, '2015-01-30 23:58:03', '2016-11-30 23:58:03', 11, 'Hane-Greenholt', 'Quisque id justo sit amet sapien dignissim vestibulum.', 5, 7);
INSERT INTO producto (idProducto, nombre, codigoBarra, precioCompra, precioVenta, fechaIngreso, fechaVencimiento, existencia, marca, descripcion, idCategoriaProducto, idBodega) VALUES (26, 'Bread - Crusty Italian Poly', '749755716095235', 164.4, 196.4, '2015-01-12 09:03:49', '2015-02-12 09:03:49', 8, 'Skiles-Klein', 'Duis bibendum.', 6, 8);
INSERT INTO producto (idProducto, nombre, codigoBarra, precioCompra, precioVenta, fechaIngreso, fechaVencimiento, existencia, marca, descripcion, idCategoriaProducto, idBodega) VALUES (27, 'Sprouts - Pea', '128961833209855', 141.3, 167.3, '2013-12-26 11:51:20', '2014-02-26 11:51:20', 1, 'Farrell-Mohr', 'Nulla tempus.', 7, 9);
INSERT INTO producto (idProducto, nombre, codigoBarra, precioCompra, precioVenta, fechaIngreso, fechaVencimiento, existencia, marca, descripcion, idCategoriaProducto, idBodega) VALUES (28, 'Jolt Cola - Electric Blue', '098393250657266', 171.7, 182.7, '2012-06-15 09:27:18', '2012-08-15 09:27:18', 8, 'Leffler LLC', 'Cum sociis natoque penatibus et magnis dis parturient montes, nascetur ridiculus mus.', 8, 10);
INSERT INTO producto (idProducto, nombre, codigoBarra, precioCompra, precioVenta, fechaIngreso, fechaVencimiento, existencia, marca, descripcion, idCategoriaProducto, idBodega) VALUES (29, 'Piping - Bags Quizna', '990938392441524', 145.1, 181.1, '2015-09-21 01:07:30', '2016-04-21 01:07:30', 7, 'Wilkinson-Zboncak', 'Integer pede justo, lacinia eget, tincidunt eget, tempus vel, pede.', 9, 11);
INSERT INTO producto (idProducto, nombre, codigoBarra, precioCompra, precioVenta, fechaIngreso, fechaVencimiento, existencia, marca, descripcion, idCategoriaProducto, idBodega) VALUES (30, 'Veal - Brisket, Provimi,bnls', '890413640669854', 70.6, 83.6, '2013-11-05 23:53:55', '2014-07-05 23:53:55', 10, 'Berge and Sons', 'Nullam varius.', 10, 12);
INSERT INTO producto (idProducto, nombre, codigoBarra, precioCompra, precioVenta, fechaIngreso, fechaVencimiento, existencia, marca, descripcion, idCategoriaProducto, idBodega) VALUES (31, 'Longos - Penne With Pesto', '265843301925560', 128.8, 148.8, '2012-07-26 08:48:50', '2014-05-26 08:48:50', 5, 'Ullrich-Halvorson', 'Sed vel enim sit amet nunc viverra dapibus.', 1, 13);
INSERT INTO producto (idProducto, nombre, codigoBarra, precioCompra, precioVenta, fechaIngreso, fechaVencimiento, existencia, marca, descripcion, idCategoriaProducto, idBodega) VALUES (32, 'Sauce - Plum', '484915855460679', 81.2, 96.2, '2012-11-29 11:58:14', '2014-08-29 11:58:14', 5, 'Krajcik-Kassulke', 'Donec diam neque, vestibulum eget, vulputate ut, ultrices vel, augue.', 2, 14);
INSERT INTO producto (idProducto, nombre, codigoBarra, precioCompra, precioVenta, fechaIngreso, fechaVencimiento, existencia, marca, descripcion, idCategoriaProducto, idBodega) VALUES (33, 'Chicken - Ground', '369373306078936', 96.0, 119.0, '2017-01-06 14:07:00', '2018-05-06 14:07:00', 14, 'Macejkovic-Littel', 'Vestibulum quam sapien, varius ut, blandit non, interdum in, ante.', 3, 15);
INSERT INTO producto (idProducto, nombre, codigoBarra, precioCompra, precioVenta, fechaIngreso, fechaVencimiento, existencia, marca, descripcion, idCategoriaProducto, idBodega) VALUES (34, 'Pear - Halves', '889146936932847', 105.1, 151.1, '2017-03-04 10:36:24', '2018-10-04 10:36:24', 14, 'Gulgowski, Balistreri and Bernier', 'Duis bibendum, felis sed interdum venenatis, turpis enim blandit mi, in porttitor pede justo eu massa.', 4, 16);
INSERT INTO producto (idProducto, nombre, codigoBarra, precioCompra, precioVenta, fechaIngreso, fechaVencimiento, existencia, marca, descripcion, idCategoriaProducto, idBodega) VALUES (35, 'Spice - Onion Powder Granulated', '462981018899361', 61.6, 92.6, '2014-04-03 21:36:52', '2014-05-03 21:36:52', 10, 'McGlynn-Welch', 'Praesent blandit lacinia erat.', 5, 17);
INSERT INTO producto (idProducto, nombre, codigoBarra, precioCompra, precioVenta, fechaIngreso, fechaVencimiento, existencia, marca, descripcion, idCategoriaProducto, idBodega) VALUES (36, 'Garam Masala Powder', '888627096887754', 42.1, 75.1, '2015-12-26 17:34:29', '2016-02-26 17:34:29', 2, 'Hermann and Sons', 'Aliquam sit amet diam in magna bibendum imperdiet.', 6, 18);
INSERT INTO producto (idProducto, nombre, codigoBarra, precioCompra, precioVenta, fechaIngreso, fechaVencimiento, existencia, marca, descripcion, idCategoriaProducto, idBodega) VALUES (37, 'Garlic - Peeled', '250607939060920', 60.4, 110.4, '2012-02-18 18:17:43', '2013-12-18 18:17:43', 6, 'Ryan, Dickinson and Dooley', 'Morbi porttitor lorem id ligula.', 7, 1);
INSERT INTO producto (idProducto, nombre, codigoBarra, precioCompra, precioVenta, fechaIngreso, fechaVencimiento, existencia, marca, descripcion, idCategoriaProducto, idBodega) VALUES (38, 'Capon - Breast, Double, Wing On', '171323179988691', 159.9, 208.9, '2014-11-05 21:59:47', '2016-10-05 21:59:47', 9, 'O''Hara and Sons', 'Morbi non quam nec dui luctus rutrum.', 8, 2);
INSERT INTO producto (idProducto, nombre, codigoBarra, precioCompra, precioVenta, fechaIngreso, fechaVencimiento, existencia, marca, descripcion, idCategoriaProducto, idBodega) VALUES (39, 'Bag Stand', '692034251409563', 109.1, 148.1, '2015-11-05 18:48:57', '2017-01-05 18:48:57', 7, 'Skiles, Hirthe and Bashirian', 'Suspendisse potenti.', 9, 3);
INSERT INTO producto (idProducto, nombre, codigoBarra, precioCompra, precioVenta, fechaIngreso, fechaVencimiento, existencia, marca, descripcion, idCategoriaProducto, idBodega) VALUES (40, 'French Pastry - Mini Chocolate', '599308271887421', 32.9, 54.9, '2015-04-27 18:04:12', '2016-03-27 18:04:12', 11, 'Hirthe, DuBuque and Purdy', 'Quisque erat eros, viverra eget, congue eget, semper rutrum, nulla.', 10, 4);
INSERT INTO producto (idProducto, nombre, codigoBarra, precioCompra, precioVenta, fechaIngreso, fechaVencimiento, existencia, marca, descripcion, idCategoriaProducto, idBodega) VALUES (41, 'Pastry - Apple Muffins - Mini', '406456337563819', 25.1, 45.1, '2015-09-06 21:05:51', '2017-04-06 21:05:51', 10, 'Smitham, Jenkins and Cruickshank', 'Nulla nisl.', 1, 5);
INSERT INTO producto (idProducto, nombre, codigoBarra, precioCompra, precioVenta, fechaIngreso, fechaVencimiento, existencia, marca, descripcion, idCategoriaProducto, idBodega) VALUES (42, 'Bok Choy - Baby', '284297068826814', 128.6, 159.6, '2017-05-08 15:28:42', '2018-06-08 15:28:42', 11, 'Cassin-Goldner', 'Integer aliquet, massa id lobortis convallis, tortor risus dapibus augue, vel accumsan tellus nisi eu orci.', 2, 6);
INSERT INTO producto (idProducto, nombre, codigoBarra, precioCompra, precioVenta, fechaIngreso, fechaVencimiento, existencia, marca, descripcion, idCategoriaProducto, idBodega) VALUES (43, 'Tea - Vanilla Chai', '072955526820915', 67.3, 106.3, '2012-01-17 16:48:18', '2012-06-17 16:48:18', 5, 'Luettgen-McCullough', 'Aenean fermentum.', 3, 7);
INSERT INTO producto (idProducto, nombre, codigoBarra, precioCompra, precioVenta, fechaIngreso, fechaVencimiento, existencia, marca, descripcion, idCategoriaProducto, idBodega) VALUES (44, 'Shrimp - 100 / 200 Cold Water', '024317563880918', 165.3, 183.3, '2012-01-25 05:37:15', '2012-02-25 05:37:15', 1, 'Bogan Inc', 'Curabitur in libero ut massa volutpat convallis.', 4, 8);
INSERT INTO producto (idProducto, nombre, codigoBarra, precioCompra, precioVenta, fechaIngreso, fechaVencimiento, existencia, marca, descripcion, idCategoriaProducto, idBodega) VALUES (45, 'Tomatoes Tear Drop Yellow', '920958411428996', 115.8, 148.8, '2015-02-01 19:40:14', '2016-03-01 19:40:14', 7, 'Conn, Emmerich and Hagenes', 'Maecenas pulvinar lobortis est.', 5, 9);
INSERT INTO producto (idProducto, nombre, codigoBarra, precioCompra, precioVenta, fechaIngreso, fechaVencimiento, existencia, marca, descripcion, idCategoriaProducto, idBodega) VALUES (46, 'Hold Up Tool Storage Rack', '704274911037355', 57.7, 102.7, '2014-12-20 22:17:24', '2015-10-20 22:17:24', 3, 'Emard, Monahan and Lindgren', 'Integer ac neque.', 6, 10);
INSERT INTO producto (idProducto, nombre, codigoBarra, precioCompra, precioVenta, fechaIngreso, fechaVencimiento, existencia, marca, descripcion, idCategoriaProducto, idBodega) VALUES (47, 'Gin - Gilbeys London, Dry', '538801260422650', 40.5, 56.5, '2013-02-09 03:03:34', '2014-12-09 03:03:34', 9, 'Reichert LLC', 'Morbi odio odio, elementum eu, interdum eu, tincidunt in, leo.', 7, 11);
INSERT INTO producto (idProducto, nombre, codigoBarra, precioCompra, precioVenta, fechaIngreso, fechaVencimiento, existencia, marca, descripcion, idCategoriaProducto, idBodega) VALUES (48, 'Tomatoes - Heirloom', '009400658443169', 73.4, 113.4, '2016-06-11 13:37:40', '2017-02-11 13:37:40', 15, 'Witting-Schroeder', 'Nam tristique tortor eu pede.', 8, 12);
INSERT INTO producto (idProducto, nombre, codigoBarra, precioCompra, precioVenta, fechaIngreso, fechaVencimiento, existencia, marca, descripcion, idCategoriaProducto, idBodega) VALUES (49, 'Cheese - Le Cheve Noir', '327107935635418', 25.9, 46.9, '2017-09-20 05:43:39', '2019-02-20 05:43:39', 5, 'Oberbrunner, Klein and Bogan', 'Sed sagittis.', 9, 13);
INSERT INTO producto (idProducto, nombre, codigoBarra, precioCompra, precioVenta, fechaIngreso, fechaVencimiento, existencia, marca, descripcion, idCategoriaProducto, idBodega) VALUES (50, 'Tart - Butter Plain Squares', '843089784914028', 96.7, 140.7, '2013-09-13 23:50:57', '2014-05-13 23:50:57', 6, 'O''Conner-Ullrich', 'Nulla justo.', 10, 14);
INSERT INTO producto (idProducto, nombre, codigoBarra, precioCompra, precioVenta, fechaIngreso, fechaVencimiento, existencia, marca, descripcion, idCategoriaProducto, idBodega) VALUES (51, 'Muffin Carrot - Individual', '124363686537195', 109.9, 135.9, '2015-09-09 18:42:56', '2016-03-09 18:42:56', 8, 'Wilkinson Inc', 'Curabitur gravida nisi at nibh.', 1, 15);
INSERT INTO producto (idProducto, nombre, codigoBarra, precioCompra, precioVenta, fechaIngreso, fechaVencimiento, existencia, marca, descripcion, idCategoriaProducto, idBodega) VALUES (52, 'Cucumber - Pickling Ontario', '740169471418181', 163.2, 199.2, '2016-08-13 20:41:00', '2018-07-13 20:41:00', 6, 'Christiansen-Schuppe', 'Nam dui.', 2, 16);
INSERT INTO producto (idProducto, nombre, codigoBarra, precioCompra, precioVenta, fechaIngreso, fechaVencimiento, existencia, marca, descripcion, idCategoriaProducto, idBodega) VALUES (53, 'Apple - Delicious, Golden', '396810206006400', 121.1, 158.1, '2016-02-16 16:32:16', '2016-07-16 16:32:16', 14, 'Spencer-Brakus', 'Phasellus id sapien in sapien iaculis congue.', 3, 17);
INSERT INTO producto (idProducto, nombre, codigoBarra, precioCompra, precioVenta, fechaIngreso, fechaVencimiento, existencia, marca, descripcion, idCategoriaProducto, idBodega) VALUES (54, 'Rum - Light, Captain Morgan', '471584825612240', 180.6, 192.6, '2013-02-02 13:37:29', '2013-04-02 13:37:29', 2, 'Wiegand, O''Reilly and Walter', 'Mauris sit amet eros.', 4, 18);
INSERT INTO producto (idProducto, nombre, codigoBarra, precioCompra, precioVenta, fechaIngreso, fechaVencimiento, existencia, marca, descripcion, idCategoriaProducto, idBodega) VALUES (55, 'Wine - Merlot Vina Carmen', '034523362030469', 135.0, 160.0, '2012-05-27 06:17:26', '2013-12-27 06:17:26', 5, 'Mante-Rosenbaum', 'Morbi porttitor lorem id ligula.', 5, 1);
INSERT INTO producto (idProducto, nombre, codigoBarra, precioCompra, precioVenta, fechaIngreso, fechaVencimiento, existencia, marca, descripcion, idCategoriaProducto, idBodega) VALUES (56, 'V8 Pet', '103645773447637', 187.5, 220.5, '2013-01-25 13:05:55', '2014-10-25 13:05:55', 8, 'Stark Group', 'Curabitur gravida nisi at nibh.', 6, 2);
INSERT INTO producto (idProducto, nombre, codigoBarra, precioCompra, precioVenta, fechaIngreso, fechaVencimiento, existencia, marca, descripcion, idCategoriaProducto, idBodega) VALUES (57, 'Chicken - Base', '994324918633435', 65.9, 112.9, '2017-07-16 18:32:09', '2019-04-16 18:32:09', 5, 'Mohr, Hettinger and Kutch', 'Nulla tellus.', 7, 3);
INSERT INTO producto (idProducto, nombre, codigoBarra, precioCompra, precioVenta, fechaIngreso, fechaVencimiento, existencia, marca, descripcion, idCategoriaProducto, idBodega) VALUES (58, 'Turkey - Whole, Fresh', '302564143729013', 124.6, 162.6, '2012-03-31 08:52:42', '2012-05-31 08:52:42', 15, 'Crooks, Johnston and Vandervort', 'Cras in purus eu magna vulputate luctus.', 8, 4);
INSERT INTO producto (idProducto, nombre, codigoBarra, precioCompra, precioVenta, fechaIngreso, fechaVencimiento, existencia, marca, descripcion, idCategoriaProducto, idBodega) VALUES (59, 'Pasta - Fusili Tri - Coloured', '462721417818184', 61.2, 79.2, '2017-03-16 13:43:10', '2017-05-16 13:43:10', 12, 'Pacocha LLC', 'Etiam justo.', 9, 5);
INSERT INTO producto (idProducto, nombre, codigoBarra, precioCompra, precioVenta, fechaIngreso, fechaVencimiento, existencia, marca, descripcion, idCategoriaProducto, idBodega) VALUES (60, 'Chips Potato All Dressed - 43g', '519514351253428', 144.2, 168.2, '2012-12-10 21:17:52', '2013-03-10 21:17:52', 8, 'Gutmann-Blick', 'Donec quis orci eget orci vehicula condimentum.', 10, 6);
INSERT INTO producto (idProducto, nombre, codigoBarra, precioCompra, precioVenta, fechaIngreso, fechaVencimiento, existencia, marca, descripcion, idCategoriaProducto, idBodega) VALUES (61, 'Longos - Chicken Cordon Bleu', '783512255818711', 70.8, 111.8, '2015-06-05 19:16:47', '2015-10-05 19:16:47', 5, 'Durgan-Friesen', 'Duis mattis egestas metus.', 1, 7);
INSERT INTO producto (idProducto, nombre, codigoBarra, precioCompra, precioVenta, fechaIngreso, fechaVencimiento, existencia, marca, descripcion, idCategoriaProducto, idBodega) VALUES (62, 'Potatoes - Mini Red', '381105207835973', 82.1, 111.1, '2014-06-06 05:20:46', '2014-09-06 05:20:46', 7, 'Nader LLC', 'Nulla justo.', 2, 8);
INSERT INTO producto (idProducto, nombre, codigoBarra, precioCompra, precioVenta, fechaIngreso, fechaVencimiento, existencia, marca, descripcion, idCategoriaProducto, idBodega) VALUES (63, 'Bread - Multigrain, Loaf', '758655608488215', 151.0, 166.0, '2014-08-27 11:58:33', '2016-03-27 11:58:33', 1, 'Skiles, Marquardt and Hand', 'Nulla neque libero, convallis eget, eleifend luctus, ultricies eu, nibh.', 3, 9);
INSERT INTO producto (idProducto, nombre, codigoBarra, precioCompra, precioVenta, fechaIngreso, fechaVencimiento, existencia, marca, descripcion, idCategoriaProducto, idBodega) VALUES (64, 'Wine - White, Colubia Cresh', '116198668084358', 25.3, 53.3, '2015-05-29 05:15:53', '2015-10-29 05:15:53', 2, 'Osinski LLC', 'Fusce lacus purus, aliquet at, feugiat non, pretium quis, lectus.', 4, 10);
INSERT INTO producto (idProducto, nombre, codigoBarra, precioCompra, precioVenta, fechaIngreso, fechaVencimiento, existencia, marca, descripcion, idCategoriaProducto, idBodega) VALUES (65, 'Garbage Bags - Black', '305510183972791', 100.5, 117.5, '2015-08-25 20:37:11', '2015-10-25 20:37:11', 15, 'Prohaska-Wisoky', 'Nulla ut erat id mauris vulputate elementum.', 5, 11);
INSERT INTO producto (idProducto, nombre, codigoBarra, precioCompra, precioVenta, fechaIngreso, fechaVencimiento, existencia, marca, descripcion, idCategoriaProducto, idBodega) VALUES (66, 'Mustard Prepared', '236630051877150', 192.4, 216.4, '2012-08-19 17:09:57', '2013-02-19 17:09:57', 6, 'Harris-Wintheiser', 'Aliquam quis turpis eget elit sodales scelerisque.', 6, 12);
INSERT INTO producto (idProducto, nombre, codigoBarra, precioCompra, precioVenta, fechaIngreso, fechaVencimiento, existencia, marca, descripcion, idCategoriaProducto, idBodega) VALUES (67, 'Mushroom - Porcini, Dry', '745794683387336', 83.0, 96.0, '2016-07-03 16:30:04', '2017-04-03 16:30:04', 9, 'Fay Group', 'Nulla suscipit ligula in lacus.', 7, 13);
INSERT INTO producto (idProducto, nombre, codigoBarra, precioCompra, precioVenta, fechaIngreso, fechaVencimiento, existencia, marca, descripcion, idCategoriaProducto, idBodega) VALUES (68, 'Chips Potato All Dressed - 43g', '992746843203366', 130.2, 150.2, '2015-11-17 22:48:32', '2017-02-17 22:48:32', 12, 'Gibson Inc', 'In hac habitasse platea dictumst.', 8, 14);
INSERT INTO producto (idProducto, nombre, codigoBarra, precioCompra, precioVenta, fechaIngreso, fechaVencimiento, existencia, marca, descripcion, idCategoriaProducto, idBodega) VALUES (69, 'Tomatoes', '087215490314454', 67.7, 83.7, '2012-10-20 04:10:33', '2012-12-20 04:10:33', 7, 'Ferry Inc', 'Sed vel enim sit amet nunc viverra dapibus.', 9, 15);
INSERT INTO producto (idProducto, nombre, codigoBarra, precioCompra, precioVenta, fechaIngreso, fechaVencimiento, existencia, marca, descripcion, idCategoriaProducto, idBodega) VALUES (70, 'Fork - Plastic', '637860657813634', 69.9, 96.9, '2014-04-19 14:48:24', '2015-07-19 14:48:24', 2, 'Turner, Simonis and Terry', 'Aenean auctor gravida sem.', 10, 16);
INSERT INTO producto (idProducto, nombre, codigoBarra, precioCompra, precioVenta, fechaIngreso, fechaVencimiento, existencia, marca, descripcion, idCategoriaProducto, idBodega) VALUES (71, 'Soup Bowl Clear 8oz92008', '744859977628542', 135.3, 171.3, '2012-03-18 20:16:38', '2013-08-18 20:16:38', 2, 'Lind Inc', 'Praesent blandit.', 1, 17);
INSERT INTO producto (idProducto, nombre, codigoBarra, precioCompra, precioVenta, fechaIngreso, fechaVencimiento, existencia, marca, descripcion, idCategoriaProducto, idBodega) VALUES (72, 'Rootbeer', '778907937899765', 49.5, 72.5, '2012-09-22 09:06:01', '2013-12-22 09:06:01', 2, 'Wiegand Inc', 'Morbi a ipsum.', 2, 18);
INSERT INTO producto (idProducto, nombre, codigoBarra, precioCompra, precioVenta, fechaIngreso, fechaVencimiento, existencia, marca, descripcion, idCategoriaProducto, idBodega) VALUES (73, 'Smirnoff Green Apple Twist', '441143564057094', 91.1, 110.1, '2017-10-31 23:36:47', '2019-10-31 23:36:47', 15, 'Zieme-Tillman', 'Mauris ullamcorper purus sit amet nulla.', 3, 1);
INSERT INTO producto (idProducto, nombre, codigoBarra, precioCompra, precioVenta, fechaIngreso, fechaVencimiento, existencia, marca, descripcion, idCategoriaProducto, idBodega) VALUES (74, 'Swordfish Loin Portions', '379562819670951', 35.9, 76.9, '2017-01-05 12:48:31', '2017-05-05 12:48:31', 8, 'Metz Inc', 'In hac habitasse platea dictumst.', 4, 2);
INSERT INTO producto (idProducto, nombre, codigoBarra, precioCompra, precioVenta, fechaIngreso, fechaVencimiento, existencia, marca, descripcion, idCategoriaProducto, idBodega) VALUES (75, 'Turkey - Breast, Bone - In', '747316010257039', 26.2, 61.2, '2014-05-10 20:16:33', '2015-06-10 20:16:33', 11, 'Kshlerin-Kutch', 'Morbi ut odio.', 5, 3);
INSERT INTO producto (idProducto, nombre, codigoBarra, precioCompra, precioVenta, fechaIngreso, fechaVencimiento, existencia, marca, descripcion, idCategoriaProducto, idBodega) VALUES (76, 'Danishes - Mini Raspberry', '424164007520944', 166.6, 181.6, '2016-01-18 11:32:56', '2016-07-18 11:32:56', 15, 'Grimes Inc', 'Vestibulum sed magna at nunc commodo placerat.', 6, 4);
INSERT INTO producto (idProducto, nombre, codigoBarra, precioCompra, precioVenta, fechaIngreso, fechaVencimiento, existencia, marca, descripcion, idCategoriaProducto, idBodega) VALUES (77, 'Shrimp - Black Tiger 6 - 8', '913309867490952', 62.2, 97.2, '2013-03-12 23:40:11', '2014-04-12 23:40:11', 10, 'Bradtke, Littel and Kuphal', 'Donec ut dolor.', 7, 5);
INSERT INTO producto (idProducto, nombre, codigoBarra, precioCompra, precioVenta, fechaIngreso, fechaVencimiento, existencia, marca, descripcion, idCategoriaProducto, idBodega) VALUES (78, 'Pumpkin - Seed', '748588856670762', 100.9, 133.9, '2016-06-19 10:38:38', '2017-11-19 10:38:38', 7, 'Schiller-Jones', 'Maecenas pulvinar lobortis est.', 8, 6);
INSERT INTO producto (idProducto, nombre, codigoBarra, precioCompra, precioVenta, fechaIngreso, fechaVencimiento, existencia, marca, descripcion, idCategoriaProducto, idBodega) VALUES (79, 'Wine - Carmenere Casillero Del', '398356780810019', 71.9, 81.9, '2015-05-27 12:24:29', '2016-11-27 12:24:29', 10, 'Brakus and Sons', 'Fusce consequat.', 9, 7);
INSERT INTO producto (idProducto, nombre, codigoBarra, precioCompra, precioVenta, fechaIngreso, fechaVencimiento, existencia, marca, descripcion, idCategoriaProducto, idBodega) VALUES (80, 'Jello - Assorted', '817530787104394', 127.9, 140.9, '2015-07-13 02:47:33', '2015-08-13 02:47:33', 4, 'Morar LLC', 'Vestibulum ac est lacinia nisi venenatis tristique.', 10, 8);
INSERT INTO producto (idProducto, nombre, codigoBarra, precioCompra, precioVenta, fechaIngreso, fechaVencimiento, existencia, marca, descripcion, idCategoriaProducto, idBodega) VALUES (81, 'Bagel - Whole White Sesame', '284906330699881', 170.9, 196.9, '2016-10-28 12:02:16', '2018-09-28 12:02:16', 12, 'Sawayn, Lubowitz and Ortiz', 'Quisque ut erat.', 1, 9);
INSERT INTO producto (idProducto, nombre, codigoBarra, precioCompra, precioVenta, fechaIngreso, fechaVencimiento, existencia, marca, descripcion, idCategoriaProducto, idBodega) VALUES (82, 'Nut - Chestnuts, Whole', '780022391412059', 143.9, 178.9, '2016-01-23 17:14:22', '2018-01-23 17:14:22', 8, 'Quitzon, Lueilwitz and Mann', 'Proin interdum mauris non ligula pellentesque ultrices.', 2, 10);
INSERT INTO producto (idProducto, nombre, codigoBarra, precioCompra, precioVenta, fechaIngreso, fechaVencimiento, existencia, marca, descripcion, idCategoriaProducto, idBodega) VALUES (83, 'Table Cloth 54x54 White', '663298627445056', 195.0, 207.0, '2016-07-31 11:28:35', '2017-08-31 11:28:35', 15, 'Kshlerin, Marks and Hilll', 'In congue.', 3, 11);
INSERT INTO producto (idProducto, nombre, codigoBarra, precioCompra, precioVenta, fechaIngreso, fechaVencimiento, existencia, marca, descripcion, idCategoriaProducto, idBodega) VALUES (84, 'Bread - Kimel Stick Poly', '510468484062918', 62.0, 74.0, '2013-04-08 20:45:21', '2015-01-08 20:45:21', 7, 'Little Inc', 'Nulla ut erat id mauris vulputate elementum.', 4, 12);
INSERT INTO producto (idProducto, nombre, codigoBarra, precioCompra, precioVenta, fechaIngreso, fechaVencimiento, existencia, marca, descripcion, idCategoriaProducto, idBodega) VALUES (85, 'Southern Comfort', '079625170332443', 143.1, 164.1, '2015-08-06 08:31:38', '2017-08-06 08:31:38', 15, 'Keebler-Halvorson', 'Ut at dolor quis odio consequat varius.', 5, 13);
INSERT INTO producto (idProducto, nombre, codigoBarra, precioCompra, precioVenta, fechaIngreso, fechaVencimiento, existencia, marca, descripcion, idCategoriaProducto, idBodega) VALUES (86, 'Pastry - Banana Muffin - Mini', '656440553718176', 60.3, 109.3, '2016-12-09 06:42:16', '2018-11-09 06:42:16', 14, 'Abbott-Robel', 'Duis bibendum.', 6, 14);
INSERT INTO producto (idProducto, nombre, codigoBarra, precioCompra, precioVenta, fechaIngreso, fechaVencimiento, existencia, marca, descripcion, idCategoriaProducto, idBodega) VALUES (87, 'Apricots Fresh', '377831784515410', 46.2, 89.2, '2017-02-21 18:11:50', '2017-03-21 18:11:50', 11, 'Vandervort, Bruen and Hettinger', 'Nam nulla.', 7, 15);
INSERT INTO producto (idProducto, nombre, codigoBarra, precioCompra, precioVenta, fechaIngreso, fechaVencimiento, existencia, marca, descripcion, idCategoriaProducto, idBodega) VALUES (88, 'Bread - Italian Roll With Herbs', '771270063469408', 27.1, 45.1, '2013-09-26 18:55:43', '2014-07-26 18:55:43', 8, 'MacGyver Inc', 'Aliquam sit amet diam in magna bibendum imperdiet.', 8, 16);
INSERT INTO producto (idProducto, nombre, codigoBarra, precioCompra, precioVenta, fechaIngreso, fechaVencimiento, existencia, marca, descripcion, idCategoriaProducto, idBodega) VALUES (89, 'Pasta - Lasagna, Dry', '072661583032818', 160.7, 198.7, '2014-02-27 11:59:17', '2015-09-27 11:59:17', 1, 'Mueller, Torphy and Bailey', 'Lorem ipsum dolor sit amet, consectetuer adipiscing elit.', 9, 17);
INSERT INTO producto (idProducto, nombre, codigoBarra, precioCompra, precioVenta, fechaIngreso, fechaVencimiento, existencia, marca, descripcion, idCategoriaProducto, idBodega) VALUES (90, 'Wine - Delicato Merlot', '737388168815557', 33.2, 81.2, '2012-10-17 16:05:35', '2013-11-17 16:05:35', 12, 'Conn-Weissnat', 'Aliquam non mauris.', 10, 18);
INSERT INTO producto (idProducto, nombre, codigoBarra, precioCompra, precioVenta, fechaIngreso, fechaVencimiento, existencia, marca, descripcion, idCategoriaProducto, idBodega) VALUES (91, 'Appetizer - Escargot Puff', '830633903063676', 118.5, 163.5, '2017-01-17 10:39:37', '2018-05-17 10:39:37', 3, 'Brown, Hammes and Oberbrunner', 'Nulla tempus.', 1, 1);
INSERT INTO producto (idProducto, nombre, codigoBarra, precioCompra, precioVenta, fechaIngreso, fechaVencimiento, existencia, marca, descripcion, idCategoriaProducto, idBodega) VALUES (92, 'Flour - Rye', '332767084985810', 43.2, 82.2, '2012-12-30 01:47:10', '2014-10-30 01:47:10', 6, 'Yundt Group', 'Sed sagittis.', 2, 2);
INSERT INTO producto (idProducto, nombre, codigoBarra, precioCompra, precioVenta, fechaIngreso, fechaVencimiento, existencia, marca, descripcion, idCategoriaProducto, idBodega) VALUES (93, 'Veal - Sweetbread', '055525701016896', 147.2, 178.2, '2014-08-06 11:22:25', '2016-05-06 11:22:25', 7, 'Effertz Group', 'Etiam justo.', 3, 3);
INSERT INTO producto (idProducto, nombre, codigoBarra, precioCompra, precioVenta, fechaIngreso, fechaVencimiento, existencia, marca, descripcion, idCategoriaProducto, idBodega) VALUES (94, 'Milk - 1%', '038844161759117', 170.9, 196.9, '2015-01-06 14:14:03', '2016-07-06 14:14:03', 3, 'Wintheiser and Sons', 'Vestibulum quam sapien, varius ut, blandit non, interdum in, ante.', 4, 4);
INSERT INTO producto (idProducto, nombre, codigoBarra, precioCompra, precioVenta, fechaIngreso, fechaVencimiento, existencia, marca, descripcion, idCategoriaProducto, idBodega) VALUES (95, 'Plums - Red', '229494391520040', 102.3, 152.3, '2013-10-24 09:50:15', '2015-03-24 09:50:15', 8, 'Smitham, Rice and Borer', 'Morbi a ipsum.', 5, 5);
INSERT INTO producto (idProducto, nombre, codigoBarra, precioCompra, precioVenta, fechaIngreso, fechaVencimiento, existencia, marca, descripcion, idCategoriaProducto, idBodega) VALUES (96, 'Syrup - Golden, Lyles', '535164550144023', 133.7, 172.7, '2017-02-13 12:48:15', '2018-06-13 12:48:15', 14, 'Mann and Sons', 'Donec dapibus.', 6, 6);
INSERT INTO producto (idProducto, nombre, codigoBarra, precioCompra, precioVenta, fechaIngreso, fechaVencimiento, existencia, marca, descripcion, idCategoriaProducto, idBodega) VALUES (97, 'Melon - Honey Dew', '813527239054748', 130.9, 142.9, '2012-01-24 19:37:19', '2012-03-24 19:37:19', 4, 'Rosenbaum, Champlin and Quigley', 'Morbi odio odio, elementum eu, interdum eu, tincidunt in, leo.', 7, 7);
INSERT INTO producto (idProducto, nombre, codigoBarra, precioCompra, precioVenta, fechaIngreso, fechaVencimiento, existencia, marca, descripcion, idCategoriaProducto, idBodega) VALUES (98, 'Vinegar - Raspberry', '888861473471735', 64.1, 110.1, '2017-10-24 11:45:53', '2017-11-24 11:45:53', 8, 'Schaefer and Sons', 'Nullam varius.', 8, 8);
INSERT INTO producto (idProducto, nombre, codigoBarra, precioCompra, precioVenta, fechaIngreso, fechaVencimiento, existencia, marca, descripcion, idCategoriaProducto, idBodega) VALUES (99, 'Dragon Fruit', '206210564566442', 68.5, 93.5, '2013-05-14 17:29:04', '2015-01-14 17:29:04', 14, 'Fadel-Sauer', 'Aliquam non mauris.', 9, 9);
INSERT INTO producto (idProducto, nombre, codigoBarra, precioCompra, precioVenta, fechaIngreso, fechaVencimiento, existencia, marca, descripcion, idCategoriaProducto, idBodega) VALUES (100, 'Cookie - Oatmeal', '453069214213578', 59.6, 72.6, '2012-12-10 21:30:53', '2014-10-10 21:30:53', 2, 'Grady-Mayer', 'Nulla neque libero, convallis eget, eleifend luctus, ultricies eu, nibh.', 10, 10);


-- -----------------------------------------------------
-- 200 Inserts de tabla reservaciones
-- -----------------------------------------------------
insert into reservacion (idReservacion, fechaReservacion, fechaEntrada, fechaSalida, camaSupletoria, estado, observacion, noAdultos, noNinos, idCliente) values (1, '2013-11-21', '2013-11-27', '2013-12-03', 1, 'Inactivo', 'Proin at turpis a pede posuere nonummy.', 3, 5, 3);
insert into reservacion (idReservacion, fechaReservacion, fechaEntrada, fechaSalida, camaSupletoria, estado, observacion, noAdultos, noNinos, idCliente) values (2, '2016-12-21', '2016-12-31', '2017-01-20', 1, 'Inactivo', 'Integer tincidunt ante vel ipsum.', 2, 4, 14);
insert into reservacion (idReservacion, fechaReservacion, fechaEntrada, fechaSalida, camaSupletoria, estado, observacion, noAdultos, noNinos, idCliente) values (3, '2016-10-17', '2016-10-28', '2016-11-03', 0, 'Inactivo', 'Vivamus vestibulum sagittis sapien.', 1, 3, 86);
insert into reservacion (idReservacion, fechaReservacion, fechaEntrada, fechaSalida, camaSupletoria, estado, observacion, noAdultos, noNinos, idCliente) values (4, '2016-01-20', '2016-01-30', '2016-02-27', 0, 'Inactivo', 'Donec ut dolor.', 4, 2, 11);
insert into reservacion (idReservacion, fechaReservacion, fechaEntrada, fechaSalida, camaSupletoria, estado, observacion, noAdultos, noNinos, idCliente) values (5, '2014-04-24', '2014-05-07', '2014-05-21', 1, 'Inactivo', 'Vivamus in felis eu sapien cursus vestibulum.', 3, 4, 56);
insert into reservacion (idReservacion, fechaReservacion, fechaEntrada, fechaSalida, camaSupletoria, estado, observacion, noAdultos, noNinos, idCliente) values (6, '2016-07-06', '2016-07-11', '2016-07-30', 0, 'Inactivo', 'Phasellus id sapien in sapien iaculis congue.', 1, 6, 65);
insert into reservacion (idReservacion, fechaReservacion, fechaEntrada, fechaSalida, camaSupletoria, estado, observacion, noAdultos, noNinos, idCliente) values (7, '2015-12-12', '2015-12-23', '2015-12-31', 2, 'Inactivo', 'Cras pellentesque volutpat dui.', 3, 2, 60);
insert into reservacion (idReservacion, fechaReservacion, fechaEntrada, fechaSalida, camaSupletoria, estado, observacion, noAdultos, noNinos, idCliente) values (8, '2015-11-25', '2015-12-05', '2015-12-25', 2, 'Inactivo', 'Quisque arcu libero, rutrum ac, lobortis vel, dapibus at, diam.', 1, 2, 85);
insert into reservacion (idReservacion, fechaReservacion, fechaEntrada, fechaSalida, camaSupletoria, estado, observacion, noAdultos, noNinos, idCliente) values (9, '2016-02-25', '2016-02-26', '2016-03-11', 1, 'Inactivo', 'Nam congue, risus semper porta volutpat, quam pede lobortis ligula, sit amet eleifend pede libero quis orci.', 4, 3, 74);
insert into reservacion (idReservacion, fechaReservacion, fechaEntrada, fechaSalida, camaSupletoria, estado, observacion, noAdultos, noNinos, idCliente) values (10, '2013-06-21', '2013-06-22', '2013-07-12', 0, 'Inactivo', 'Quisque porta volutpat erat.', 3, 2, 84);
insert into reservacion (idReservacion, fechaReservacion, fechaEntrada, fechaSalida, camaSupletoria, estado, observacion, noAdultos, noNinos, idCliente) values (11, '2013-03-18', '2013-03-22', '2013-04-05', 2, 'Inactivo', 'In hac habitasse platea dictumst.', 3, 2, 65);
insert into reservacion (idReservacion, fechaReservacion, fechaEntrada, fechaSalida, camaSupletoria, estado, observacion, noAdultos, noNinos, idCliente) values (12, '2015-04-15', '2015-04-19', '2015-04-26', 0, 'Inactivo', 'Nulla suscipit ligula in lacus.', 3, 6, 100);
insert into reservacion (idReservacion, fechaReservacion, fechaEntrada, fechaSalida, camaSupletoria, estado, observacion, noAdultos, noNinos, idCliente) values (13, '2013-04-15', '2013-04-20', '2013-04-29', 0, 'Inactivo', 'Vivamus metus arcu, adipiscing molestie, hendrerit at, vulputate vitae, nisl.', 4, 1, 44);
insert into reservacion (idReservacion, fechaReservacion, fechaEntrada, fechaSalida, camaSupletoria, estado, observacion, noAdultos, noNinos, idCliente) values (14, '2013-01-19', '2013-01-23', '2013-02-09', 1, 'Inactivo', 'Maecenas leo odio, condimentum id, luctus nec, molestie sed, justo.', 2, 5, 28);
insert into reservacion (idReservacion, fechaReservacion, fechaEntrada, fechaSalida, camaSupletoria, estado, observacion, noAdultos, noNinos, idCliente) values (15, '2014-03-02', '2014-03-03', '2014-03-07', 2, 'Inactivo', 'Integer ac leo.', 3, 6, 47);
insert into reservacion (idReservacion, fechaReservacion, fechaEntrada, fechaSalida, camaSupletoria, estado, observacion, noAdultos, noNinos, idCliente) values (16, '2014-04-22', '2014-05-06', '2014-06-04', 0, 'Inactivo', 'Phasellus sit amet erat.', 3, 6, 14);
insert into reservacion (idReservacion, fechaReservacion, fechaEntrada, fechaSalida, camaSupletoria, estado, observacion, noAdultos, noNinos, idCliente) values (17, '2015-04-07', '2015-04-16', '2015-04-24', 0, 'Inactivo', 'Duis aliquam convallis nunc.', 2, 4, 2);
insert into reservacion (idReservacion, fechaReservacion, fechaEntrada, fechaSalida, camaSupletoria, estado, observacion, noAdultos, noNinos, idCliente) values (18, '2016-04-10', '2016-04-14', '2016-05-13', 0, 'Inactivo', 'Duis mattis egestas metus.', 1, 6, 64);
insert into reservacion (idReservacion, fechaReservacion, fechaEntrada, fechaSalida, camaSupletoria, estado, observacion, noAdultos, noNinos, idCliente) values (19, '2015-11-03', '2015-11-05', '2015-11-29', 1, 'Inactivo', 'Ut tellus.', 2, 3, 79);
insert into reservacion (idReservacion, fechaReservacion, fechaEntrada, fechaSalida, camaSupletoria, estado, observacion, noAdultos, noNinos, idCliente) values (20, '2014-06-04', '2014-06-08', '2014-06-28', 0, 'Inactivo', 'Morbi non quam nec dui luctus rutrum.', 2, 5, 52);
insert into reservacion (idReservacion, fechaReservacion, fechaEntrada, fechaSalida, camaSupletoria, estado, observacion, noAdultos, noNinos, idCliente) values (21, '2018-02-08', '2018-02-09', '2018-03-07', 1, 'Inactivo', 'Nullam orci pede, venenatis non, sodales sed, tincidunt eu, felis.', 4, 1, 17);
insert into reservacion (idReservacion, fechaReservacion, fechaEntrada, fechaSalida, camaSupletoria, estado, observacion, noAdultos, noNinos, idCliente) values (22, '2013-04-13', '2013-04-19', '2013-04-28', 1, 'Inactivo', 'Cum sociis natoque penatibus et magnis dis parturient montes, nascetur ridiculus mus.', 1, 1, 74);
insert into reservacion (idReservacion, fechaReservacion, fechaEntrada, fechaSalida, camaSupletoria, estado, observacion, noAdultos, noNinos, idCliente) values (23, '2014-12-11', '2014-12-24', '2015-01-16', 0, 'Inactivo', 'Integer a nibh.', 4, 2, 9);
insert into reservacion (idReservacion, fechaReservacion, fechaEntrada, fechaSalida, camaSupletoria, estado, observacion, noAdultos, noNinos, idCliente) values (24, '2013-07-27', '2013-07-28', '2013-08-11', 0, 'Inactivo', 'Pellentesque viverra pede ac diam.', 1, 3, 41);
insert into reservacion (idReservacion, fechaReservacion, fechaEntrada, fechaSalida, camaSupletoria, estado, observacion, noAdultos, noNinos, idCliente) values (25, '2014-10-18', '2014-10-22', '2014-11-18', 1, 'Inactivo', 'Sed ante.', 2, 3, 59);
insert into reservacion (idReservacion, fechaReservacion, fechaEntrada, fechaSalida, camaSupletoria, estado, observacion, noAdultos, noNinos, idCliente) values (26, '2017-09-13', '2017-09-27', '2017-10-06', 1, 'Inactivo', 'Donec diam neque, vestibulum eget, vulputate ut, ultrices vel, augue.', 3, 3, 47);
insert into reservacion (idReservacion, fechaReservacion, fechaEntrada, fechaSalida, camaSupletoria, estado, observacion, noAdultos, noNinos, idCliente) values (27, '2015-09-08', '2015-09-21', '2015-09-25', 1, 'Inactivo', 'Aliquam erat volutpat.', 4, 3, 36);
insert into reservacion (idReservacion, fechaReservacion, fechaEntrada, fechaSalida, camaSupletoria, estado, observacion, noAdultos, noNinos, idCliente) values (28, '2017-04-02', '2017-04-05', '2017-04-11', 1, 'Inactivo', 'Nulla ut erat id mauris vulputate elementum.', 2, 5, 44);
insert into reservacion (idReservacion, fechaReservacion, fechaEntrada, fechaSalida, camaSupletoria, estado, observacion, noAdultos, noNinos, idCliente) values (29, '2018-02-12', '2018-02-15', '2018-03-16', 2, 'Inactivo', 'Fusce posuere felis sed lacus.', 1, 2, 11);
insert into reservacion (idReservacion, fechaReservacion, fechaEntrada, fechaSalida, camaSupletoria, estado, observacion, noAdultos, noNinos, idCliente) values (30, '2014-11-08', '2014-11-20', '2014-12-09', 0, 'Inactivo', 'Donec dapibus.', 3, 6, 44);
insert into reservacion (idReservacion, fechaReservacion, fechaEntrada, fechaSalida, camaSupletoria, estado, observacion, noAdultos, noNinos, idCliente) values (31, '2017-08-05', '2017-08-18', '2017-09-06', 0, 'Inactivo', 'Vestibulum ante ipsum primis in faucibus orci luctus et ultrices posuere cubilia Curae; Mauris viverra diam vitae quam.', 4, 6, 69);
insert into reservacion (idReservacion, fechaReservacion, fechaEntrada, fechaSalida, camaSupletoria, estado, observacion, noAdultos, noNinos, idCliente) values (32, '2014-10-22', '2014-11-03', '2014-11-17', 2, 'Inactivo', 'Aenean sit amet justo.', 4, 2, 59);
insert into reservacion (idReservacion, fechaReservacion, fechaEntrada, fechaSalida, camaSupletoria, estado, observacion, noAdultos, noNinos, idCliente) values (33, '2018-01-22', '2018-01-30', '2018-02-21', 0, 'Inactivo', 'Suspendisse potenti.', 2, 1, 65);
insert into reservacion (idReservacion, fechaReservacion, fechaEntrada, fechaSalida, camaSupletoria, estado, observacion, noAdultos, noNinos, idCliente) values (34, '2017-10-29', '2017-11-12', '2017-11-19', 1, 'Inactivo', 'Morbi odio odio, elementum eu, interdum eu, tincidunt in, leo.', 4, 5, 27);
insert into reservacion (idReservacion, fechaReservacion, fechaEntrada, fechaSalida, camaSupletoria, estado, observacion, noAdultos, noNinos, idCliente) values (35, '2014-11-03', '2014-11-17', '2014-11-23', 1, 'Inactivo', 'Proin risus.', 2, 6, 13);
insert into reservacion (idReservacion, fechaReservacion, fechaEntrada, fechaSalida, camaSupletoria, estado, observacion, noAdultos, noNinos, idCliente) values (36, '2014-04-12', '2014-04-18', '2014-05-02', 0, 'Inactivo', 'Nam nulla.', 1, 4, 6);
insert into reservacion (idReservacion, fechaReservacion, fechaEntrada, fechaSalida, camaSupletoria, estado, observacion, noAdultos, noNinos, idCliente) values (37, '2015-09-16', '2015-09-27', '2015-10-18', 0, 'Inactivo', 'Pellentesque at nulla.', 3, 1, 8);
insert into reservacion (idReservacion, fechaReservacion, fechaEntrada, fechaSalida, camaSupletoria, estado, observacion, noAdultos, noNinos, idCliente) values (38, '2017-01-26', '2017-02-08', '2017-02-25', 0, 'Inactivo', 'Quisque porta volutpat erat.', 2, 5, 73);
insert into reservacion (idReservacion, fechaReservacion, fechaEntrada, fechaSalida, camaSupletoria, estado, observacion, noAdultos, noNinos, idCliente) values (39, '2016-03-03', '2016-03-17', '2016-03-31', 2, 'Inactivo', 'Vestibulum ante ipsum primis in faucibus orci luctus et ultrices posuere cubilia Curae; Mauris viverra diam vitae quam.', 1, 2, 4);
insert into reservacion (idReservacion, fechaReservacion, fechaEntrada, fechaSalida, camaSupletoria, estado, observacion, noAdultos, noNinos, idCliente) values (40, '2014-06-11', '2014-06-20', '2014-07-11', 2, 'Inactivo', 'Maecenas rhoncus aliquam lacus.', 3, 2, 26);
insert into reservacion (idReservacion, fechaReservacion, fechaEntrada, fechaSalida, camaSupletoria, estado, observacion, noAdultos, noNinos, idCliente) values (41, '2013-05-14', '2013-05-28', '2013-06-16', 2, 'Inactivo', 'Nam nulla.', 4, 5, 4);
insert into reservacion (idReservacion, fechaReservacion, fechaEntrada, fechaSalida, camaSupletoria, estado, observacion, noAdultos, noNinos, idCliente) values (42, '2017-05-21', '2017-05-28', '2017-06-10', 1, 'Inactivo', 'Nullam molestie nibh in lectus.', 3, 6, 88);
insert into reservacion (idReservacion, fechaReservacion, fechaEntrada, fechaSalida, camaSupletoria, estado, observacion, noAdultos, noNinos, idCliente) values (43, '2017-03-26', '2017-04-02', '2017-04-21', 0, 'Inactivo', 'In congue.', 2, 4, 17);
insert into reservacion (idReservacion, fechaReservacion, fechaEntrada, fechaSalida, camaSupletoria, estado, observacion, noAdultos, noNinos, idCliente) values (44, '2017-08-21', '2017-09-04', '2017-10-04', 2, 'Inactivo', 'Pellentesque eget nunc.', 3, 4, 19);
insert into reservacion (idReservacion, fechaReservacion, fechaEntrada, fechaSalida, camaSupletoria, estado, observacion, noAdultos, noNinos, idCliente) values (45, '2013-06-11', '2013-06-24', '2013-06-25', 0, 'Inactivo', 'Vestibulum ante ipsum primis in faucibus orci luctus et ultrices posuere cubilia Curae; Mauris viverra diam vitae quam.', 1, 5, 16);
insert into reservacion (idReservacion, fechaReservacion, fechaEntrada, fechaSalida, camaSupletoria, estado, observacion, noAdultos, noNinos, idCliente) values (46, '2015-03-15', '2015-03-16', '2015-03-20', 2, 'Inactivo', 'Nulla neque libero, convallis eget, eleifend luctus, ultricies eu, nibh.', 2, 1, 65);
insert into reservacion (idReservacion, fechaReservacion, fechaEntrada, fechaSalida, camaSupletoria, estado, observacion, noAdultos, noNinos, idCliente) values (47, '2016-08-21', '2016-09-04', '2016-09-26', 2, 'Inactivo', 'Ut tellus.', 3, 1, 81);
insert into reservacion (idReservacion, fechaReservacion, fechaEntrada, fechaSalida, camaSupletoria, estado, observacion, noAdultos, noNinos, idCliente) values (48, '2016-01-14', '2016-01-18', '2016-01-26', 1, 'Inactivo', 'Integer ac neque.', 1, 6, 83);
insert into reservacion (idReservacion, fechaReservacion, fechaEntrada, fechaSalida, camaSupletoria, estado, observacion, noAdultos, noNinos, idCliente) values (49, '2013-08-22', '2013-08-29', '2013-09-04', 0, 'Inactivo', 'Quisque arcu libero, rutrum ac, lobortis vel, dapibus at, diam.', 3, 2, 27);
insert into reservacion (idReservacion, fechaReservacion, fechaEntrada, fechaSalida, camaSupletoria, estado, observacion, noAdultos, noNinos, idCliente) values (50, '2017-10-07', '2017-10-15', '2017-11-11', 1, 'Inactivo', 'Suspendisse accumsan tortor quis turpis.', 4, 6, 95);
insert into reservacion (idReservacion, fechaReservacion, fechaEntrada, fechaSalida, camaSupletoria, estado, observacion, noAdultos, noNinos, idCliente) values (51, '2013-08-25', '2013-09-05', '2013-09-24', 2, 'Inactivo', 'Maecenas pulvinar lobortis est.', 4, 1, 54);
insert into reservacion (idReservacion, fechaReservacion, fechaEntrada, fechaSalida, camaSupletoria, estado, observacion, noAdultos, noNinos, idCliente) values (52, '2017-03-20', '2017-03-27', '2017-04-22', 0, 'Inactivo', 'Vestibulum ante ipsum primis in faucibus orci luctus et ultrices posuere cubilia Curae; Mauris viverra diam vitae quam.', 4, 6, 58);
insert into reservacion (idReservacion, fechaReservacion, fechaEntrada, fechaSalida, camaSupletoria, estado, observacion, noAdultos, noNinos, idCliente) values (53, '2013-01-03', '2013-01-09', '2013-02-04', 1, 'Inactivo', 'Duis bibendum.', 1, 2, 15);
insert into reservacion (idReservacion, fechaReservacion, fechaEntrada, fechaSalida, camaSupletoria, estado, observacion, noAdultos, noNinos, idCliente) values (54, '2013-10-10', '2013-10-14', '2013-11-03', 2, 'Inactivo', 'In blandit ultrices enim.', 4, 5, 81);
insert into reservacion (idReservacion, fechaReservacion, fechaEntrada, fechaSalida, camaSupletoria, estado, observacion, noAdultos, noNinos, idCliente) values (55, '2016-08-22', '2016-08-24', '2016-08-31', 1, 'Inactivo', 'Quisque porta volutpat erat.', 3, 5, 26);
insert into reservacion (idReservacion, fechaReservacion, fechaEntrada, fechaSalida, camaSupletoria, estado, observacion, noAdultos, noNinos, idCliente) values (56, '2017-02-25', '2017-03-05', '2017-03-30', 0, 'Inactivo', 'Quisque arcu libero, rutrum ac, lobortis vel, dapibus at, diam.', 2, 1, 20);
insert into reservacion (idReservacion, fechaReservacion, fechaEntrada, fechaSalida, camaSupletoria, estado, observacion, noAdultos, noNinos, idCliente) values (57, '2013-11-07', '2013-11-13', '2013-11-21', 2, 'Inactivo', 'Fusce lacus purus, aliquet at, feugiat non, pretium quis, lectus.', 4, 2, 13);
insert into reservacion (idReservacion, fechaReservacion, fechaEntrada, fechaSalida, camaSupletoria, estado, observacion, noAdultos, noNinos, idCliente) values (58, '2017-09-07', '2017-09-21', '2017-10-20', 2, 'Inactivo', 'In hac habitasse platea dictumst.', 2, 6, 36);
insert into reservacion (idReservacion, fechaReservacion, fechaEntrada, fechaSalida, camaSupletoria, estado, observacion, noAdultos, noNinos, idCliente) values (59, '2017-05-01', '2017-05-11', '2017-06-03', 2, 'Inactivo', 'Proin risus.', 2, 6, 5);
insert into reservacion (idReservacion, fechaReservacion, fechaEntrada, fechaSalida, camaSupletoria, estado, observacion, noAdultos, noNinos, idCliente) values (60, '2014-05-16', '2014-05-24', '2014-05-31', 2, 'Inactivo', 'Donec ut mauris eget massa tempor convallis.', 3, 1, 78);
insert into reservacion (idReservacion, fechaReservacion, fechaEntrada, fechaSalida, camaSupletoria, estado, observacion, noAdultos, noNinos, idCliente) values (61, '2015-03-11', '2015-03-16', '2015-03-22', 0, 'Inactivo', 'Donec vitae nisi.', 1, 3, 59);
insert into reservacion (idReservacion, fechaReservacion, fechaEntrada, fechaSalida, camaSupletoria, estado, observacion, noAdultos, noNinos, idCliente) values (62, '2015-06-26', '2015-07-01', '2015-07-18', 2, 'Inactivo', 'Duis bibendum.', 2, 5, 49);
insert into reservacion (idReservacion, fechaReservacion, fechaEntrada, fechaSalida, camaSupletoria, estado, observacion, noAdultos, noNinos, idCliente) values (63, '2015-07-01', '2015-07-13', '2015-07-28', 2, 'Inactivo', 'Ut at dolor quis odio consequat varius.', 2, 4, 84);
insert into reservacion (idReservacion, fechaReservacion, fechaEntrada, fechaSalida, camaSupletoria, estado, observacion, noAdultos, noNinos, idCliente) values (64, '2016-09-23', '2016-09-30', '2016-10-30', 0, 'Inactivo', 'Morbi vel lectus in quam fringilla rhoncus.', 4, 4, 18);
insert into reservacion (idReservacion, fechaReservacion, fechaEntrada, fechaSalida, camaSupletoria, estado, observacion, noAdultos, noNinos, idCliente) values (65, '2013-01-16', '2013-01-18', '2013-02-13', 1, 'Inactivo', 'In blandit ultrices enim.', 1, 4, 97);
insert into reservacion (idReservacion, fechaReservacion, fechaEntrada, fechaSalida, camaSupletoria, estado, observacion, noAdultos, noNinos, idCliente) values (66, '2013-01-03', '2013-01-06', '2013-01-26', 1, 'Inactivo', 'Maecenas ut massa quis augue luctus tincidunt.', 3, 4, 49);
insert into reservacion (idReservacion, fechaReservacion, fechaEntrada, fechaSalida, camaSupletoria, estado, observacion, noAdultos, noNinos, idCliente) values (67, '2015-08-26', '2015-09-08', '2015-09-26', 1, 'Inactivo', 'Vivamus in felis eu sapien cursus vestibulum.', 1, 6, 6);
insert into reservacion (idReservacion, fechaReservacion, fechaEntrada, fechaSalida, camaSupletoria, estado, observacion, noAdultos, noNinos, idCliente) values (68, '2016-05-13', '2016-05-23', '2016-06-05', 2, 'Inactivo', 'Nam congue, risus semper porta volutpat, quam pede lobortis ligula, sit amet eleifend pede libero quis orci.', 2, 5, 46);
insert into reservacion (idReservacion, fechaReservacion, fechaEntrada, fechaSalida, camaSupletoria, estado, observacion, noAdultos, noNinos, idCliente) values (69, '2017-08-13', '2017-08-22', '2017-08-23', 0, 'Inactivo', 'In congue.', 1, 5, 91);
insert into reservacion (idReservacion, fechaReservacion, fechaEntrada, fechaSalida, camaSupletoria, estado, observacion, noAdultos, noNinos, idCliente) values (70, '2014-07-24', '2014-07-29', '2014-08-09', 1, 'Inactivo', 'In est risus, auctor sed, tristique in, tempus sit amet, sem.', 4, 4, 32);
insert into reservacion (idReservacion, fechaReservacion, fechaEntrada, fechaSalida, camaSupletoria, estado, observacion, noAdultos, noNinos, idCliente) values (71, '2014-05-18', '2014-05-29', '2014-06-25', 1, 'Inactivo', 'Nam ultrices, libero non mattis pulvinar, nulla pede ullamcorper augue, a suscipit nulla elit ac nulla.', 3, 3, 77);
insert into reservacion (idReservacion, fechaReservacion, fechaEntrada, fechaSalida, camaSupletoria, estado, observacion, noAdultos, noNinos, idCliente) values (72, '2013-11-20', '2013-11-23', '2013-12-15', 2, 'Inactivo', 'Integer aliquet, massa id lobortis convallis, tortor risus dapibus augue, vel accumsan tellus nisi eu orci.', 4, 6, 71);
insert into reservacion (idReservacion, fechaReservacion, fechaEntrada, fechaSalida, camaSupletoria, estado, observacion, noAdultos, noNinos, idCliente) values (73, '2013-09-15', '2013-09-26', '2013-09-29', 1, 'Inactivo', 'Morbi vestibulum, velit id pretium iaculis, diam erat fermentum justo, nec condimentum neque sapien placerat ante.', 4, 1, 27);
insert into reservacion (idReservacion, fechaReservacion, fechaEntrada, fechaSalida, camaSupletoria, estado, observacion, noAdultos, noNinos, idCliente) values (74, '2014-01-19', '2014-02-01', '2014-02-21', 2, 'Inactivo', 'Integer ac neque.', 4, 3, 96);
insert into reservacion (idReservacion, fechaReservacion, fechaEntrada, fechaSalida, camaSupletoria, estado, observacion, noAdultos, noNinos, idCliente) values (75, '2015-10-04', '2015-10-15', '2015-10-21', 0, 'Inactivo', 'Vestibulum rutrum rutrum neque.', 1, 6, 49);
insert into reservacion (idReservacion, fechaReservacion, fechaEntrada, fechaSalida, camaSupletoria, estado, observacion, noAdultos, noNinos, idCliente) values (76, '2017-08-08', '2017-08-10', '2017-09-01', 2, 'Inactivo', 'Pellentesque ultrices mattis odio.', 4, 6, 98);
insert into reservacion (idReservacion, fechaReservacion, fechaEntrada, fechaSalida, camaSupletoria, estado, observacion, noAdultos, noNinos, idCliente) values (77, '2017-10-27', '2017-10-28', '2017-10-30', 1, 'Inactivo', 'Suspendisse accumsan tortor quis turpis.', 3, 5, 91);
insert into reservacion (idReservacion, fechaReservacion, fechaEntrada, fechaSalida, camaSupletoria, estado, observacion, noAdultos, noNinos, idCliente) values (78, '2017-05-28', '2017-05-31', '2017-06-07', 1, 'Inactivo', 'Pellentesque at nulla.', 4, 4, 24);
insert into reservacion (idReservacion, fechaReservacion, fechaEntrada, fechaSalida, camaSupletoria, estado, observacion, noAdultos, noNinos, idCliente) values (79, '2016-09-26', '2016-10-04', '2016-10-21', 2, 'Inactivo', 'Integer pede justo, lacinia eget, tincidunt eget, tempus vel, pede.', 4, 1, 62);
insert into reservacion (idReservacion, fechaReservacion, fechaEntrada, fechaSalida, camaSupletoria, estado, observacion, noAdultos, noNinos, idCliente) values (80, '2018-02-27', '2018-03-01', '2018-03-15', 0, 'Inactivo', 'Fusce lacus purus, aliquet at, feugiat non, pretium quis, lectus.', 2, 3, 42);
insert into reservacion (idReservacion, fechaReservacion, fechaEntrada, fechaSalida, camaSupletoria, estado, observacion, noAdultos, noNinos, idCliente) values (81, '2015-04-21', '2015-05-02', '2015-05-06', 2, 'Inactivo', 'Vestibulum rutrum rutrum neque.', 1, 2, 17);
insert into reservacion (idReservacion, fechaReservacion, fechaEntrada, fechaSalida, camaSupletoria, estado, observacion, noAdultos, noNinos, idCliente) values (82, '2014-07-19', '2014-07-20', '2014-08-19', 2, 'Inactivo', 'Lorem ipsum dolor sit amet, consectetuer adipiscing elit.', 2, 5, 22);
insert into reservacion (idReservacion, fechaReservacion, fechaEntrada, fechaSalida, camaSupletoria, estado, observacion, noAdultos, noNinos, idCliente) values (83, '2014-03-27', '2014-04-07', '2014-04-16', 0, 'Inactivo', 'Duis consequat dui nec nisi volutpat eleifend.', 1, 1, 25);
insert into reservacion (idReservacion, fechaReservacion, fechaEntrada, fechaSalida, camaSupletoria, estado, observacion, noAdultos, noNinos, idCliente) values (84, '2017-06-02', '2017-06-12', '2017-06-18', 1, 'Inactivo', 'Aenean fermentum.', 1, 4, 84);
insert into reservacion (idReservacion, fechaReservacion, fechaEntrada, fechaSalida, camaSupletoria, estado, observacion, noAdultos, noNinos, idCliente) values (85, '2017-06-11', '2017-06-17', '2017-07-02', 1, 'Inactivo', 'Aliquam non mauris.', 2, 3, 82);
insert into reservacion (idReservacion, fechaReservacion, fechaEntrada, fechaSalida, camaSupletoria, estado, observacion, noAdultos, noNinos, idCliente) values (86, '2014-11-04', '2014-11-18', '2014-12-05', 2, 'Inactivo', 'Sed accumsan felis.', 3, 4, 94);
insert into reservacion (idReservacion, fechaReservacion, fechaEntrada, fechaSalida, camaSupletoria, estado, observacion, noAdultos, noNinos, idCliente) values (87, '2018-04-17', '2018-04-28', '2018-05-17', 2, 'Reservado', 'Aenean lectus.', 1, 5, 26);
insert into reservacion (idReservacion, fechaReservacion, fechaEntrada, fechaSalida, camaSupletoria, estado, observacion, noAdultos, noNinos, idCliente) values (88, '2014-03-16', '2014-03-18', '2014-03-27', 2, 'Inactivo', 'Etiam justo.', 1, 6, 70);
insert into reservacion (idReservacion, fechaReservacion, fechaEntrada, fechaSalida, camaSupletoria, estado, observacion, noAdultos, noNinos, idCliente) values (89, '2014-07-01', '2014-07-11', '2014-07-28', 0, 'Inactivo', 'In blandit ultrices enim.', 4, 5, 22);
insert into reservacion (idReservacion, fechaReservacion, fechaEntrada, fechaSalida, camaSupletoria, estado, observacion, noAdultos, noNinos, idCliente) values (90, '2013-11-14', '2013-11-27', '2013-12-19', 2, 'Inactivo', 'Cras pellentesque volutpat dui.', 3, 3, 18);
insert into reservacion (idReservacion, fechaReservacion, fechaEntrada, fechaSalida, camaSupletoria, estado, observacion, noAdultos, noNinos, idCliente) values (91, '2014-08-26', '2014-09-02', '2014-09-12', 1, 'Inactivo', 'Vivamus metus arcu, adipiscing molestie, hendrerit at, vulputate vitae, nisl.', 1, 1, 63);
insert into reservacion (idReservacion, fechaReservacion, fechaEntrada, fechaSalida, camaSupletoria, estado, observacion, noAdultos, noNinos, idCliente) values (92, '2015-08-05', '2015-08-14', '2015-08-28', 2, 'Inactivo', 'Curabitur convallis.', 2, 5, 74);
insert into reservacion (idReservacion, fechaReservacion, fechaEntrada, fechaSalida, camaSupletoria, estado, observacion, noAdultos, noNinos, idCliente) values (93, '2017-05-15', '2017-05-17', '2017-06-07', 2, 'Inactivo', 'Quisque ut erat.', 4, 6, 70);
insert into reservacion (idReservacion, fechaReservacion, fechaEntrada, fechaSalida, camaSupletoria, estado, observacion, noAdultos, noNinos, idCliente) values (94, '2015-05-26', '2015-06-06', '2015-07-02', 0, 'Inactivo', 'Morbi porttitor lorem id ligula.', 2, 4, 14);
insert into reservacion (idReservacion, fechaReservacion, fechaEntrada, fechaSalida, camaSupletoria, estado, observacion, noAdultos, noNinos, idCliente) values (95, '2015-10-21', '2015-10-31', '2015-11-25', 1, 'Inactivo', 'Donec diam neque, vestibulum eget, vulputate ut, ultrices vel, augue.', 1, 2, 66);
insert into reservacion (idReservacion, fechaReservacion, fechaEntrada, fechaSalida, camaSupletoria, estado, observacion, noAdultos, noNinos, idCliente) values (96, '2017-12-01', '2017-12-07', '2017-12-09', 2, 'Inactivo', 'Quisque id justo sit amet sapien dignissim vestibulum.', 2, 2, 81);
insert into reservacion (idReservacion, fechaReservacion, fechaEntrada, fechaSalida, camaSupletoria, estado, observacion, noAdultos, noNinos, idCliente) values (97, '2017-10-19', '2017-10-26', '2017-11-24', 2, 'Inactivo', 'Praesent blandit.', 3, 3, 32);
insert into reservacion (idReservacion, fechaReservacion, fechaEntrada, fechaSalida, camaSupletoria, estado, observacion, noAdultos, noNinos, idCliente) values (98, '2018-04-14', '2018-04-16', '2018-04-20', 1, 'Inactivo', 'Integer ac neque.', 1, 1, 37);
insert into reservacion (idReservacion, fechaReservacion, fechaEntrada, fechaSalida, camaSupletoria, estado, observacion, noAdultos, noNinos, idCliente) values (99, '2017-08-05', '2017-08-12', '2017-08-25', 0, 'Inactivo', 'Etiam justo.', 3, 5, 38);
insert into reservacion (idReservacion, fechaReservacion, fechaEntrada, fechaSalida, camaSupletoria, estado, observacion, noAdultos, noNinos, idCliente) values (100, '2015-10-06', '2015-10-20', '2015-11-08', 0, 'Inactivo', 'Phasellus in felis.', 1, 5, 50);
insert into reservacion (idReservacion, fechaReservacion, fechaEntrada, fechaSalida, camaSupletoria, estado, observacion, noAdultos, noNinos, idCliente) values (101, '2016-11-19', '2016-12-01', '2016-12-08', 2, 'Inactivo', 'Suspendisse ornare consequat lectus.', 4, 4, 80);
insert into reservacion (idReservacion, fechaReservacion, fechaEntrada, fechaSalida, camaSupletoria, estado, observacion, noAdultos, noNinos, idCliente) values (102, '2016-07-24', '2016-08-06', '2016-08-11', 2, 'Inactivo', 'Ut tellus.', 1, 1, 20);
insert into reservacion (idReservacion, fechaReservacion, fechaEntrada, fechaSalida, camaSupletoria, estado, observacion, noAdultos, noNinos, idCliente) values (103, '2014-03-06', '2014-03-07', '2014-03-17', 0, 'Inactivo', 'Vivamus vestibulum sagittis sapien.', 1, 1, 34);
insert into reservacion (idReservacion, fechaReservacion, fechaEntrada, fechaSalida, camaSupletoria, estado, observacion, noAdultos, noNinos, idCliente) values (104, '2014-07-04', '2014-07-18', '2014-08-13', 0, 'Inactivo', 'Vestibulum ac est lacinia nisi venenatis tristique.', 4, 1, 76);
insert into reservacion (idReservacion, fechaReservacion, fechaEntrada, fechaSalida, camaSupletoria, estado, observacion, noAdultos, noNinos, idCliente) values (105, '2017-07-20', '2017-07-28', '2017-08-21', 1, 'Inactivo', 'Cras mi pede, malesuada in, imperdiet et, commodo vulputate, justo.', 1, 5, 8);
insert into reservacion (idReservacion, fechaReservacion, fechaEntrada, fechaSalida, camaSupletoria, estado, observacion, noAdultos, noNinos, idCliente) values (106, '2017-09-30', '2017-10-14', '2017-11-08', 0, 'Inactivo', 'In hac habitasse platea dictumst.', 4, 4, 21);
insert into reservacion (idReservacion, fechaReservacion, fechaEntrada, fechaSalida, camaSupletoria, estado, observacion, noAdultos, noNinos, idCliente) values (107, '2013-12-25', '2014-01-01', '2014-01-22', 0, 'Inactivo', 'Phasellus in felis.', 2, 4, 4);
insert into reservacion (idReservacion, fechaReservacion, fechaEntrada, fechaSalida, camaSupletoria, estado, observacion, noAdultos, noNinos, idCliente) values (108, '2016-05-31', '2016-06-09', '2016-06-30', 1, 'Inactivo', 'Cum sociis natoque penatibus et magnis dis parturient montes, nascetur ridiculus mus.', 1, 1, 90);
insert into reservacion (idReservacion, fechaReservacion, fechaEntrada, fechaSalida, camaSupletoria, estado, observacion, noAdultos, noNinos, idCliente) values (109, '2017-08-13', '2017-08-21', '2017-09-03', 0, 'Inactivo', 'Nulla nisl.', 3, 6, 1);
insert into reservacion (idReservacion, fechaReservacion, fechaEntrada, fechaSalida, camaSupletoria, estado, observacion, noAdultos, noNinos, idCliente) values (110, '2013-08-04', '2013-08-07', '2013-08-14', 1, 'Inactivo', 'Lorem ipsum dolor sit amet, consectetuer adipiscing elit.', 1, 3, 81);
insert into reservacion (idReservacion, fechaReservacion, fechaEntrada, fechaSalida, camaSupletoria, estado, observacion, noAdultos, noNinos, idCliente) values (111, '2015-03-01', '2015-03-09', '2015-03-28', 2, 'Inactivo', 'Mauris sit amet eros.', 1, 1, 6);
insert into reservacion (idReservacion, fechaReservacion, fechaEntrada, fechaSalida, camaSupletoria, estado, observacion, noAdultos, noNinos, idCliente) values (112, '2015-10-05', '2015-10-12', '2015-10-23', 1, 'Inactivo', 'Vivamus tortor.', 2, 3, 91);
insert into reservacion (idReservacion, fechaReservacion, fechaEntrada, fechaSalida, camaSupletoria, estado, observacion, noAdultos, noNinos, idCliente) values (113, '2018-03-23', '2018-04-02', '2018-04-12', 0, 'Inactivo', 'Ut tellus.', 1, 4, 30);
insert into reservacion (idReservacion, fechaReservacion, fechaEntrada, fechaSalida, camaSupletoria, estado, observacion, noAdultos, noNinos, idCliente) values (114, '2014-12-01', '2014-12-06', '2014-12-27', 1, 'Inactivo', 'Maecenas tincidunt lacus at velit.', 1, 2, 5);
insert into reservacion (idReservacion, fechaReservacion, fechaEntrada, fechaSalida, camaSupletoria, estado, observacion, noAdultos, noNinos, idCliente) values (115, '2013-07-18', '2013-07-25', '2013-08-11', 1, 'Inactivo', 'Suspendisse potenti.', 1, 2, 10);
insert into reservacion (idReservacion, fechaReservacion, fechaEntrada, fechaSalida, camaSupletoria, estado, observacion, noAdultos, noNinos, idCliente) values (116, '2018-03-30', '2018-04-04', '2018-04-25', 1, 'Inactivo', 'Curabitur convallis.', 1, 6, 18);
insert into reservacion (idReservacion, fechaReservacion, fechaEntrada, fechaSalida, camaSupletoria, estado, observacion, noAdultos, noNinos, idCliente) values (117, '2015-02-14', '2015-02-28', '2015-03-24', 1, 'Inactivo', 'Donec ut mauris eget massa tempor convallis.', 3, 1, 42);
insert into reservacion (idReservacion, fechaReservacion, fechaEntrada, fechaSalida, camaSupletoria, estado, observacion, noAdultos, noNinos, idCliente) values (118, '2014-09-15', '2014-09-23', '2014-09-29', 0, 'Inactivo', 'Nam dui.', 2, 4, 87);
insert into reservacion (idReservacion, fechaReservacion, fechaEntrada, fechaSalida, camaSupletoria, estado, observacion, noAdultos, noNinos, idCliente) values (119, '2013-12-08', '2013-12-17', '2013-12-18', 0, 'Inactivo', 'Proin at turpis a pede posuere nonummy.', 3, 2, 92);
insert into reservacion (idReservacion, fechaReservacion, fechaEntrada, fechaSalida, camaSupletoria, estado, observacion, noAdultos, noNinos, idCliente) values (120, '2016-08-08', '2016-08-16', '2016-09-14', 1, 'Inactivo', 'Duis at velit eu est congue elementum.', 1, 3, 2);
insert into reservacion (idReservacion, fechaReservacion, fechaEntrada, fechaSalida, camaSupletoria, estado, observacion, noAdultos, noNinos, idCliente) values (121, '2015-07-31', '2015-08-01', '2015-08-17', 2, 'Inactivo', 'Nulla ut erat id mauris vulputate elementum.', 3, 3, 94);
insert into reservacion (idReservacion, fechaReservacion, fechaEntrada, fechaSalida, camaSupletoria, estado, observacion, noAdultos, noNinos, idCliente) values (122, '2013-09-27', '2013-10-03', '2013-10-21', 1, 'Inactivo', 'Maecenas pulvinar lobortis est.', 2, 6, 38);
insert into reservacion (idReservacion, fechaReservacion, fechaEntrada, fechaSalida, camaSupletoria, estado, observacion, noAdultos, noNinos, idCliente) values (123, '2014-11-20', '2014-11-30', '2014-12-26', 1, 'Inactivo', 'Morbi vel lectus in quam fringilla rhoncus.', 3, 2, 39);
insert into reservacion (idReservacion, fechaReservacion, fechaEntrada, fechaSalida, camaSupletoria, estado, observacion, noAdultos, noNinos, idCliente) values (124, '2015-02-06', '2015-02-08', '2015-02-18', 2, 'Inactivo', 'Etiam justo.', 1, 1, 8);
insert into reservacion (idReservacion, fechaReservacion, fechaEntrada, fechaSalida, camaSupletoria, estado, observacion, noAdultos, noNinos, idCliente) values (125, '2013-06-11', '2013-06-19', '2013-06-25', 2, 'Inactivo', 'Nulla mollis molestie lorem.', 4, 2, 30);
insert into reservacion (idReservacion, fechaReservacion, fechaEntrada, fechaSalida, camaSupletoria, estado, observacion, noAdultos, noNinos, idCliente) values (126, '2013-04-11', '2013-04-18', '2013-04-29', 1, 'Inactivo', 'In eleifend quam a odio.', 2, 6, 56);
insert into reservacion (idReservacion, fechaReservacion, fechaEntrada, fechaSalida, camaSupletoria, estado, observacion, noAdultos, noNinos, idCliente) values (127, '2014-08-30', '2014-09-09', '2014-09-25', 2, 'Inactivo', 'Vestibulum ante ipsum primis in faucibus orci luctus et ultrices posuere cubilia Curae; Duis faucibus accumsan odio.', 1, 2, 44);
insert into reservacion (idReservacion, fechaReservacion, fechaEntrada, fechaSalida, camaSupletoria, estado, observacion, noAdultos, noNinos, idCliente) values (128, '2015-05-19', '2015-05-28', '2015-06-03', 1, 'Inactivo', 'Etiam pretium iaculis justo.', 3, 3, 23);
insert into reservacion (idReservacion, fechaReservacion, fechaEntrada, fechaSalida, camaSupletoria, estado, observacion, noAdultos, noNinos, idCliente) values (129, '2018-03-20', '2018-03-29', '2018-03-30', 0, 'Inactivo', 'Donec ut dolor.', 1, 1, 56);
insert into reservacion (idReservacion, fechaReservacion, fechaEntrada, fechaSalida, camaSupletoria, estado, observacion, noAdultos, noNinos, idCliente) values (130, '2018-03-08', '2018-03-15', '2018-04-06', 1, 'Inactivo', 'Cras mi pede, malesuada in, imperdiet et, commodo vulputate, justo.', 2, 3, 31);
insert into reservacion (idReservacion, fechaReservacion, fechaEntrada, fechaSalida, camaSupletoria, estado, observacion, noAdultos, noNinos, idCliente) values (131, '2014-03-18', '2014-03-25', '2014-04-15', 2, 'Inactivo', 'Maecenas tincidunt lacus at velit.', 2, 4, 15);
insert into reservacion (idReservacion, fechaReservacion, fechaEntrada, fechaSalida, camaSupletoria, estado, observacion, noAdultos, noNinos, idCliente) values (132, '2014-01-31', '2014-02-14', '2014-03-13', 1, 'Inactivo', 'Nunc purus.', 1, 4, 10);
insert into reservacion (idReservacion, fechaReservacion, fechaEntrada, fechaSalida, camaSupletoria, estado, observacion, noAdultos, noNinos, idCliente) values (133, '2013-04-02', '2013-04-08', '2013-04-18', 0, 'Inactivo', 'Donec ut mauris eget massa tempor convallis.', 3, 4, 2);
insert into reservacion (idReservacion, fechaReservacion, fechaEntrada, fechaSalida, camaSupletoria, estado, observacion, noAdultos, noNinos, idCliente) values (134, '2016-09-26', '2016-10-03', '2016-10-13', 1, 'Inactivo', 'Quisque ut erat.', 3, 3, 70);
insert into reservacion (idReservacion, fechaReservacion, fechaEntrada, fechaSalida, camaSupletoria, estado, observacion, noAdultos, noNinos, idCliente) values (135, '2014-09-15', '2014-09-22', '2014-10-10', 1, 'Inactivo', 'Aliquam erat volutpat.', 4, 4, 13);
insert into reservacion (idReservacion, fechaReservacion, fechaEntrada, fechaSalida, camaSupletoria, estado, observacion, noAdultos, noNinos, idCliente) values (136, '2014-09-17', '2014-09-21', '2014-10-21', 0, 'Inactivo', 'Duis consequat dui nec nisi volutpat eleifend.', 3, 3, 52);
insert into reservacion (idReservacion, fechaReservacion, fechaEntrada, fechaSalida, camaSupletoria, estado, observacion, noAdultos, noNinos, idCliente) values (137, '2017-08-01', '2017-08-14', '2017-08-27', 0, 'Inactivo', 'Sed sagittis.', 4, 5, 87);
insert into reservacion (idReservacion, fechaReservacion, fechaEntrada, fechaSalida, camaSupletoria, estado, observacion, noAdultos, noNinos, idCliente) values (138, '2014-10-11', '2014-10-16', '2014-11-01', 0, 'Inactivo', 'Duis ac nibh.', 2, 2, 90);
insert into reservacion (idReservacion, fechaReservacion, fechaEntrada, fechaSalida, camaSupletoria, estado, observacion, noAdultos, noNinos, idCliente) values (139, '2016-04-19', '2016-04-27', '2016-05-11', 1, 'Inactivo', 'Integer ac leo.', 2, 4, 36);
insert into reservacion (idReservacion, fechaReservacion, fechaEntrada, fechaSalida, camaSupletoria, estado, observacion, noAdultos, noNinos, idCliente) values (140, '2013-06-21', '2013-07-03', '2013-07-15', 1, 'Inactivo', 'Nam tristique tortor eu pede.', 3, 6, 81);
insert into reservacion (idReservacion, fechaReservacion, fechaEntrada, fechaSalida, camaSupletoria, estado, observacion, noAdultos, noNinos, idCliente) values (141, '2017-03-18', '2017-03-21', '2017-03-29', 2, 'Inactivo', 'Nulla suscipit ligula in lacus.', 1, 2, 84);
insert into reservacion (idReservacion, fechaReservacion, fechaEntrada, fechaSalida, camaSupletoria, estado, observacion, noAdultos, noNinos, idCliente) values (142, '2018-03-21', '2018-03-22', '2018-04-11', 1, 'Inactivo', 'Nulla suscipit ligula in lacus.', 4, 1, 91);
insert into reservacion (idReservacion, fechaReservacion, fechaEntrada, fechaSalida, camaSupletoria, estado, observacion, noAdultos, noNinos, idCliente) values (143, '2015-03-15', '2015-03-25', '2015-04-08', 2, 'Inactivo', 'Donec posuere metus vitae ipsum.', 4, 1, 68);
insert into reservacion (idReservacion, fechaReservacion, fechaEntrada, fechaSalida, camaSupletoria, estado, observacion, noAdultos, noNinos, idCliente) values (144, '2017-10-21', '2017-10-23', '2017-11-15', 2, 'Inactivo', 'Morbi odio odio, elementum eu, interdum eu, tincidunt in, leo.', 3, 3, 70);
insert into reservacion (idReservacion, fechaReservacion, fechaEntrada, fechaSalida, camaSupletoria, estado, observacion, noAdultos, noNinos, idCliente) values (145, '2013-01-08', '2013-01-17', '2013-02-05', 1, 'Inactivo', 'In hac habitasse platea dictumst.', 4, 3, 66);
insert into reservacion (idReservacion, fechaReservacion, fechaEntrada, fechaSalida, camaSupletoria, estado, observacion, noAdultos, noNinos, idCliente) values (146, '2016-01-16', '2016-01-17', '2016-01-19', 0, 'Inactivo', 'Integer aliquet, massa id lobortis convallis, tortor risus dapibus augue, vel accumsan tellus nisi eu orci.', 1, 4, 82);
insert into reservacion (idReservacion, fechaReservacion, fechaEntrada, fechaSalida, camaSupletoria, estado, observacion, noAdultos, noNinos, idCliente) values (147, '2016-06-14', '2016-06-18', '2016-07-12', 0, 'Inactivo', 'Nam ultrices, libero non mattis pulvinar, nulla pede ullamcorper augue, a suscipit nulla elit ac nulla.', 4, 1, 6);
insert into reservacion (idReservacion, fechaReservacion, fechaEntrada, fechaSalida, camaSupletoria, estado, observacion, noAdultos, noNinos, idCliente) values (148, '2014-07-01', '2014-07-07', '2014-08-03', 0, 'Inactivo', 'Nunc nisl.', 1, 3, 23);
insert into reservacion (idReservacion, fechaReservacion, fechaEntrada, fechaSalida, camaSupletoria, estado, observacion, noAdultos, noNinos, idCliente) values (149, '2014-03-24', '2014-04-07', '2014-04-17', 2, 'Inactivo', 'Etiam justo.', 3, 6, 6);
insert into reservacion (idReservacion, fechaReservacion, fechaEntrada, fechaSalida, camaSupletoria, estado, observacion, noAdultos, noNinos, idCliente) values (150, '2015-08-17', '2015-08-29', '2015-09-10', 1, 'Inactivo', 'Nam ultrices, libero non mattis pulvinar, nulla pede ullamcorper augue, a suscipit nulla elit ac nulla.', 3, 4, 28);
insert into reservacion (idReservacion, fechaReservacion, fechaEntrada, fechaSalida, camaSupletoria, estado, observacion, noAdultos, noNinos, idCliente) values (151, '2014-04-06', '2014-04-14', '2014-05-03', 0, 'Inactivo', 'Etiam faucibus cursus urna.', 2, 6, 25);
insert into reservacion (idReservacion, fechaReservacion, fechaEntrada, fechaSalida, camaSupletoria, estado, observacion, noAdultos, noNinos, idCliente) values (152, '2018-02-15', '2018-02-24', '2018-03-12', 1, 'Inactivo', 'Fusce posuere felis sed lacus.', 3, 3, 50);
insert into reservacion (idReservacion, fechaReservacion, fechaEntrada, fechaSalida, camaSupletoria, estado, observacion, noAdultos, noNinos, idCliente) values (153, '2017-04-20', '2017-05-02', '2017-05-31', 1, 'Inactivo', 'Morbi quis tortor id nulla ultrices aliquet.', 1, 5, 61);
insert into reservacion (idReservacion, fechaReservacion, fechaEntrada, fechaSalida, camaSupletoria, estado, observacion, noAdultos, noNinos, idCliente) values (154, '2018-04-07', '2018-04-16', '2018-04-24', 1, 'Inactivo', 'Vivamus tortor.', 1, 5, 65);
insert into reservacion (idReservacion, fechaReservacion, fechaEntrada, fechaSalida, camaSupletoria, estado, observacion, noAdultos, noNinos, idCliente) values (155, '2016-02-03', '2016-02-09', '2016-02-11', 2, 'Inactivo', 'Duis bibendum, felis sed interdum venenatis, turpis enim blandit mi, in porttitor pede justo eu massa.', 1, 2, 37);
insert into reservacion (idReservacion, fechaReservacion, fechaEntrada, fechaSalida, camaSupletoria, estado, observacion, noAdultos, noNinos, idCliente) values (156, '2016-06-19', '2016-06-20', '2016-07-10', 0, 'Inactivo', 'Duis bibendum.', 3, 2, 64);
insert into reservacion (idReservacion, fechaReservacion, fechaEntrada, fechaSalida, camaSupletoria, estado, observacion, noAdultos, noNinos, idCliente) values (157, '2018-04-09', '2018-04-21', '2018-05-11', 1, 'Reservado', 'In sagittis dui vel nisl.', 4, 5, 33);
insert into reservacion (idReservacion, fechaReservacion, fechaEntrada, fechaSalida, camaSupletoria, estado, observacion, noAdultos, noNinos, idCliente) values (158, '2016-06-15', '2016-06-27', '2016-07-21', 1, 'Inactivo', 'Integer pede justo, lacinia eget, tincidunt eget, tempus vel, pede.', 1, 2, 2);
insert into reservacion (idReservacion, fechaReservacion, fechaEntrada, fechaSalida, camaSupletoria, estado, observacion, noAdultos, noNinos, idCliente) values (159, '2013-03-28', '2013-04-09', '2013-04-22', 2, 'Inactivo', 'Praesent lectus.', 3, 4, 14);
insert into reservacion (idReservacion, fechaReservacion, fechaEntrada, fechaSalida, camaSupletoria, estado, observacion, noAdultos, noNinos, idCliente) values (160, '2013-07-26', '2013-08-08', '2013-08-15', 2, 'Inactivo', 'Morbi non lectus.', 3, 5, 97);
insert into reservacion (idReservacion, fechaReservacion, fechaEntrada, fechaSalida, camaSupletoria, estado, observacion, noAdultos, noNinos, idCliente) values (161, '2013-01-04', '2013-01-13', '2013-01-30', 0, 'Inactivo', 'Mauris enim leo, rhoncus sed, vestibulum sit amet, cursus id, turpis.', 4, 4, 80);
insert into reservacion (idReservacion, fechaReservacion, fechaEntrada, fechaSalida, camaSupletoria, estado, observacion, noAdultos, noNinos, idCliente) values (162, '2013-05-04', '2013-05-10', '2013-05-28', 1, 'Inactivo', 'Suspendisse accumsan tortor quis turpis.', 2, 4, 56);
insert into reservacion (idReservacion, fechaReservacion, fechaEntrada, fechaSalida, camaSupletoria, estado, observacion, noAdultos, noNinos, idCliente) values (163, '2015-07-15', '2015-07-28', '2015-08-25', 1, 'Inactivo', 'Donec vitae nisi.', 1, 3, 6);
insert into reservacion (idReservacion, fechaReservacion, fechaEntrada, fechaSalida, camaSupletoria, estado, observacion, noAdultos, noNinos, idCliente) values (164, '2013-03-14', '2013-03-16', '2013-03-27', 0, 'Inactivo', 'Phasellus sit amet erat.', 1, 2, 72);
insert into reservacion (idReservacion, fechaReservacion, fechaEntrada, fechaSalida, camaSupletoria, estado, observacion, noAdultos, noNinos, idCliente) values (165, '2017-01-20', '2017-01-24', '2017-02-14', 1, 'Inactivo', 'Aliquam erat volutpat.', 4, 4, 56);
insert into reservacion (idReservacion, fechaReservacion, fechaEntrada, fechaSalida, camaSupletoria, estado, observacion, noAdultos, noNinos, idCliente) values (166, '2017-05-05', '2017-05-14', '2017-06-08', 2, 'Inactivo', 'Proin leo odio, porttitor id, consequat in, consequat ut, nulla.', 3, 5, 55);
insert into reservacion (idReservacion, fechaReservacion, fechaEntrada, fechaSalida, camaSupletoria, estado, observacion, noAdultos, noNinos, idCliente) values (167, '2017-07-27', '2017-08-08', '2017-09-05', 0, 'Inactivo', 'Lorem ipsum dolor sit amet, consectetuer adipiscing elit.', 2, 5, 75);
insert into reservacion (idReservacion, fechaReservacion, fechaEntrada, fechaSalida, camaSupletoria, estado, observacion, noAdultos, noNinos, idCliente) values (168, '2014-01-08', '2014-01-22', '2014-01-24', 1, 'Inactivo', 'Vestibulum sed magna at nunc commodo placerat.', 2, 1, 38);
insert into reservacion (idReservacion, fechaReservacion, fechaEntrada, fechaSalida, camaSupletoria, estado, observacion, noAdultos, noNinos, idCliente) values (169, '2015-03-15', '2015-03-27', '2015-04-17', 1, 'Inactivo', 'Cras in purus eu magna vulputate luctus.', 1, 2, 62);
insert into reservacion (idReservacion, fechaReservacion, fechaEntrada, fechaSalida, camaSupletoria, estado, observacion, noAdultos, noNinos, idCliente) values (170, '2015-05-28', '2015-05-31', '2015-06-25', 0, 'Inactivo', 'Praesent blandit.', 1, 2, 3);
insert into reservacion (idReservacion, fechaReservacion, fechaEntrada, fechaSalida, camaSupletoria, estado, observacion, noAdultos, noNinos, idCliente) values (171, '2017-06-27', '2017-07-01', '2017-07-27', 1, 'Inactivo', 'Morbi ut odio.', 3, 2, 54);
insert into reservacion (idReservacion, fechaReservacion, fechaEntrada, fechaSalida, camaSupletoria, estado, observacion, noAdultos, noNinos, idCliente) values (172, '2013-03-23', '2013-04-06', '2013-04-13', 2, 'Inactivo', 'Mauris ullamcorper purus sit amet nulla.', 3, 5, 51);
insert into reservacion (idReservacion, fechaReservacion, fechaEntrada, fechaSalida, camaSupletoria, estado, observacion, noAdultos, noNinos, idCliente) values (173, '2014-03-16', '2014-03-24', '2014-04-18', 2, 'Inactivo', 'Proin at turpis a pede posuere nonummy.', 1, 4, 70);
insert into reservacion (idReservacion, fechaReservacion, fechaEntrada, fechaSalida, camaSupletoria, estado, observacion, noAdultos, noNinos, idCliente) values (174, '2014-12-01', '2014-12-04', '2014-12-05', 2, 'Inactivo', 'Etiam pretium iaculis justo.', 4, 6, 2);
insert into reservacion (idReservacion, fechaReservacion, fechaEntrada, fechaSalida, camaSupletoria, estado, observacion, noAdultos, noNinos, idCliente) values (175, '2015-08-12', '2015-08-15', '2015-09-05', 0, 'Inactivo', 'In blandit ultrices enim.', 4, 5, 93);
insert into reservacion (idReservacion, fechaReservacion, fechaEntrada, fechaSalida, camaSupletoria, estado, observacion, noAdultos, noNinos, idCliente) values (176, '2013-06-14', '2013-06-28', '2013-07-07', 1, 'Inactivo', 'Praesent blandit lacinia erat.', 1, 4, 9);
insert into reservacion (idReservacion, fechaReservacion, fechaEntrada, fechaSalida, camaSupletoria, estado, observacion, noAdultos, noNinos, idCliente) values (177, '2015-11-11', '2015-11-25', '2015-12-23', 1, 'Inactivo', 'Etiam faucibus cursus urna.', 1, 3, 84);
insert into reservacion (idReservacion, fechaReservacion, fechaEntrada, fechaSalida, camaSupletoria, estado, observacion, noAdultos, noNinos, idCliente) values (178, '2016-10-14', '2016-10-19', '2016-11-16', 1, 'Inactivo', 'Nullam sit amet turpis elementum ligula vehicula consequat.', 4, 1, 56);
insert into reservacion (idReservacion, fechaReservacion, fechaEntrada, fechaSalida, camaSupletoria, estado, observacion, noAdultos, noNinos, idCliente) values (179, '2014-07-21', '2014-07-27', '2014-08-22', 2, 'Inactivo', 'Donec ut dolor.', 1, 2, 94);
insert into reservacion (idReservacion, fechaReservacion, fechaEntrada, fechaSalida, camaSupletoria, estado, observacion, noAdultos, noNinos, idCliente) values (180, '2013-06-29', '2013-07-09', '2013-07-13', 1, 'Inactivo', 'Praesent blandit.', 1, 5, 62);
insert into reservacion (idReservacion, fechaReservacion, fechaEntrada, fechaSalida, camaSupletoria, estado, observacion, noAdultos, noNinos, idCliente) values (181, '2014-06-08', '2014-06-15', '2014-07-13', 2, 'Inactivo', 'Donec diam neque, vestibulum eget, vulputate ut, ultrices vel, augue.', 1, 2, 33);
insert into reservacion (idReservacion, fechaReservacion, fechaEntrada, fechaSalida, camaSupletoria, estado, observacion, noAdultos, noNinos, idCliente) values (182, '2015-02-09', '2015-02-12', '2015-02-25', 0, 'Inactivo', 'Vestibulum rutrum rutrum neque.', 3, 6, 25);
insert into reservacion (idReservacion, fechaReservacion, fechaEntrada, fechaSalida, camaSupletoria, estado, observacion, noAdultos, noNinos, idCliente) values (183, '2017-04-16', '2017-04-30', '2017-05-29', 0, 'Inactivo', 'Vestibulum rutrum rutrum neque.', 3, 5, 4);
insert into reservacion (idReservacion, fechaReservacion, fechaEntrada, fechaSalida, camaSupletoria, estado, observacion, noAdultos, noNinos, idCliente) values (184, '2014-03-04', '2014-03-08', '2014-03-17', 0, 'Inactivo', 'Nulla tempus.', 2, 2, 71);
insert into reservacion (idReservacion, fechaReservacion, fechaEntrada, fechaSalida, camaSupletoria, estado, observacion, noAdultos, noNinos, idCliente) values (185, '2014-04-20', '2014-04-21', '2014-04-24', 2, 'Inactivo', 'Pellentesque ultrices mattis odio.', 2, 2, 91);
insert into reservacion (idReservacion, fechaReservacion, fechaEntrada, fechaSalida, camaSupletoria, estado, observacion, noAdultos, noNinos, idCliente) values (186, '2013-06-09', '2013-06-15', '2013-07-12', 0, 'Inactivo', 'Morbi odio odio, elementum eu, interdum eu, tincidunt in, leo.', 1, 4, 79);
insert into reservacion (idReservacion, fechaReservacion, fechaEntrada, fechaSalida, camaSupletoria, estado, observacion, noAdultos, noNinos, idCliente) values (187, '2017-02-03', '2017-02-12', '2017-02-16', 1, 'Inactivo', 'Fusce lacus purus, aliquet at, feugiat non, pretium quis, lectus.', 1, 5, 90);
insert into reservacion (idReservacion, fechaReservacion, fechaEntrada, fechaSalida, camaSupletoria, estado, observacion, noAdultos, noNinos, idCliente) values (188, '2015-01-23', '2015-02-06', '2015-02-07', 0, 'Inactivo', 'Integer ac neque.', 4, 3, 10);
insert into reservacion (idReservacion, fechaReservacion, fechaEntrada, fechaSalida, camaSupletoria, estado, observacion, noAdultos, noNinos, idCliente) values (189, '2017-06-24', '2017-06-27', '2017-07-19', 1, 'Inactivo', 'Morbi ut odio.', 4, 3, 19);
insert into reservacion (idReservacion, fechaReservacion, fechaEntrada, fechaSalida, camaSupletoria, estado, observacion, noAdultos, noNinos, idCliente) values (190, '2018-02-11', '2018-02-24', '2018-02-28', 2, 'Inactivo', 'Vivamus vel nulla eget eros elementum pellentesque.', 3, 4, 4);
insert into reservacion (idReservacion, fechaReservacion, fechaEntrada, fechaSalida, camaSupletoria, estado, observacion, noAdultos, noNinos, idCliente) values (191, '2013-05-24', '2013-06-05', '2013-06-12', 2, 'Inactivo', 'Donec quis orci eget orci vehicula condimentum.', 4, 5, 65);
insert into reservacion (idReservacion, fechaReservacion, fechaEntrada, fechaSalida, camaSupletoria, estado, observacion, noAdultos, noNinos, idCliente) values (192, '2015-05-18', '2015-05-31', '2015-06-08', 1, 'Inactivo', 'Proin eu mi.', 1, 1, 83);
insert into reservacion (idReservacion, fechaReservacion, fechaEntrada, fechaSalida, camaSupletoria, estado, observacion, noAdultos, noNinos, idCliente) values (193, '2017-02-17', '2017-02-18', '2017-03-03', 2, 'Inactivo', 'Donec semper sapien a libero.', 2, 6, 77);
insert into reservacion (idReservacion, fechaReservacion, fechaEntrada, fechaSalida, camaSupletoria, estado, observacion, noAdultos, noNinos, idCliente) values (194, '2017-08-24', '2017-08-28', '2017-09-25', 2, 'Inactivo', 'Donec posuere metus vitae ipsum.', 4, 3, 51);
insert into reservacion (idReservacion, fechaReservacion, fechaEntrada, fechaSalida, camaSupletoria, estado, observacion, noAdultos, noNinos, idCliente) values (195, '2016-12-10', '2016-12-20', '2017-01-05', 1, 'Inactivo', 'Mauris lacinia sapien quis libero.', 1, 5, 75);
insert into reservacion (idReservacion, fechaReservacion, fechaEntrada, fechaSalida, camaSupletoria, estado, observacion, noAdultos, noNinos, idCliente) values (196, '2017-12-17', '2017-12-31', '2018-01-10', 0, 'Inactivo', 'Curabitur in libero ut massa volutpat convallis.', 4, 2, 56);
insert into reservacion (idReservacion, fechaReservacion, fechaEntrada, fechaSalida, camaSupletoria, estado, observacion, noAdultos, noNinos, idCliente) values (197, '2016-09-12', '2016-09-19', '2016-10-15', 0, 'Inactivo', 'Fusce posuere felis sed lacus.', 3, 3, 88);
insert into reservacion (idReservacion, fechaReservacion, fechaEntrada, fechaSalida, camaSupletoria, estado, observacion, noAdultos, noNinos, idCliente) values (198, '2016-05-24', '2016-05-27', '2016-06-18', 2, 'Inactivo', 'Donec vitae nisi.', 2, 5, 4);
insert into reservacion (idReservacion, fechaReservacion, fechaEntrada, fechaSalida, camaSupletoria, estado, observacion, noAdultos, noNinos, idCliente) values (199, '2013-12-13', '2013-12-24', '2014-01-09', 1, 'Inactivo', 'Duis consequat dui nec nisi volutpat eleifend.', 3, 2, 20);
insert into reservacion (idReservacion, fechaReservacion, fechaEntrada, fechaSalida, camaSupletoria, estado, observacion, noAdultos, noNinos, idCliente) values (200, '2017-08-23', '2017-09-03', '2017-09-27', 2, 'Inactivo', 'Quisque id justo sit amet sapien dignissim vestibulum.', 1, 2, 65);


-- -----------------------------------------------------
-- 150 Inserts de tabla detalleFactura 
-- -----------------------------------------------------
insert into detallefactura (idDetalleFactura, cantidad, descripcionReser, idFactura, idProducto, idPedido, idReservacion) values (1, 3, 'Fusce congue, diam id ornare imperdiet, sapien urna pretium nisl, ut volutpat sapien arcu sed augue.', 1, 81, null, 1);
insert into detallefactura (idDetalleFactura, cantidad, descripcionReser, idFactura, idProducto, idPedido, idReservacion) values (2, 2, 'Quisque arcu libero, rutrum ac, lobortis vel, dapibus at, diam.', 2, null, null, 2);
insert into detallefactura (idDetalleFactura, cantidad, descripcionReser, idFactura, idProducto, idPedido, idReservacion) values (3, 3, 'Lorem ipsum dolor sit amet, consectetuer adipiscing elit.', 3, 16, null, 3);
insert into detallefactura (idDetalleFactura, cantidad, descripcionReser, idFactura, idProducto, idPedido, idReservacion) values (4, 3, 'Vivamus in felis eu sapien cursus vestibulum.', 4, 83, 172, 4);
insert into detallefactura (idDetalleFactura, cantidad, descripcionReser, idFactura, idProducto, idPedido, idReservacion) values (5, 4, 'Morbi a ipsum.', 5, null, null, null);
insert into detallefactura (idDetalleFactura, cantidad, descripcionReser, idFactura, idProducto, idPedido, idReservacion) values (6, 3, 'Praesent blandit lacinia erat.', 6, null, null, 6);
insert into detallefactura (idDetalleFactura, cantidad, descripcionReser, idFactura, idProducto, idPedido, idReservacion) values (7, 4, 'Pellentesque eget nunc.', 7, null, null, 7);
insert into detallefactura (idDetalleFactura, cantidad, descripcionReser, idFactura, idProducto, idPedido, idReservacion) values (8, 3, 'Nulla ut erat id mauris vulputate elementum.', 8, 81, 196, 8);
insert into detallefactura (idDetalleFactura, cantidad, descripcionReser, idFactura, idProducto, idPedido, idReservacion) values (9, 3, 'Vivamus vestibulum sagittis sapien.', 9, 91, 108, 9);
insert into detallefactura (idDetalleFactura, cantidad, descripcionReser, idFactura, idProducto, idPedido, idReservacion) values (10, 2, 'In eleifend quam a odio.', 10, null, 190, 10);
insert into detallefactura (idDetalleFactura, cantidad, descripcionReser, idFactura, idProducto, idPedido, idReservacion) values (11, 3, 'Duis mattis egestas metus.', 11, 21, null, 11);
insert into detallefactura (idDetalleFactura, cantidad, descripcionReser, idFactura, idProducto, idPedido, idReservacion) values (12, 1, 'Etiam pretium iaculis justo.', 12, 42, 145, 12);
insert into detallefactura (idDetalleFactura, cantidad, descripcionReser, idFactura, idProducto, idPedido, idReservacion) values (13, 4, 'Maecenas rhoncus aliquam lacus.', 13, null, 102, 13);
insert into detallefactura (idDetalleFactura, cantidad, descripcionReser, idFactura, idProducto, idPedido, idReservacion) values (14, 1, 'Aenean sit amet justo.', 14, null, null, 14);
insert into detallefactura (idDetalleFactura, cantidad, descripcionReser, idFactura, idProducto, idPedido, idReservacion) values (15, 3, 'Vestibulum ante ipsum primis in faucibus orci luctus et ultrices posuere cubilia Curae; Mauris viverra diam vitae quam.', 15, null, null, 15);
insert into detallefactura (idDetalleFactura, cantidad, descripcionReser, idFactura, idProducto, idPedido, idReservacion) values (16, 3, 'Vestibulum ante ipsum primis in faucibus orci luctus et ultrices posuere cubilia Curae; Donec pharetra, magna vestibulum aliquet ultrices, erat tortor sollicitudin mi, sit amet lobortis sapien sapien non mi.', 16, null, null, 16);
insert into detallefactura (idDetalleFactura, cantidad, descripcionReser, idFactura, idProducto, idPedido, idReservacion) values (17, 1, 'Duis aliquam convallis nunc.', 17, null, null, 17);
insert into detallefactura (idDetalleFactura, cantidad, descripcionReser, idFactura, idProducto, idPedido, idReservacion) values (18, 1, 'Praesent blandit lacinia erat.', 18, null, null, 18);
insert into detallefactura (idDetalleFactura, cantidad, descripcionReser, idFactura, idProducto, idPedido, idReservacion) values (19, 2, 'Fusce posuere felis sed lacus.', 19, null, null, 19);
insert into detallefactura (idDetalleFactura, cantidad, descripcionReser, idFactura, idProducto, idPedido, idReservacion) values (20, 3, 'Integer ac leo.', 20, null, null, 20);
insert into detallefactura (idDetalleFactura, cantidad, descripcionReser, idFactura, idProducto, idPedido, idReservacion) values (21, 1, 'Etiam faucibus cursus urna.', 21, null, 169, 21);
insert into detallefactura (idDetalleFactura, cantidad, descripcionReser, idFactura, idProducto, idPedido, idReservacion) values (22, 4, 'Integer ac leo.', 22, null, 50, 22);
insert into detallefactura (idDetalleFactura, cantidad, descripcionReser, idFactura, idProducto, idPedido, idReservacion) values (23, 3, 'Sed vel enim sit amet nunc viverra dapibus.', 23, null, 96, 23);
insert into detallefactura (idDetalleFactura, cantidad, descripcionReser, idFactura, idProducto, idPedido, idReservacion) values (24, 3, 'Aliquam sit amet diam in magna bibendum imperdiet.', 24, 6, 13, 24);
insert into detallefactura (idDetalleFactura, cantidad, descripcionReser, idFactura, idProducto, idPedido, idReservacion) values (25, 2, 'Donec ut mauris eget massa tempor convallis.', 25, null, null, 25);
insert into detallefactura (idDetalleFactura, cantidad, descripcionReser, idFactura, idProducto, idPedido, idReservacion) values (26, 4, 'Duis aliquam convallis nunc.', 26, 76, null, 26);
insert into detallefactura (idDetalleFactura, cantidad, descripcionReser, idFactura, idProducto, idPedido, idReservacion) values (27, 4, 'Integer aliquet, massa id lobortis convallis, tortor risus dapibus augue, vel accumsan tellus nisi eu orci.', 27, 39, null, 27);
insert into detallefactura (idDetalleFactura, cantidad, descripcionReser, idFactura, idProducto, idPedido, idReservacion) values (28, 2, 'Cras pellentesque volutpat dui.', 28, 49, null, 28);
insert into detallefactura (idDetalleFactura, cantidad, descripcionReser, idFactura, idProducto, idPedido, idReservacion) values (29, 4, 'Quisque id justo sit amet sapien dignissim vestibulum.', 29, 7, 6, 29);
insert into detallefactura (idDetalleFactura, cantidad, descripcionReser, idFactura, idProducto, idPedido, idReservacion) values (30, 3, 'Maecenas tincidunt lacus at velit.', 30, null, null, null);
insert into detallefactura (idDetalleFactura, cantidad, descripcionReser, idFactura, idProducto, idPedido, idReservacion) values (31, 2, 'Lorem ipsum dolor sit amet, consectetuer adipiscing elit.', 31, null, null, 31);
insert into detallefactura (idDetalleFactura, cantidad, descripcionReser, idFactura, idProducto, idPedido, idReservacion) values (32, 3, 'Duis aliquam convallis nunc.', 32, null, 156, 32);
insert into detallefactura (idDetalleFactura, cantidad, descripcionReser, idFactura, idProducto, idPedido, idReservacion) values (33, 2, 'In tempor, turpis nec euismod scelerisque, quam turpis adipiscing lorem, vitae mattis nibh ligula nec sem.', 33, null, 20, 33);
insert into detallefactura (idDetalleFactura, cantidad, descripcionReser, idFactura, idProducto, idPedido, idReservacion) values (34, 1, 'Mauris sit amet eros.', 34, null, null, 34);
insert into detallefactura (idDetalleFactura, cantidad, descripcionReser, idFactura, idProducto, idPedido, idReservacion) values (35, 3, 'Etiam vel augue.', 35, null, null, 35);
insert into detallefactura (idDetalleFactura, cantidad, descripcionReser, idFactura, idProducto, idPedido, idReservacion) values (36, 3, 'Quisque ut erat.', 36, null, null, 36);
insert into detallefactura (idDetalleFactura, cantidad, descripcionReser, idFactura, idProducto, idPedido, idReservacion) values (37, 3, 'Morbi non quam nec dui luctus rutrum.', 37, null, 32, 37);
insert into detallefactura (idDetalleFactura, cantidad, descripcionReser, idFactura, idProducto, idPedido, idReservacion) values (38, 3, 'Integer ac leo.', 38, null, 18, null);
insert into detallefactura (idDetalleFactura, cantidad, descripcionReser, idFactura, idProducto, idPedido, idReservacion) values (39, 4, 'In est risus, auctor sed, tristique in, tempus sit amet, sem.', 39, null, 147, 39);
insert into detallefactura (idDetalleFactura, cantidad, descripcionReser, idFactura, idProducto, idPedido, idReservacion) values (40, 2, 'Morbi quis tortor id nulla ultrices aliquet.', 40, null, null, 40);
insert into detallefactura (idDetalleFactura, cantidad, descripcionReser, idFactura, idProducto, idPedido, idReservacion) values (41, 4, 'Maecenas ut massa quis augue luctus tincidunt.', 41, null, null, 41);
insert into detallefactura (idDetalleFactura, cantidad, descripcionReser, idFactura, idProducto, idPedido, idReservacion) values (42, 2, 'Ut tellus.', 42, 99, null, 42);
insert into detallefactura (idDetalleFactura, cantidad, descripcionReser, idFactura, idProducto, idPedido, idReservacion) values (43, 4, 'Maecenas tincidunt lacus at velit.', 43, null, null, 43);
insert into detallefactura (idDetalleFactura, cantidad, descripcionReser, idFactura, idProducto, idPedido, idReservacion) values (44, 2, 'Ut tellus.', 44, null, null, 44);
insert into detallefactura (idDetalleFactura, cantidad, descripcionReser, idFactura, idProducto, idPedido, idReservacion) values (45, 4, 'Praesent id massa id nisl venenatis lacinia.', 45, null, null, 45);
insert into detallefactura (idDetalleFactura, cantidad, descripcionReser, idFactura, idProducto, idPedido, idReservacion) values (46, 3, 'Morbi ut odio.', 46, null, null, 46);
insert into detallefactura (idDetalleFactura, cantidad, descripcionReser, idFactura, idProducto, idPedido, idReservacion) values (47, 2, 'Vestibulum quam sapien, varius ut, blandit non, interdum in, ante.', 47, null, null, 47);
insert into detallefactura (idDetalleFactura, cantidad, descripcionReser, idFactura, idProducto, idPedido, idReservacion) values (48, 4, 'Nulla tellus.', 48, null, null, 48);
insert into detallefactura (idDetalleFactura, cantidad, descripcionReser, idFactura, idProducto, idPedido, idReservacion) values (49, 3, 'Duis consequat dui nec nisi volutpat eleifend.', 49, null, 164, 49);
insert into detallefactura (idDetalleFactura, cantidad, descripcionReser, idFactura, idProducto, idPedido, idReservacion) values (50, 2, 'Donec diam neque, vestibulum eget, vulputate ut, ultrices vel, augue.', 50, null, 146, 50);
insert into detallefactura (idDetalleFactura, cantidad, descripcionReser, idFactura, idProducto, idPedido, idReservacion) values (51, 2, 'Praesent lectus.', 51, null, 60, 51);
insert into detallefactura (idDetalleFactura, cantidad, descripcionReser, idFactura, idProducto, idPedido, idReservacion) values (52, 3, 'Cras non velit nec nisi vulputate nonummy.', 52, null, null, 52);
insert into detallefactura (idDetalleFactura, cantidad, descripcionReser, idFactura, idProducto, idPedido, idReservacion) values (53, 1, 'Nam ultrices, libero non mattis pulvinar, nulla pede ullamcorper augue, a suscipit nulla elit ac nulla.', 53, 16, 127, 53);
insert into detallefactura (idDetalleFactura, cantidad, descripcionReser, idFactura, idProducto, idPedido, idReservacion) values (54, 4, 'Cras mi pede, malesuada in, imperdiet et, commodo vulputate, justo.', 54, 100, null, 54);
insert into detallefactura (idDetalleFactura, cantidad, descripcionReser, idFactura, idProducto, idPedido, idReservacion) values (55, 2, 'Nulla neque libero, convallis eget, eleifend luctus, ultricies eu, nibh.', 55, 4, null, 55);
insert into detallefactura (idDetalleFactura, cantidad, descripcionReser, idFactura, idProducto, idPedido, idReservacion) values (56, 4, 'Duis mattis egestas metus.', 56, null, 123, 56);
insert into detallefactura (idDetalleFactura, cantidad, descripcionReser, idFactura, idProducto, idPedido, idReservacion) values (57, 2, 'Cras mi pede, malesuada in, imperdiet et, commodo vulputate, justo.', 57, null, 14, null);
insert into detallefactura (idDetalleFactura, cantidad, descripcionReser, idFactura, idProducto, idPedido, idReservacion) values (58, 1, 'Vivamus vestibulum sagittis sapien.', 58, null, 165, 58);
insert into detallefactura (idDetalleFactura, cantidad, descripcionReser, idFactura, idProducto, idPedido, idReservacion) values (59, 2, 'Proin risus.', 59, 28, null, 59);
insert into detallefactura (idDetalleFactura, cantidad, descripcionReser, idFactura, idProducto, idPedido, idReservacion) values (60, 2, 'Nulla mollis molestie lorem.', 60, 80, 32, 60);
insert into detallefactura (idDetalleFactura, cantidad, descripcionReser, idFactura, idProducto, idPedido, idReservacion) values (61, 2, 'Aliquam non mauris.', 61, null, null, 61);
insert into detallefactura (idDetalleFactura, cantidad, descripcionReser, idFactura, idProducto, idPedido, idReservacion) values (62, 3, 'Aliquam sit amet diam in magna bibendum imperdiet.', 62, null, null, 62);
insert into detallefactura (idDetalleFactura, cantidad, descripcionReser, idFactura, idProducto, idPedido, idReservacion) values (63, 4, 'Quisque ut erat.', 63, 98, null, 63);
insert into detallefactura (idDetalleFactura, cantidad, descripcionReser, idFactura, idProducto, idPedido, idReservacion) values (64, 1, 'Morbi porttitor lorem id ligula.', 64, null, 138, 64);
insert into detallefactura (idDetalleFactura, cantidad, descripcionReser, idFactura, idProducto, idPedido, idReservacion) values (65, 3, 'Nulla tempus.', 65, 28, 47, 65);
insert into detallefactura (idDetalleFactura, cantidad, descripcionReser, idFactura, idProducto, idPedido, idReservacion) values (66, 3, 'In est risus, auctor sed, tristique in, tempus sit amet, sem.', 66, null, null, 66);
insert into detallefactura (idDetalleFactura, cantidad, descripcionReser, idFactura, idProducto, idPedido, idReservacion) values (67, 3, 'Curabitur convallis.', 67, null, null, 67);
insert into detallefactura (idDetalleFactura, cantidad, descripcionReser, idFactura, idProducto, idPedido, idReservacion) values (68, 3, 'Cras non velit nec nisi vulputate nonummy.', 68, null, null, 68);
insert into detallefactura (idDetalleFactura, cantidad, descripcionReser, idFactura, idProducto, idPedido, idReservacion) values (69, 4, 'Aenean auctor gravida sem.', 69, null, 103, 69);
insert into detallefactura (idDetalleFactura, cantidad, descripcionReser, idFactura, idProducto, idPedido, idReservacion) values (70, 2, 'Fusce lacus purus, aliquet at, feugiat non, pretium quis, lectus.', 70, null, 179, 70);
insert into detallefactura (idDetalleFactura, cantidad, descripcionReser, idFactura, idProducto, idPedido, idReservacion) values (71, 3, 'Mauris ullamcorper purus sit amet nulla.', 71, null, 95, 71);
insert into detallefactura (idDetalleFactura, cantidad, descripcionReser, idFactura, idProducto, idPedido, idReservacion) values (72, 4, 'Pellentesque at nulla.', 72, null, 48, 72);
insert into detallefactura (idDetalleFactura, cantidad, descripcionReser, idFactura, idProducto, idPedido, idReservacion) values (73, 3, 'Sed accumsan felis.', 73, null, 39, 73);
insert into detallefactura (idDetalleFactura, cantidad, descripcionReser, idFactura, idProducto, idPedido, idReservacion) values (74, 4, 'Duis bibendum, felis sed interdum venenatis, turpis enim blandit mi, in porttitor pede justo eu massa.', 74, 42, 144, 74);
insert into detallefactura (idDetalleFactura, cantidad, descripcionReser, idFactura, idProducto, idPedido, idReservacion) values (75, 3, 'Praesent blandit lacinia erat.', 75, 36, 146, 75);
insert into detallefactura (idDetalleFactura, cantidad, descripcionReser, idFactura, idProducto, idPedido, idReservacion) values (76, 4, 'Quisque ut erat.', 76, 52, null, 76);
insert into detallefactura (idDetalleFactura, cantidad, descripcionReser, idFactura, idProducto, idPedido, idReservacion) values (77, 1, 'Morbi vel lectus in quam fringilla rhoncus.', 77, null, null, 77);
insert into detallefactura (idDetalleFactura, cantidad, descripcionReser, idFactura, idProducto, idPedido, idReservacion) values (78, 3, 'Nam tristique tortor eu pede.', 78, null, null, 78);
insert into detallefactura (idDetalleFactura, cantidad, descripcionReser, idFactura, idProducto, idPedido, idReservacion) values (79, 4, 'Nullam porttitor lacus at turpis.', 79, 100, 83, 79);
insert into detallefactura (idDetalleFactura, cantidad, descripcionReser, idFactura, idProducto, idPedido, idReservacion) values (80, 2, 'Maecenas ut massa quis augue luctus tincidunt.', 80, null, null, 80);
insert into detallefactura (idDetalleFactura, cantidad, descripcionReser, idFactura, idProducto, idPedido, idReservacion) values (81, 2, 'Maecenas rhoncus aliquam lacus.', 81, 91, null, 81);
insert into detallefactura (idDetalleFactura, cantidad, descripcionReser, idFactura, idProducto, idPedido, idReservacion) values (82, 4, 'Suspendisse potenti.', 82, null, null, 82);
insert into detallefactura (idDetalleFactura, cantidad, descripcionReser, idFactura, idProducto, idPedido, idReservacion) values (83, 1, 'Nam dui.', 83, null, 4, 83);
insert into detallefactura (idDetalleFactura, cantidad, descripcionReser, idFactura, idProducto, idPedido, idReservacion) values (84, 1, 'Nunc rhoncus dui vel sem.', 84, null, 105, 84);
insert into detallefactura (idDetalleFactura, cantidad, descripcionReser, idFactura, idProducto, idPedido, idReservacion) values (85, 3, 'Morbi non lectus.', 85, null, null, 85);
insert into detallefactura (idDetalleFactura, cantidad, descripcionReser, idFactura, idProducto, idPedido, idReservacion) values (86, 1, 'Praesent lectus.', 86, null, 87, 86);
insert into detallefactura (idDetalleFactura, cantidad, descripcionReser, idFactura, idProducto, idPedido, idReservacion) values (87, 1, 'Donec odio justo, sollicitudin ut, suscipit a, feugiat et, eros.', 87, null, 193, 87);
insert into detallefactura (idDetalleFactura, cantidad, descripcionReser, idFactura, idProducto, idPedido, idReservacion) values (88, 4, 'Morbi a ipsum.', 88, null, 41, 88);
insert into detallefactura (idDetalleFactura, cantidad, descripcionReser, idFactura, idProducto, idPedido, idReservacion) values (89, 1, 'Nulla ac enim.', 89, null, 116, 89);
insert into detallefactura (idDetalleFactura, cantidad, descripcionReser, idFactura, idProducto, idPedido, idReservacion) values (90, 2, 'Pellentesque viverra pede ac diam.', 90, 87, 40, 90);
insert into detallefactura (idDetalleFactura, cantidad, descripcionReser, idFactura, idProducto, idPedido, idReservacion) values (91, 3, 'Nulla tellus.', 91, null, 178, 91);
insert into detallefactura (idDetalleFactura, cantidad, descripcionReser, idFactura, idProducto, idPedido, idReservacion) values (92, 1, 'Aliquam augue quam, sollicitudin vitae, consectetuer eget, rutrum at, lorem.', 92, null, null, 92);
insert into detallefactura (idDetalleFactura, cantidad, descripcionReser, idFactura, idProducto, idPedido, idReservacion) values (93, 4, 'Aenean auctor gravida sem.', 93, null, 196, 93);
insert into detallefactura (idDetalleFactura, cantidad, descripcionReser, idFactura, idProducto, idPedido, idReservacion) values (94, 1, 'Pellentesque at nulla.', 94, null, null, 94);
insert into detallefactura (idDetalleFactura, cantidad, descripcionReser, idFactura, idProducto, idPedido, idReservacion) values (95, 2, 'Etiam justo.', 95, null, null, null);
insert into detallefactura (idDetalleFactura, cantidad, descripcionReser, idFactura, idProducto, idPedido, idReservacion) values (96, 3, 'Mauris enim leo, rhoncus sed, vestibulum sit amet, cursus id, turpis.', 96, 28, 94, 96);
insert into detallefactura (idDetalleFactura, cantidad, descripcionReser, idFactura, idProducto, idPedido, idReservacion) values (97, 4, 'Pellentesque at nulla.', 97, null, 110, 97);
insert into detallefactura (idDetalleFactura, cantidad, descripcionReser, idFactura, idProducto, idPedido, idReservacion) values (98, 1, 'Sed vel enim sit amet nunc viverra dapibus.', 98, null, null, 98);
insert into detallefactura (idDetalleFactura, cantidad, descripcionReser, idFactura, idProducto, idPedido, idReservacion) values (99, 2, 'Mauris enim leo, rhoncus sed, vestibulum sit amet, cursus id, turpis.', 99, 24, null, 99);
insert into detallefactura (idDetalleFactura, cantidad, descripcionReser, idFactura, idProducto, idPedido, idReservacion) values (100, 1, 'Nullam sit amet turpis elementum ligula vehicula consequat.', 100, null, 6, 100);
insert into detallefactura (idDetalleFactura, cantidad, descripcionReser, idFactura, idProducto, idPedido, idReservacion) values (101, 4, 'Aenean auctor gravida sem.', 101, null, null, null);
insert into detallefactura (idDetalleFactura, cantidad, descripcionReser, idFactura, idProducto, idPedido, idReservacion) values (102, 2, 'Donec ut dolor.', 102, null, 147, 102);
insert into detallefactura (idDetalleFactura, cantidad, descripcionReser, idFactura, idProducto, idPedido, idReservacion) values (103, 3, 'Vestibulum ante ipsum primis in faucibus orci luctus et ultrices posuere cubilia Curae; Nulla dapibus dolor vel est.', 103, null, 32, null);
insert into detallefactura (idDetalleFactura, cantidad, descripcionReser, idFactura, idProducto, idPedido, idReservacion) values (104, 3, 'Sed vel enim sit amet nunc viverra dapibus.', 104, null, 141, null);
insert into detallefactura (idDetalleFactura, cantidad, descripcionReser, idFactura, idProducto, idPedido, idReservacion) values (105, 2, 'Integer aliquet, massa id lobortis convallis, tortor risus dapibus augue, vel accumsan tellus nisi eu orci.', 105, null, null, 105);
insert into detallefactura (idDetalleFactura, cantidad, descripcionReser, idFactura, idProducto, idPedido, idReservacion) values (106, 3, 'Donec ut dolor.', 106, null, null, null);
insert into detallefactura (idDetalleFactura, cantidad, descripcionReser, idFactura, idProducto, idPedido, idReservacion) values (107, 2, 'Quisque id justo sit amet sapien dignissim vestibulum.', 107, null, 114, 107);
insert into detallefactura (idDetalleFactura, cantidad, descripcionReser, idFactura, idProducto, idPedido, idReservacion) values (108, 4, 'Suspendisse potenti.', 108, null, null, 108);
insert into detallefactura (idDetalleFactura, cantidad, descripcionReser, idFactura, idProducto, idPedido, idReservacion) values (109, 1, 'Nullam porttitor lacus at turpis.', 109, 82, 177, 109);
insert into detallefactura (idDetalleFactura, cantidad, descripcionReser, idFactura, idProducto, idPedido, idReservacion) values (110, 2, 'Ut at dolor quis odio consequat varius.', 110, null, null, 110);
insert into detallefactura (idDetalleFactura, cantidad, descripcionReser, idFactura, idProducto, idPedido, idReservacion) values (111, 3, 'Donec quis orci eget orci vehicula condimentum.', 111, null, 112, 111);
insert into detallefactura (idDetalleFactura, cantidad, descripcionReser, idFactura, idProducto, idPedido, idReservacion) values (112, 2, 'Nulla ac enim.', 112, null, 115, 112);
insert into detallefactura (idDetalleFactura, cantidad, descripcionReser, idFactura, idProducto, idPedido, idReservacion) values (113, 3, 'Vivamus in felis eu sapien cursus vestibulum.', 113, null, null, null);
insert into detallefactura (idDetalleFactura, cantidad, descripcionReser, idFactura, idProducto, idPedido, idReservacion) values (114, 1, 'Quisque id justo sit amet sapien dignissim vestibulum.', 114, null, 14, 114);
insert into detallefactura (idDetalleFactura, cantidad, descripcionReser, idFactura, idProducto, idPedido, idReservacion) values (115, 3, 'Praesent lectus.', 115, null, null, 115);
insert into detallefactura (idDetalleFactura, cantidad, descripcionReser, idFactura, idProducto, idPedido, idReservacion) values (116, 4, 'Suspendisse potenti.', 116, null, 175, 116);
insert into detallefactura (idDetalleFactura, cantidad, descripcionReser, idFactura, idProducto, idPedido, idReservacion) values (117, 4, 'Quisque id justo sit amet sapien dignissim vestibulum.', 117, null, null, 117);
insert into detallefactura (idDetalleFactura, cantidad, descripcionReser, idFactura, idProducto, idPedido, idReservacion) values (118, 1, 'Proin interdum mauris non ligula pellentesque ultrices.', 118, null, null, null);
insert into detallefactura (idDetalleFactura, cantidad, descripcionReser, idFactura, idProducto, idPedido, idReservacion) values (119, 4, 'In sagittis dui vel nisl.', 119, 84, 119, 119);
insert into detallefactura (idDetalleFactura, cantidad, descripcionReser, idFactura, idProducto, idPedido, idReservacion) values (120, 1, 'In tempor, turpis nec euismod scelerisque, quam turpis adipiscing lorem, vitae mattis nibh ligula nec sem.', 120, 60, 26, 120);
insert into detallefactura (idDetalleFactura, cantidad, descripcionReser, idFactura, idProducto, idPedido, idReservacion) values (121, 3, 'Quisque erat eros, viverra eget, congue eget, semper rutrum, nulla.', 121, null, null, 121);
insert into detallefactura (idDetalleFactura, cantidad, descripcionReser, idFactura, idProducto, idPedido, idReservacion) values (122, 4, 'Aliquam non mauris.', 122, null, null, 122);
insert into detallefactura (idDetalleFactura, cantidad, descripcionReser, idFactura, idProducto, idPedido, idReservacion) values (123, 4, 'Etiam vel augue.', 123, null, null, 123);
insert into detallefactura (idDetalleFactura, cantidad, descripcionReser, idFactura, idProducto, idPedido, idReservacion) values (124, 4, 'Nam ultrices, libero non mattis pulvinar, nulla pede ullamcorper augue, a suscipit nulla elit ac nulla.', 124, null, 111, null);
insert into detallefactura (idDetalleFactura, cantidad, descripcionReser, idFactura, idProducto, idPedido, idReservacion) values (125, 2, 'In blandit ultrices enim.', 125, null, 116, 125);
insert into detallefactura (idDetalleFactura, cantidad, descripcionReser, idFactura, idProducto, idPedido, idReservacion) values (126, 4, 'Maecenas ut massa quis augue luctus tincidunt.', 126, null, null, 126);
insert into detallefactura (idDetalleFactura, cantidad, descripcionReser, idFactura, idProducto, idPedido, idReservacion) values (127, 2, 'Lorem ipsum dolor sit amet, consectetuer adipiscing elit.', 127, null, null, 127);
insert into detallefactura (idDetalleFactura, cantidad, descripcionReser, idFactura, idProducto, idPedido, idReservacion) values (128, 3, 'Duis bibendum, felis sed interdum venenatis, turpis enim blandit mi, in porttitor pede justo eu massa.', 128, 33, null, 128);
insert into detallefactura (idDetalleFactura, cantidad, descripcionReser, idFactura, idProducto, idPedido, idReservacion) values (129, 3, 'Duis bibendum.', 129, null, null, 129);
insert into detallefactura (idDetalleFactura, cantidad, descripcionReser, idFactura, idProducto, idPedido, idReservacion) values (130, 2, 'Donec quis orci eget orci vehicula condimentum.', 130, 66, 91, null);
insert into detallefactura (idDetalleFactura, cantidad, descripcionReser, idFactura, idProducto, idPedido, idReservacion) values (131, 2, 'Praesent lectus.', 131, null, null, 131);
insert into detallefactura (idDetalleFactura, cantidad, descripcionReser, idFactura, idProducto, idPedido, idReservacion) values (132, 1, 'Cras non velit nec nisi vulputate nonummy.', 132, null, 170, 132);
insert into detallefactura (idDetalleFactura, cantidad, descripcionReser, idFactura, idProducto, idPedido, idReservacion) values (133, 4, 'Donec ut dolor.', 133, 74, null, 133);
insert into detallefactura (idDetalleFactura, cantidad, descripcionReser, idFactura, idProducto, idPedido, idReservacion) values (134, 1, 'Praesent blandit lacinia erat.', 134, null, 50, 134);
insert into detallefactura (idDetalleFactura, cantidad, descripcionReser, idFactura, idProducto, idPedido, idReservacion) values (135, 4, 'Suspendisse ornare consequat lectus.', 135, 77, null, 135);
insert into detallefactura (idDetalleFactura, cantidad, descripcionReser, idFactura, idProducto, idPedido, idReservacion) values (136, 4, 'Cum sociis natoque penatibus et magnis dis parturient montes, nascetur ridiculus mus.', 136, 74, null, 136);
insert into detallefactura (idDetalleFactura, cantidad, descripcionReser, idFactura, idProducto, idPedido, idReservacion) values (137, 4, 'Morbi porttitor lorem id ligula.', 137, null, 153, 137);
insert into detallefactura (idDetalleFactura, cantidad, descripcionReser, idFactura, idProducto, idPedido, idReservacion) values (138, 2, 'Maecenas pulvinar lobortis est.', 138, 10, null, 138);
insert into detallefactura (idDetalleFactura, cantidad, descripcionReser, idFactura, idProducto, idPedido, idReservacion) values (139, 4, 'Morbi sem mauris, laoreet ut, rhoncus aliquet, pulvinar sed, nisl.', 139, null, null, 139);
insert into detallefactura (idDetalleFactura, cantidad, descripcionReser, idFactura, idProducto, idPedido, idReservacion) values (140, 1, 'In tempor, turpis nec euismod scelerisque, quam turpis adipiscing lorem, vitae mattis nibh ligula nec sem.', 140, null, null, 140);
insert into detallefactura (idDetalleFactura, cantidad, descripcionReser, idFactura, idProducto, idPedido, idReservacion) values (141, 1, 'Ut at dolor quis odio consequat varius.', 141, null, null, 141);
insert into detallefactura (idDetalleFactura, cantidad, descripcionReser, idFactura, idProducto, idPedido, idReservacion) values (142, 2, 'Pellentesque eget nunc.', 142, null, null, 142);
insert into detallefactura (idDetalleFactura, cantidad, descripcionReser, idFactura, idProducto, idPedido, idReservacion) values (143, 2, 'Proin at turpis a pede posuere nonummy.', 143, null, 39, 143);
insert into detallefactura (idDetalleFactura, cantidad, descripcionReser, idFactura, idProducto, idPedido, idReservacion) values (144, 1, 'Duis bibendum, felis sed interdum venenatis, turpis enim blandit mi, in porttitor pede justo eu massa.', 144, 75, null, 144);
insert into detallefactura (idDetalleFactura, cantidad, descripcionReser, idFactura, idProducto, idPedido, idReservacion) values (145, 3, 'Aliquam augue quam, sollicitudin vitae, consectetuer eget, rutrum at, lorem.', 145, null, null, 145);
insert into detallefactura (idDetalleFactura, cantidad, descripcionReser, idFactura, idProducto, idPedido, idReservacion) values (146, 4, 'In sagittis dui vel nisl.', 146, null, 70, 146);
insert into detallefactura (idDetalleFactura, cantidad, descripcionReser, idFactura, idProducto, idPedido, idReservacion) values (147, 2, 'Sed sagittis.', 147, null, null, 147);
insert into detallefactura (idDetalleFactura, cantidad, descripcionReser, idFactura, idProducto, idPedido, idReservacion) values (148, 2, 'In quis justo.', 148, 50, 71, 148);
insert into detallefactura (idDetalleFactura, cantidad, descripcionReser, idFactura, idProducto, idPedido, idReservacion) values (149, 3, 'Morbi vel lectus in quam fringilla rhoncus.', 149, null, null, 149);
insert into detallefactura (idDetalleFactura, cantidad, descripcionReser, idFactura, idProducto, idPedido, idReservacion) values (150, 2, 'Donec dapibus.', 150, 76, 191, 150);


-- -----------------------------------------------------
-- 100 Inserts de tabla tipoRecargo
-- -----------------------------------------------------
INSERT INTO tiporecargo (idTipoRecargo, porcentaje, descripcion, idFactura) VALUES (1, 42, 'Nunc nisl.', 53);
INSERT INTO tiporecargo (idTipoRecargo, porcentaje, descripcion, idFactura) VALUES (2, 35, 'Proin at turpis a pede posuere nonummy.', 89);
INSERT INTO tiporecargo (idTipoRecargo, porcentaje, descripcion, idFactura) VALUES (3, 81, 'Cum sociis natoque penatibus et magnis dis parturient montes, nascetur ridiculus mus.', 96);
INSERT INTO tiporecargo (idTipoRecargo, porcentaje, descripcion, idFactura) VALUES (4, 55, 'Morbi non lectus.', 82);
INSERT INTO tiporecargo (idTipoRecargo, porcentaje, descripcion, idFactura) VALUES (5, 24, 'Nulla nisl.', 93);
INSERT INTO tiporecargo (idTipoRecargo, porcentaje, descripcion, idFactura) VALUES (6, 16, 'Lorem ipsum dolor sit amet, consectetuer adipiscing elit.', 32);
INSERT INTO tiporecargo (idTipoRecargo, porcentaje, descripcion, idFactura) VALUES (7, 43, 'Vestibulum ante ipsum primis in faucibus orci luctus et ultrices posuere cubilia Curae; Donec pharetra, magna vestibulum aliquet ultrices, erat tortor sollicitudin mi, sit amet lobortis sapien sapien non mi.', 87);
INSERT INTO tiporecargo (idTipoRecargo, porcentaje, descripcion, idFactura) VALUES (8, 68, 'Vestibulum rutrum rutrum neque.', 35);
INSERT INTO tiporecargo (idTipoRecargo, porcentaje, descripcion, idFactura) VALUES (9, 30, 'Morbi non lectus.', 16);
INSERT INTO tiporecargo (idTipoRecargo, porcentaje, descripcion, idFactura) VALUES (10, 24, 'Nam congue, risus semper porta volutpat, quam pede lobortis ligula, sit amet eleifend pede libero quis orci.', 30);
INSERT INTO tiporecargo (idTipoRecargo, porcentaje, descripcion, idFactura) VALUES (11, 14, 'Nullam molestie nibh in lectus.', 79);
INSERT INTO tiporecargo (idTipoRecargo, porcentaje, descripcion, idFactura) VALUES (12, 46, 'Integer pede justo, lacinia eget, tincidunt eget, tempus vel, pede.', 56);
INSERT INTO tiporecargo (idTipoRecargo, porcentaje, descripcion, idFactura) VALUES (13, 100, 'Nullam porttitor lacus at turpis.', 60);
INSERT INTO tiporecargo (idTipoRecargo, porcentaje, descripcion, idFactura) VALUES (14, 36, 'Sed sagittis.', 18);
INSERT INTO tiporecargo (idTipoRecargo, porcentaje, descripcion, idFactura) VALUES (15, 56, 'In est risus, auctor sed, tristique in, tempus sit amet, sem.', 79);
INSERT INTO tiporecargo (idTipoRecargo, porcentaje, descripcion, idFactura) VALUES (16, 77, 'Morbi porttitor lorem id ligula.', 12);
INSERT INTO tiporecargo (idTipoRecargo, porcentaje, descripcion, idFactura) VALUES (17, 71, 'Duis bibendum, felis sed interdum venenatis, turpis enim blandit mi, in porttitor pede justo eu massa.', 1);
INSERT INTO tiporecargo (idTipoRecargo, porcentaje, descripcion, idFactura) VALUES (18, 80, 'Vivamus tortor.', 30);
INSERT INTO tiporecargo (idTipoRecargo, porcentaje, descripcion, idFactura) VALUES (19, 7, 'Vivamus vel nulla eget eros elementum pellentesque.', 87);
INSERT INTO tiporecargo (idTipoRecargo, porcentaje, descripcion, idFactura) VALUES (20, 67, 'Suspendisse potenti.', 96);
INSERT INTO tiporecargo (idTipoRecargo, porcentaje, descripcion, idFactura) VALUES (21, 91, 'Donec diam neque, vestibulum eget, vulputate ut, ultrices vel, augue.', 93);
INSERT INTO tiporecargo (idTipoRecargo, porcentaje, descripcion, idFactura) VALUES (22, 3, 'Pellentesque viverra pede ac diam.', 97);
INSERT INTO tiporecargo (idTipoRecargo, porcentaje, descripcion, idFactura) VALUES (23, 88, 'Donec diam neque, vestibulum eget, vulputate ut, ultrices vel, augue.', 92);
INSERT INTO tiporecargo (idTipoRecargo, porcentaje, descripcion, idFactura) VALUES (24, 5, 'Mauris enim leo, rhoncus sed, vestibulum sit amet, cursus id, turpis.', 98);
INSERT INTO tiporecargo (idTipoRecargo, porcentaje, descripcion, idFactura) VALUES (25, 63, 'Mauris enim leo, rhoncus sed, vestibulum sit amet, cursus id, turpis.', 71);
INSERT INTO tiporecargo (idTipoRecargo, porcentaje, descripcion, idFactura) VALUES (26, 68, 'Nulla facilisi.', 6);
INSERT INTO tiporecargo (idTipoRecargo, porcentaje, descripcion, idFactura) VALUES (27, 97, 'Ut at dolor quis odio consequat varius.', 49);
INSERT INTO tiporecargo (idTipoRecargo, porcentaje, descripcion, idFactura) VALUES (28, 10, 'Mauris lacinia sapien quis libero.', 18);
INSERT INTO tiporecargo (idTipoRecargo, porcentaje, descripcion, idFactura) VALUES (29, 36, 'Morbi vestibulum, velit id pretium iaculis, diam erat fermentum justo, nec condimentum neque sapien placerat ante.', 95);
INSERT INTO tiporecargo (idTipoRecargo, porcentaje, descripcion, idFactura) VALUES (30, 86, 'Proin leo odio, porttitor id, consequat in, consequat ut, nulla.', 80);
INSERT INTO tiporecargo (idTipoRecargo, porcentaje, descripcion, idFactura) VALUES (31, 23, 'Aenean auctor gravida sem.', 67);
INSERT INTO tiporecargo (idTipoRecargo, porcentaje, descripcion, idFactura) VALUES (32, 53, 'Nulla ac enim.', 76);
INSERT INTO tiporecargo (idTipoRecargo, porcentaje, descripcion, idFactura) VALUES (33, 68, 'Lorem ipsum dolor sit amet, consectetuer adipiscing elit.', 78);
INSERT INTO tiporecargo (idTipoRecargo, porcentaje, descripcion, idFactura) VALUES (34, 66, 'Nulla neque libero, convallis eget, eleifend luctus, ultricies eu, nibh.', 39);
INSERT INTO tiporecargo (idTipoRecargo, porcentaje, descripcion, idFactura) VALUES (35, 47, 'Integer ac neque.', 104);
INSERT INTO tiporecargo (idTipoRecargo, porcentaje, descripcion, idFactura) VALUES (36, 3, 'Vivamus vestibulum sagittis sapien.', 58);
INSERT INTO tiporecargo (idTipoRecargo, porcentaje, descripcion, idFactura) VALUES (37, 45, 'Curabitur at ipsum ac tellus semper interdum.', 34);
INSERT INTO tiporecargo (idTipoRecargo, porcentaje, descripcion, idFactura) VALUES (38, 53, 'Integer ac leo.', 12);
INSERT INTO tiporecargo (idTipoRecargo, porcentaje, descripcion, idFactura) VALUES (39, 28, 'Pellentesque ultrices mattis odio.', 5);
INSERT INTO tiporecargo (idTipoRecargo, porcentaje, descripcion, idFactura) VALUES (40, 15, 'Nam dui.', 43);
INSERT INTO tiporecargo (idTipoRecargo, porcentaje, descripcion, idFactura) VALUES (41, 28, 'Nullam sit amet turpis elementum ligula vehicula consequat.', 80);
INSERT INTO tiporecargo (idTipoRecargo, porcentaje, descripcion, idFactura) VALUES (42, 23, 'In tempor, turpis nec euismod scelerisque, quam turpis adipiscing lorem, vitae mattis nibh ligula nec sem.', 48);
INSERT INTO tiporecargo (idTipoRecargo, porcentaje, descripcion, idFactura) VALUES (43, 10, 'Integer pede justo, lacinia eget, tincidunt eget, tempus vel, pede.', 22);
INSERT INTO tiporecargo (idTipoRecargo, porcentaje, descripcion, idFactura) VALUES (44, 59, 'Cum sociis natoque penatibus et magnis dis parturient montes, nascetur ridiculus mus.', 36);
INSERT INTO tiporecargo (idTipoRecargo, porcentaje, descripcion, idFactura) VALUES (45, 38, 'Vestibulum rutrum rutrum neque.', 83);
INSERT INTO tiporecargo (idTipoRecargo, porcentaje, descripcion, idFactura) VALUES (46, 100, 'Aliquam quis turpis eget elit sodales scelerisque.', 91);
INSERT INTO tiporecargo (idTipoRecargo, porcentaje, descripcion, idFactura) VALUES (47, 48, 'Proin interdum mauris non ligula pellentesque ultrices.', 2);
INSERT INTO tiporecargo (idTipoRecargo, porcentaje, descripcion, idFactura) VALUES (48, 39, 'Suspendisse potenti.', 79);
INSERT INTO tiporecargo (idTipoRecargo, porcentaje, descripcion, idFactura) VALUES (49, 56, 'Aenean auctor gravida sem.', 102);
INSERT INTO tiporecargo (idTipoRecargo, porcentaje, descripcion, idFactura) VALUES (50, 71, 'Fusce congue, diam id ornare imperdiet, sapien urna pretium nisl, ut volutpat sapien arcu sed augue.', 94);
INSERT INTO tiporecargo (idTipoRecargo, porcentaje, descripcion, idFactura) VALUES (51, 50, 'Aenean sit amet justo.', 18);
INSERT INTO tiporecargo (idTipoRecargo, porcentaje, descripcion, idFactura) VALUES (52, 9, 'In tempor, turpis nec euismod scelerisque, quam turpis adipiscing lorem, vitae mattis nibh ligula nec sem.', 69);
INSERT INTO tiporecargo (idTipoRecargo, porcentaje, descripcion, idFactura) VALUES (53, 9, 'Morbi porttitor lorem id ligula.', 43);
INSERT INTO tiporecargo (idTipoRecargo, porcentaje, descripcion, idFactura) VALUES (54, 68, 'Aenean sit amet justo.', 76);
INSERT INTO tiporecargo (idTipoRecargo, porcentaje, descripcion, idFactura) VALUES (55, 15, 'Quisque id justo sit amet sapien dignissim vestibulum.', 23);
INSERT INTO tiporecargo (idTipoRecargo, porcentaje, descripcion, idFactura) VALUES (56, 82, 'Morbi vel lectus in quam fringilla rhoncus.', 56);
INSERT INTO tiporecargo (idTipoRecargo, porcentaje, descripcion, idFactura) VALUES (57, 87, 'Duis mattis egestas metus.', 86);
INSERT INTO tiporecargo (idTipoRecargo, porcentaje, descripcion, idFactura) VALUES (58, 46, 'Duis mattis egestas metus.', 97);
INSERT INTO tiporecargo (idTipoRecargo, porcentaje, descripcion, idFactura) VALUES (59, 77, 'Suspendisse potenti.', 79);
INSERT INTO tiporecargo (idTipoRecargo, porcentaje, descripcion, idFactura) VALUES (60, 89, 'Nam nulla.', 82);
INSERT INTO tiporecargo (idTipoRecargo, porcentaje, descripcion, idFactura) VALUES (61, 93, 'Aliquam non mauris.', 62);
INSERT INTO tiporecargo (idTipoRecargo, porcentaje, descripcion, idFactura) VALUES (62, 97, 'Sed accumsan felis.', 1);
INSERT INTO tiporecargo (idTipoRecargo, porcentaje, descripcion, idFactura) VALUES (63, 61, 'Duis aliquam convallis nunc.', 87);
INSERT INTO tiporecargo (idTipoRecargo, porcentaje, descripcion, idFactura) VALUES (64, 45, 'Donec odio justo, sollicitudin ut, suscipit a, feugiat et, eros.', 18);
INSERT INTO tiporecargo (idTipoRecargo, porcentaje, descripcion, idFactura) VALUES (65, 49, 'Pellentesque at nulla.', 9);
INSERT INTO tiporecargo (idTipoRecargo, porcentaje, descripcion, idFactura) VALUES (66, 97, 'Maecenas rhoncus aliquam lacus.', 13);
INSERT INTO tiporecargo (idTipoRecargo, porcentaje, descripcion, idFactura) VALUES (67, 52, 'Morbi vel lectus in quam fringilla rhoncus.', 15);
INSERT INTO tiporecargo (idTipoRecargo, porcentaje, descripcion, idFactura) VALUES (68, 47, 'Sed ante.', 7);
INSERT INTO tiporecargo (idTipoRecargo, porcentaje, descripcion, idFactura) VALUES (69, 22, 'Suspendisse accumsan tortor quis turpis.', 96);
INSERT INTO tiporecargo (idTipoRecargo, porcentaje, descripcion, idFactura) VALUES (70, 58, 'Suspendisse potenti.', 39);
INSERT INTO tiporecargo (idTipoRecargo, porcentaje, descripcion, idFactura) VALUES (71, 81, 'Nunc purus.', 16);
INSERT INTO tiporecargo (idTipoRecargo, porcentaje, descripcion, idFactura) VALUES (72, 7, 'Fusce consequat.', 29);
INSERT INTO tiporecargo (idTipoRecargo, porcentaje, descripcion, idFactura) VALUES (73, 15, 'Suspendisse potenti.', 83);
INSERT INTO tiporecargo (idTipoRecargo, porcentaje, descripcion, idFactura) VALUES (74, 96, 'Cum sociis natoque penatibus et magnis dis parturient montes, nascetur ridiculus mus.', 17);
INSERT INTO tiporecargo (idTipoRecargo, porcentaje, descripcion, idFactura) VALUES (75, 74, 'Nunc nisl.', 23);
INSERT INTO tiporecargo (idTipoRecargo, porcentaje, descripcion, idFactura) VALUES (76, 1, 'Nulla justo.', 52);
INSERT INTO tiporecargo (idTipoRecargo, porcentaje, descripcion, idFactura) VALUES (77, 62, 'Nulla mollis molestie lorem.', 15);
INSERT INTO tiporecargo (idTipoRecargo, porcentaje, descripcion, idFactura) VALUES (78, 32, 'Integer non velit.', 99);
INSERT INTO tiporecargo (idTipoRecargo, porcentaje, descripcion, idFactura) VALUES (79, 70, 'Quisque ut erat.', 2);
INSERT INTO tiporecargo (idTipoRecargo, porcentaje, descripcion, idFactura) VALUES (80, 37, 'Morbi odio odio, elementum eu, interdum eu, tincidunt in, leo.', 75);
INSERT INTO tiporecargo (idTipoRecargo, porcentaje, descripcion, idFactura) VALUES (81, 80, 'Proin eu mi.', 75);
INSERT INTO tiporecargo (idTipoRecargo, porcentaje, descripcion, idFactura) VALUES (82, 69, 'Lorem ipsum dolor sit amet, consectetuer adipiscing elit.', 39);
INSERT INTO tiporecargo (idTipoRecargo, porcentaje, descripcion, idFactura) VALUES (83, 74, 'In sagittis dui vel nisl.', 49);
INSERT INTO tiporecargo (idTipoRecargo, porcentaje, descripcion, idFactura) VALUES (84, 27, 'Vestibulum ante ipsum primis in faucibus orci luctus et ultrices posuere cubilia Curae; Mauris viverra diam vitae quam.', 23);
INSERT INTO tiporecargo (idTipoRecargo, porcentaje, descripcion, idFactura) VALUES (85, 18, 'Vivamus vel nulla eget eros elementum pellentesque.', 5);
INSERT INTO tiporecargo (idTipoRecargo, porcentaje, descripcion, idFactura) VALUES (86, 45, 'Sed sagittis.', 62);
INSERT INTO tiporecargo (idTipoRecargo, porcentaje, descripcion, idFactura) VALUES (87, 88, 'Duis bibendum.', 38);
INSERT INTO tiporecargo (idTipoRecargo, porcentaje, descripcion, idFactura) VALUES (88, 40, 'Integer aliquet, massa id lobortis convallis, tortor risus dapibus augue, vel accumsan tellus nisi eu orci.', 41);
INSERT INTO tiporecargo (idTipoRecargo, porcentaje, descripcion, idFactura) VALUES (89, 43, 'Donec dapibus.', 66);
INSERT INTO tiporecargo (idTipoRecargo, porcentaje, descripcion, idFactura) VALUES (90, 11, 'Proin eu mi.', 31);
INSERT INTO tiporecargo (idTipoRecargo, porcentaje, descripcion, idFactura) VALUES (91, 18, 'Ut at dolor quis odio consequat varius.', 7);
INSERT INTO tiporecargo (idTipoRecargo, porcentaje, descripcion, idFactura) VALUES (92, 51, 'Curabitur gravida nisi at nibh.', 8);
INSERT INTO tiporecargo (idTipoRecargo, porcentaje, descripcion, idFactura) VALUES (93, 49, 'Proin risus.', 22);
INSERT INTO tiporecargo (idTipoRecargo, porcentaje, descripcion, idFactura) VALUES (94, 79, 'Vestibulum ante ipsum primis in faucibus orci luctus et ultrices posuere cubilia Curae; Duis faucibus accumsan odio.', 87);
INSERT INTO tiporecargo (idTipoRecargo, porcentaje, descripcion, idFactura) VALUES (95, 92, 'In eleifend quam a odio.', 104);
INSERT INTO tiporecargo (idTipoRecargo, porcentaje, descripcion, idFactura) VALUES (96, 58, 'Nulla nisl.', 10);
INSERT INTO tiporecargo (idTipoRecargo, porcentaje, descripcion, idFactura) VALUES (97, 95, 'Nulla facilisi.', 96);
INSERT INTO tiporecargo (idTipoRecargo, porcentaje, descripcion, idFactura) VALUES (98, 64, 'Integer tincidunt ante vel ipsum.', 39);
INSERT INTO tiporecargo (idTipoRecargo, porcentaje, descripcion, idFactura) VALUES (99, 44, 'Nullam orci pede, venenatis non, sodales sed, tincidunt eu, felis.', 10);
INSERT INTO tiporecargo (idTipoRecargo, porcentaje, descripcion, idFactura) VALUES (100, 47, 'Nullam porttitor lacus at turpis.', 35);


-- -----------------------------------------------------
-- 100 Inserts de tabla proveedor
-- -----------------------------------------------------
INSERT INTO proveedor (idProveedor, nombre, telefono, direccion, email, descripcion) VALUES (1, 'Jaxbean', '+504 33360883', '84 Packers Trail', 'jkennermann0@ftc.gov', 'Proin at turpis a pede posuere nonummy.');
INSERT INTO proveedor (idProveedor, nombre, telefono, direccion, email, descripcion) VALUES (2, 'Miboo', '+504 80985619', '35 Oneill Way', 'cmelling1@wikimedia.org', 'Nam ultrices, libero non mattis pulvinar, nulla pede ullamcorper augue, a suscipit nulla elit ac nulla.');
INSERT INTO proveedor (idProveedor, nombre, telefono, direccion, email, descripcion) VALUES (3, 'Buzzdog', '+504 38373598', '119 Northport Trail', 'thenkmann2@google.nl', 'Mauris enim leo, rhoncus sed, vestibulum sit amet, cursus id, turpis.');
INSERT INTO proveedor (idProveedor, nombre, telefono, direccion, email, descripcion) VALUES (4, 'Yozio', '+504 91945444', '61 Lien Junction', 'ecampos3@oaic.gov.au', 'Donec vitae nisi.');
INSERT INTO proveedor (idProveedor, nombre, telefono, direccion, email, descripcion) VALUES (5, 'Fivespan', '+504 34860503', '348 Clyde Gallagher Parkway', 'gleheude4@rediff.com', 'Nam nulla.');
INSERT INTO proveedor (idProveedor, nombre, telefono, direccion, email, descripcion) VALUES (6, 'Dabfeed', '+504 97405857', '47899 Dottie Alley', 'alaneham5@mapy.cz', 'In sagittis dui vel nisl.');
INSERT INTO proveedor (idProveedor, nombre, telefono, direccion, email, descripcion) VALUES (7, 'Yakitri', '+504 83559205', '4 Merry Parkway', 'strowl6@artisteer.com', 'Integer aliquet, massa id lobortis convallis, tortor risus dapibus augue, vel accumsan tellus nisi eu orci.');
INSERT INTO proveedor (idProveedor, nombre, telefono, direccion, email, descripcion) VALUES (8, 'Quinu', '+504 95803964', '5 Thompson Place', 'kanear7@google.cn', 'Cum sociis natoque penatibus et magnis dis parturient montes, nascetur ridiculus mus.');
INSERT INTO proveedor (idProveedor, nombre, telefono, direccion, email, descripcion) VALUES (9, 'Dynazzy', '+504 91924087', '938 Jackson Park', 'egever8@mayoclinic.com', 'Fusce lacus purus, aliquet at, feugiat non, pretium quis, lectus.');
INSERT INTO proveedor (idProveedor, nombre, telefono, direccion, email, descripcion) VALUES (10, 'Tambee', '+504 86026509', '1 Hallows Place', 'bcozzi9@sohu.com', 'Praesent blandit lacinia erat.');
INSERT INTO proveedor (idProveedor, nombre, telefono, direccion, email, descripcion) VALUES (11, 'Mynte', '+504 98126726', '32 Logan Drive', 'mkretschmera@webeden.co.uk', 'Mauris enim leo, rhoncus sed, vestibulum sit amet, cursus id, turpis.');
INSERT INTO proveedor (idProveedor, nombre, telefono, direccion, email, descripcion) VALUES (12, 'Yodo', '+504 96379734', '2183 Independence Pass', 'arookesb@hexun.com', 'Cum sociis natoque penatibus et magnis dis parturient montes, nascetur ridiculus mus.');
INSERT INTO proveedor (idProveedor, nombre, telefono, direccion, email, descripcion) VALUES (13, 'Shuffletag', '+504 90887735', '42184 Dahle Center', 'jtruranc@cmu.edu', 'Integer non velit.');
INSERT INTO proveedor (idProveedor, nombre, telefono, direccion, email, descripcion) VALUES (14, 'Realcube', '+504 96871227', '7 Goodland Street', 'dlaffordd@dot.gov', 'Vivamus vel nulla eget eros elementum pellentesque.');
INSERT INTO proveedor (idProveedor, nombre, telefono, direccion, email, descripcion) VALUES (15, 'Meedoo', '+504 98521004', '73093 Hanover Park', 'gbarte@auda.org.au', 'Maecenas ut massa quis augue luctus tincidunt.');
INSERT INTO proveedor (idProveedor, nombre, telefono, direccion, email, descripcion) VALUES (16, 'Realfire', '+504 92293452', '3 Huxley Pass', 'xfiveyf@redcross.org', 'In eleifend quam a odio.');
INSERT INTO proveedor (idProveedor, nombre, telefono, direccion, email, descripcion) VALUES (17, 'Mynte', '+504 98490255', '81134 Paget Pass', 'nlaffang@hud.gov', 'Maecenas leo odio, condimentum id, luctus nec, molestie sed, justo.');
INSERT INTO proveedor (idProveedor, nombre, telefono, direccion, email, descripcion) VALUES (18, 'Twiyo', '+504 82506117', '9 Main Street', 'bcaddyh@china.com.cn', 'Morbi porttitor lorem id ligula.');
INSERT INTO proveedor (idProveedor, nombre, telefono, direccion, email, descripcion) VALUES (19, 'Avamba', '+504 80236314', '7 School Avenue', 'ahubbocki@people.com.cn', 'Praesent blandit lacinia erat.');
INSERT INTO proveedor (idProveedor, nombre, telefono, direccion, email, descripcion) VALUES (20, 'Zoomdog', '+504 93664228', '4607 Victoria Way', 'sjellicorsej@t-online.de', 'Vestibulum ante ipsum primis in faucibus orci luctus et ultrices posuere cubilia Curae; Duis faucibus accumsan odio.');
INSERT INTO proveedor (idProveedor, nombre, telefono, direccion, email, descripcion) VALUES (21, 'Dabvine', '+504 99354184', '9956 Weeping Birch Center', 'hgibbsk@fc2.com', 'Morbi non lectus.');
INSERT INTO proveedor (idProveedor, nombre, telefono, direccion, email, descripcion) VALUES (22, 'Realbuzz', '+504 97638696', '5343 Pierstorff Pass', 'nmowattl@ebay.co.uk', 'In sagittis dui vel nisl.');
INSERT INTO proveedor (idProveedor, nombre, telefono, direccion, email, descripcion) VALUES (23, 'Browsetype', '+504 88121135', '03477 Montana Court', 'hgaskinm@tinypic.com', 'Donec diam neque, vestibulum eget, vulputate ut, ultrices vel, augue.');
INSERT INTO proveedor (idProveedor, nombre, telefono, direccion, email, descripcion) VALUES (24, 'Jabberbean', '+504 87808941', '967 Caliangt Alley', 'hinglissn@xrea.com', 'Pellentesque eget nunc.');
INSERT INTO proveedor (idProveedor, nombre, telefono, direccion, email, descripcion) VALUES (25, 'Chatterbridge', '+504 39459689', '99 Upham Drive', 'hmassingberdo@example.com', 'Aenean auctor gravida sem.');
INSERT INTO proveedor (idProveedor, nombre, telefono, direccion, email, descripcion) VALUES (26, 'Tagpad', '+504 90969872', '9214 La Follette Pass', 'rjorinp@usnews.com', 'Phasellus sit amet erat.');
INSERT INTO proveedor (idProveedor, nombre, telefono, direccion, email, descripcion) VALUES (27, 'Innojam', '+504 81212698', '896 Algoma Avenue', 'bmcimmieq@nationalgeographic.com', 'Praesent lectus.');
INSERT INTO proveedor (idProveedor, nombre, telefono, direccion, email, descripcion) VALUES (28, 'Ntag', '+504 82959323', '214 Brown Drive', 'gloosmorer@sun.com', 'Mauris enim leo, rhoncus sed, vestibulum sit amet, cursus id, turpis.');
INSERT INTO proveedor (idProveedor, nombre, telefono, direccion, email, descripcion) VALUES (29, 'Photobean', '+504 92609405', '7 Clarendon Junction', 'twakerleys@businessweek.com', 'Cum sociis natoque penatibus et magnis dis parturient montes, nascetur ridiculus mus.');
INSERT INTO proveedor (idProveedor, nombre, telefono, direccion, email, descripcion) VALUES (30, 'Feedfire', '+504 35792380', '001 Jackson Road', 'nmattevit@cbc.ca', 'Suspendisse ornare consequat lectus.');
INSERT INTO proveedor (idProveedor, nombre, telefono, direccion, email, descripcion) VALUES (31, 'Meeveo', '+504 38321986', '47 Mariners Cove Court', 'bdanburyu@github.com', 'Donec dapibus.');
INSERT INTO proveedor (idProveedor, nombre, telefono, direccion, email, descripcion) VALUES (32, 'Twitternation', '+504 83117795', '08292 Gina Alley', 'abarthelv@pen.io', 'In hac habitasse platea dictumst.');
INSERT INTO proveedor (idProveedor, nombre, telefono, direccion, email, descripcion) VALUES (33, 'Digitube', '+504 37033678', '780 Londonderry Circle', 'mshivlinw@columbia.edu', 'Nulla neque libero, convallis eget, eleifend luctus, ultricies eu, nibh.');
INSERT INTO proveedor (idProveedor, nombre, telefono, direccion, email, descripcion) VALUES (34, 'Zoozzy', '+504 92560504', '830 Heath Drive', 'nmelluishx@macromedia.com', 'In hac habitasse platea dictumst.');
INSERT INTO proveedor (idProveedor, nombre, telefono, direccion, email, descripcion) VALUES (35, 'Leenti', '+504 32496293', '19860 Kennedy Crossing', 'sstuddersy@deliciousdays.com', 'Donec diam neque, vestibulum eget, vulputate ut, ultrices vel, augue.');
INSERT INTO proveedor (idProveedor, nombre, telefono, direccion, email, descripcion) VALUES (36, 'Jazzy', '+504 33962580', '0 Rockefeller Junction', 'hsilvertonz@unesco.org', 'Cras pellentesque volutpat dui.');
INSERT INTO proveedor (idProveedor, nombre, telefono, direccion, email, descripcion) VALUES (37, 'Vinte', '+504 90149930', '13 Starling Plaza', 'skerner10@jigsy.com', 'In congue.');
INSERT INTO proveedor (idProveedor, nombre, telefono, direccion, email, descripcion) VALUES (38, 'Jayo', '+504 81393049', '6 Lakewood Gardens Center', 'bohdirscoll11@google.co.jp', 'In blandit ultrices enim.');
INSERT INTO proveedor (idProveedor, nombre, telefono, direccion, email, descripcion) VALUES (39, 'Thoughtstorm', '+504 99929428', '435 Maryland Trail', 'tstiggles12@nsw.gov.au', 'Morbi quis tortor id nulla ultrices aliquet.');
INSERT INTO proveedor (idProveedor, nombre, telefono, direccion, email, descripcion) VALUES (40, 'Zoombeat', '+504 98722128', '135 Fairfield Parkway', 'gdelcastel13@cargocollective.com', 'Nulla nisl.');
INSERT INTO proveedor (idProveedor, nombre, telefono, direccion, email, descripcion) VALUES (41, 'Kayveo', '+504 90948797', '99203 Hoepker Court', 'tlace14@domainmarket.com', 'Donec odio justo, sollicitudin ut, suscipit a, feugiat et, eros.');
INSERT INTO proveedor (idProveedor, nombre, telefono, direccion, email, descripcion) VALUES (42, 'Dablist', '+504 99139926', '39 Stoughton Way', 'atwiddle15@ucoz.com', 'Aenean auctor gravida sem.');
INSERT INTO proveedor (idProveedor, nombre, telefono, direccion, email, descripcion) VALUES (43, 'Fliptune', '+504 91916815', '5 Evergreen Point', 'sbault16@globo.com', 'Nullam orci pede, venenatis non, sodales sed, tincidunt eu, felis.');
INSERT INTO proveedor (idProveedor, nombre, telefono, direccion, email, descripcion) VALUES (44, 'Myworks', '+504 88191665', '9 Manley Pass', 'mlaherty17@irs.gov', 'Suspendisse potenti.');
INSERT INTO proveedor (idProveedor, nombre, telefono, direccion, email, descripcion) VALUES (45, 'Pixope', '+504 39102535', '5233 Hollow Ridge Alley', 'nwyley18@bandcamp.com', 'Morbi porttitor lorem id ligula.');
INSERT INTO proveedor (idProveedor, nombre, telefono, direccion, email, descripcion) VALUES (46, 'Roomm', '+504 87337847', '38692 Sunnyside Parkway', 'klyard19@psu.edu', 'Morbi non lectus.');
INSERT INTO proveedor (idProveedor, nombre, telefono, direccion, email, descripcion) VALUES (47, 'Voolith', '+504 93328693', '97736 Vidon Junction', 'cfearby1a@msn.com', 'Integer non velit.');
INSERT INTO proveedor (idProveedor, nombre, telefono, direccion, email, descripcion) VALUES (48, 'Quamba', '+504 90277931', '8473 Miller Road', 'kkairns1b@dell.com', 'Vestibulum quam sapien, varius ut, blandit non, interdum in, ante.');
INSERT INTO proveedor (idProveedor, nombre, telefono, direccion, email, descripcion) VALUES (49, 'Yodoo', '+504 94804478', '212 Rusk Road', 'falans1c@usnews.com', 'Aliquam erat volutpat.');
INSERT INTO proveedor (idProveedor, nombre, telefono, direccion, email, descripcion) VALUES (50, 'Plambee', '+504 83290160', '3 Heath Way', 'cwilkowski1d@mapquest.com', 'Donec posuere metus vitae ipsum.');
INSERT INTO proveedor (idProveedor, nombre, telefono, direccion, email, descripcion) VALUES (51, 'Jabberbean', '+504 95806992', '2 Oriole Center', 'glongthorne1e@123-reg.co.uk', 'Proin at turpis a pede posuere nonummy.');
INSERT INTO proveedor (idProveedor, nombre, telefono, direccion, email, descripcion) VALUES (52, 'Edgepulse', '+504 91080897', '682 Sherman Center', 'dcheatle1f@networkadvertising.org', 'Nulla neque libero, convallis eget, eleifend luctus, ultricies eu, nibh.');
INSERT INTO proveedor (idProveedor, nombre, telefono, direccion, email, descripcion) VALUES (53, 'Skyndu', '+504 87626173', '701 Fisk Point', 'kplatt1g@last.fm', 'Maecenas leo odio, condimentum id, luctus nec, molestie sed, justo.');
INSERT INTO proveedor (idProveedor, nombre, telefono, direccion, email, descripcion) VALUES (54, 'Lajo', '+504 83890309', '109 Golf Way', 'pwestfrimley1h@home.pl', 'Integer a nibh.');
INSERT INTO proveedor (idProveedor, nombre, telefono, direccion, email, descripcion) VALUES (55, 'Fadeo', '+504 30694708', '4689 Grim Drive', 'bbane1i@blogger.com', 'Vestibulum ante ipsum primis in faucibus orci luctus et ultrices posuere cubilia Curae; Duis faucibus accumsan odio.');
INSERT INTO proveedor (idProveedor, nombre, telefono, direccion, email, descripcion) VALUES (56, 'Fliptune', '+504 38164774', '71004 Tony Alley', 'rempringham1j@sakura.ne.jp', 'Aenean fermentum.');
INSERT INTO proveedor (idProveedor, nombre, telefono, direccion, email, descripcion) VALUES (57, 'Minyx', '+504 84168582', '86195 Service Pass', 'tportis1k@sbwire.com', 'Cum sociis natoque penatibus et magnis dis parturient montes, nascetur ridiculus mus.');
INSERT INTO proveedor (idProveedor, nombre, telefono, direccion, email, descripcion) VALUES (58, 'Eire', '+504 90205925', '76463 Vahlen Way', 'dweathers1l@fda.gov', 'Fusce posuere felis sed lacus.');
INSERT INTO proveedor (idProveedor, nombre, telefono, direccion, email, descripcion) VALUES (59, 'Avavee', '+504 91118781', '6 Fieldstone Drive', 'dyarnton1m@noaa.gov', 'Nullam molestie nibh in lectus.');
INSERT INTO proveedor (idProveedor, nombre, telefono, direccion, email, descripcion) VALUES (60, 'Trupe', '+504 89879189', '66 Summer Ridge Place', 'mojeda1n@hexun.com', 'Maecenas leo odio, condimentum id, luctus nec, molestie sed, justo.');
INSERT INTO proveedor (idProveedor, nombre, telefono, direccion, email, descripcion) VALUES (61, 'Zoonder', '+504 94961678', '055 Warner Trail', 'ctremblay1o@paginegialle.it', 'Integer aliquet, massa id lobortis convallis, tortor risus dapibus augue, vel accumsan tellus nisi eu orci.');
INSERT INTO proveedor (idProveedor, nombre, telefono, direccion, email, descripcion) VALUES (62, 'Gigabox', '+504 96287736', '6 Fremont Hill', 'cpetow1p@squidoo.com', 'In hac habitasse platea dictumst.');
INSERT INTO proveedor (idProveedor, nombre, telefono, direccion, email, descripcion) VALUES (63, 'Realcube', '+504 98650305', '491 Muir Street', 'aerdely1q@instagram.com', 'Suspendisse potenti.');
INSERT INTO proveedor (idProveedor, nombre, telefono, direccion, email, descripcion) VALUES (64, 'Katz', '+504 85779422', '52 Red Cloud Drive', 'dhousden1r@howstuffworks.com', 'Proin risus.');
INSERT INTO proveedor (idProveedor, nombre, telefono, direccion, email, descripcion) VALUES (65, 'Kwilith', '+504 87791598', '60 Warner Parkway', 'yshew1s@nsw.gov.au', 'Phasellus sit amet erat.');
INSERT INTO proveedor (idProveedor, nombre, telefono, direccion, email, descripcion) VALUES (66, 'Roomm', '+504 97341503', '11774 2nd Park', 'msomersett1t@1688.com', 'Maecenas tristique, est et tempus semper, est quam pharetra magna, ac consequat metus sapien ut nunc.');
INSERT INTO proveedor (idProveedor, nombre, telefono, direccion, email, descripcion) VALUES (67, 'Voonix', '+504 87800111', '79289 Hanover Parkway', 'nduplain1u@tamu.edu', 'Curabitur at ipsum ac tellus semper interdum.');
INSERT INTO proveedor (idProveedor, nombre, telefono, direccion, email, descripcion) VALUES (68, 'Browseblab', '+504 94095023', '5 Arizona Avenue', 'mcohan1v@utexas.edu', 'Vivamus vestibulum sagittis sapien.');
INSERT INTO proveedor (idProveedor, nombre, telefono, direccion, email, descripcion) VALUES (69, 'Camimbo', '+504 80290678', '0553 Vidon Circle', 'kyarrington1w@example.com', 'Nam ultrices, libero non mattis pulvinar, nulla pede ullamcorper augue, a suscipit nulla elit ac nulla.');
INSERT INTO proveedor (idProveedor, nombre, telefono, direccion, email, descripcion) VALUES (70, 'Skalith', '+504 93827300', '03 Judy Drive', 'obotger1x@biblegateway.com', 'Duis ac nibh.');
INSERT INTO proveedor (idProveedor, nombre, telefono, direccion, email, descripcion) VALUES (71, 'Katz', '+504 99081744', '62179 Walton Trail', 'wdevon1y@theatlantic.com', 'Sed ante.');
INSERT INTO proveedor (idProveedor, nombre, telefono, direccion, email, descripcion) VALUES (72, 'Mybuzz', '+504 84555456', '641 Duke Hill', 'lmerrisson1z@disqus.com', 'Duis ac nibh.');
INSERT INTO proveedor (idProveedor, nombre, telefono, direccion, email, descripcion) VALUES (73, 'Ainyx', '+504 39902778', '2644 Morning Road', 'jdellenbrook20@washington.edu', 'In hac habitasse platea dictumst.');
INSERT INTO proveedor (idProveedor, nombre, telefono, direccion, email, descripcion) VALUES (74, 'LiveZ', '+504 93362910', '0468 Prairieview Circle', 'acallaway21@cmu.edu', 'Lorem ipsum dolor sit amet, consectetuer adipiscing elit.');
INSERT INTO proveedor (idProveedor, nombre, telefono, direccion, email, descripcion) VALUES (75, 'Eare', '+504 91444263', '46 Eastwood Circle', 'hgally22@springer.com', 'Integer ac neque.');
INSERT INTO proveedor (idProveedor, nombre, telefono, direccion, email, descripcion) VALUES (76, 'Shuffletag', '+504 97926493', '9662 Merry Circle', 'ekiddie23@ebay.co.uk', 'In quis justo.');
INSERT INTO proveedor (idProveedor, nombre, telefono, direccion, email, descripcion) VALUES (77, 'Jazzy', '+504 95645578', '3052 Novick Crossing', 'lpulster24@nationalgeographic.com', 'Sed ante.');
INSERT INTO proveedor (idProveedor, nombre, telefono, direccion, email, descripcion) VALUES (78, 'Aibox', '+504 97712616', '67419 Erie Court', 'cbaffin25@usatoday.com', 'Proin eu mi.');
INSERT INTO proveedor (idProveedor, nombre, telefono, direccion, email, descripcion) VALUES (79, 'Tazz', '+504 90695122', '98 Doe Crossing Crossing', 'cmaneylaws26@ehow.com', 'Nam nulla.');
INSERT INTO proveedor (idProveedor, nombre, telefono, direccion, email, descripcion) VALUES (80, 'Oozz', '+504 95210444', '11 North Trail', 'aendecott27@nsw.gov.au', 'Aenean auctor gravida sem.');
INSERT INTO proveedor (idProveedor, nombre, telefono, direccion, email, descripcion) VALUES (81, 'Quatz', '+504 93097193', '8 Hoffman Parkway', 'mlismore28@domainmarket.com', 'Ut tellus.');
INSERT INTO proveedor (idProveedor, nombre, telefono, direccion, email, descripcion) VALUES (82, 'Meembee', '+504 94885451', '72547 Stoughton Drive', 'lcoffee29@a8.net', 'Suspendisse accumsan tortor quis turpis.');
INSERT INTO proveedor (idProveedor, nombre, telefono, direccion, email, descripcion) VALUES (83, 'Divanoodle', '+504 96922411', '9 Meadow Ridge Circle', 'aing2a@skyrock.com', 'Integer pede justo, lacinia eget, tincidunt eget, tempus vel, pede.');
INSERT INTO proveedor (idProveedor, nombre, telefono, direccion, email, descripcion) VALUES (84, 'Yata', '+504 88405616', '35 Mayer Plaza', 'dbilsborrow2b@twitpic.com', 'Quisque arcu libero, rutrum ac, lobortis vel, dapibus at, diam.');
INSERT INTO proveedor (idProveedor, nombre, telefono, direccion, email, descripcion) VALUES (85, 'Ntag', '+504 98742803', '55 Nancy Hill', 'wyankin2c@bbb.org', 'Integer ac leo.');
INSERT INTO proveedor (idProveedor, nombre, telefono, direccion, email, descripcion) VALUES (86, 'Kwideo', '+504 90821982', '05353 Golf View Crossing', 'jdyde2d@stumbleupon.com', 'Vivamus tortor.');
INSERT INTO proveedor (idProveedor, nombre, telefono, direccion, email, descripcion) VALUES (87, 'Minyx', '+504 96788851', '1079 Canary Way', 'achurchard2e@example.com', 'Integer pede justo, lacinia eget, tincidunt eget, tempus vel, pede.');
INSERT INTO proveedor (idProveedor, nombre, telefono, direccion, email, descripcion) VALUES (88, 'Oodoo', '+504 90914846', '73 Bultman Lane', 'rvalentin2f@taobao.com', 'Fusce posuere felis sed lacus.');
INSERT INTO proveedor (idProveedor, nombre, telefono, direccion, email, descripcion) VALUES (89, 'Realpoint', '+504 91148230', '78192 Morning Way', 'sroder2g@bbb.org', 'Praesent id massa id nisl venenatis lacinia.');
INSERT INTO proveedor (idProveedor, nombre, telefono, direccion, email, descripcion) VALUES (90, 'Divape', '+504 91202479', '38867 Merrick Crossing', 'pmarusik2h@theguardian.com', 'Donec odio justo, sollicitudin ut, suscipit a, feugiat et, eros.');
INSERT INTO proveedor (idProveedor, nombre, telefono, direccion, email, descripcion) VALUES (91, 'Vitz', '+504 93686582', '5 Bultman Trail', 'cauden2i@mlb.com', 'Duis aliquam convallis nunc.');
INSERT INTO proveedor (idProveedor, nombre, telefono, direccion, email, descripcion) VALUES (92, 'Feedbug', '+504 97370651', '860 Farragut Plaza', 'aoheaney2j@sourceforge.net', 'Vestibulum ante ipsum primis in faucibus orci luctus et ultrices posuere cubilia Curae; Nulla dapibus dolor vel est.');
INSERT INTO proveedor (idProveedor, nombre, telefono, direccion, email, descripcion) VALUES (93, 'DabZ', '+504 99472857', '248 Bayside Center', 'ycrack2k@guardian.co.uk', 'Integer non velit.');
INSERT INTO proveedor (idProveedor, nombre, telefono, direccion, email, descripcion) VALUES (94, 'Roombo', '+504 92242870', '43762 Hagan Point', 'cpenrice2l@hexun.com', 'Quisque id justo sit amet sapien dignissim vestibulum.');
INSERT INTO proveedor (idProveedor, nombre, telefono, direccion, email, descripcion) VALUES (95, 'Tekfly', '+504 38127300', '8334 Anniversary Court', 'rdohmann2m@paypal.com', 'Etiam faucibus cursus urna.');
INSERT INTO proveedor (idProveedor, nombre, telefono, direccion, email, descripcion) VALUES (96, 'Ntag', '+504 36614679', '20970 Sundown Plaza', 'hlosel2n@microsoft.com', 'Nulla facilisi.');
INSERT INTO proveedor (idProveedor, nombre, telefono, direccion, email, descripcion) VALUES (97, 'Kanoodle', '+504 33643479', '3 Farwell Trail', 'nfenemore2o@diigo.com', 'Praesent blandit.');
INSERT INTO proveedor (idProveedor, nombre, telefono, direccion, email, descripcion) VALUES (98, 'Agimba', '+504 30553528', '67 Goodland Place', 'fwhifen2p@nhs.uk', 'Vivamus metus arcu, adipiscing molestie, hendrerit at, vulputate vitae, nisl.');
INSERT INTO proveedor (idProveedor, nombre, telefono, direccion, email, descripcion) VALUES (99, 'Agimba', '+504 96139692', '33515 Granby Crossing', 'jstanfield2q@techcrunch.com', 'Ut tellus.');
INSERT INTO proveedor (idProveedor, nombre, telefono, direccion, email, descripcion) VALUES (100, 'Miboo', '+504 31605334', '2141 Muir Hill', 'dhellens2r@smugmug.com', 'Curabitur convallis.');

-- -----------------------------------------------------
-- 150 Inserts de tabla producto_proveedor
-- -----------------------------------------------------
INSERT INTO producto_proveedor (idProducto, idProveedor) VALUES (58, 13);
INSERT INTO producto_proveedor (idProducto, idProveedor) VALUES (82, 17);
INSERT INTO producto_proveedor (idProducto, idProveedor) VALUES (99, 3);
INSERT INTO producto_proveedor (idProducto, idProveedor) VALUES (93, 76);
INSERT INTO producto_proveedor (idProducto, idProveedor) VALUES (38, 41);
INSERT INTO producto_proveedor (idProducto, idProveedor) VALUES (68, 87);
INSERT INTO producto_proveedor (idProducto, idProveedor) VALUES (46, 34);
INSERT INTO producto_proveedor (idProducto, idProveedor) VALUES (12, 25);
INSERT INTO producto_proveedor (idProducto, idProveedor) VALUES (35, 62);
INSERT INTO producto_proveedor (idProducto, idProveedor) VALUES (55, 33);
INSERT INTO producto_proveedor (idProducto, idProveedor) VALUES (52, 48);
INSERT INTO producto_proveedor (idProducto, idProveedor) VALUES (40, 56);
INSERT INTO producto_proveedor (idProducto, idProveedor) VALUES (56, 50);
INSERT INTO producto_proveedor (idProducto, idProveedor) VALUES (15, 93);
INSERT INTO producto_proveedor (idProducto, idProveedor) VALUES (76, 23);
INSERT INTO producto_proveedor (idProducto, idProveedor) VALUES (44, 88);
INSERT INTO producto_proveedor (idProducto, idProveedor) VALUES (83, 60);
INSERT INTO producto_proveedor (idProducto, idProveedor) VALUES (18, 59);
INSERT INTO producto_proveedor (idProducto, idProveedor) VALUES (24, 4);
INSERT INTO producto_proveedor (idProducto, idProveedor) VALUES (11, 47);
INSERT INTO producto_proveedor (idProducto, idProveedor) VALUES (85, 76);
INSERT INTO producto_proveedor (idProducto, idProveedor) VALUES (6, 57);
INSERT INTO producto_proveedor (idProducto, idProveedor) VALUES (13, 21);
INSERT INTO producto_proveedor (idProducto, idProveedor) VALUES (68, 13);
INSERT INTO producto_proveedor (idProducto, idProveedor) VALUES (4, 90);
INSERT INTO producto_proveedor (idProducto, idProveedor) VALUES (75, 69);
INSERT INTO producto_proveedor (idProducto, idProveedor) VALUES (71, 72);
INSERT INTO producto_proveedor (idProducto, idProveedor) VALUES (1, 21);
INSERT INTO producto_proveedor (idProducto, idProveedor) VALUES (71, 94);
INSERT INTO producto_proveedor (idProducto, idProveedor) VALUES (100, 6);
INSERT INTO producto_proveedor (idProducto, idProveedor) VALUES (34, 48);
INSERT INTO producto_proveedor (idProducto, idProveedor) VALUES (26, 60);
INSERT INTO producto_proveedor (idProducto, idProveedor) VALUES (40, 43);
INSERT INTO producto_proveedor (idProducto, idProveedor) VALUES (57, 37);
INSERT INTO producto_proveedor (idProducto, idProveedor) VALUES (81, 21);
INSERT INTO producto_proveedor (idProducto, idProveedor) VALUES (71, 57);
INSERT INTO producto_proveedor (idProducto, idProveedor) VALUES (22, 66);
INSERT INTO producto_proveedor (idProducto, idProveedor) VALUES (78, 20);
INSERT INTO producto_proveedor (idProducto, idProveedor) VALUES (98, 99);
INSERT INTO producto_proveedor (idProducto, idProveedor) VALUES (16, 67);
INSERT INTO producto_proveedor (idProducto, idProveedor) VALUES (13, 25);
INSERT INTO producto_proveedor (idProducto, idProveedor) VALUES (41, 83);
INSERT INTO producto_proveedor (idProducto, idProveedor) VALUES (74, 9);
INSERT INTO producto_proveedor (idProducto, idProveedor) VALUES (50, 39);
INSERT INTO producto_proveedor (idProducto, idProveedor) VALUES (25, 94);
INSERT INTO producto_proveedor (idProducto, idProveedor) VALUES (88, 75);
INSERT INTO producto_proveedor (idProducto, idProveedor) VALUES (64, 45);
INSERT INTO producto_proveedor (idProducto, idProveedor) VALUES (12, 7);
INSERT INTO producto_proveedor (idProducto, idProveedor) VALUES (38, 48);
INSERT INTO producto_proveedor (idProducto, idProveedor) VALUES (73, 95);
INSERT INTO producto_proveedor (idProducto, idProveedor) VALUES (76, 34);
INSERT INTO producto_proveedor (idProducto, idProveedor) VALUES (18, 9);
INSERT INTO producto_proveedor (idProducto, idProveedor) VALUES (74, 42);
INSERT INTO producto_proveedor (idProducto, idProveedor) VALUES (30, 9);
INSERT INTO producto_proveedor (idProducto, idProveedor) VALUES (25, 80);
INSERT INTO producto_proveedor (idProducto, idProveedor) VALUES (86, 30);
INSERT INTO producto_proveedor (idProducto, idProveedor) VALUES (75, 76);
INSERT INTO producto_proveedor (idProducto, idProveedor) VALUES (71, 1);
INSERT INTO producto_proveedor (idProducto, idProveedor) VALUES (97, 46);
INSERT INTO producto_proveedor (idProducto, idProveedor) VALUES (68, 14);
INSERT INTO producto_proveedor (idProducto, idProveedor) VALUES (95, 1);
INSERT INTO producto_proveedor (idProducto, idProveedor) VALUES (94, 99);
INSERT INTO producto_proveedor (idProducto, idProveedor) VALUES (80, 24);
INSERT INTO producto_proveedor (idProducto, idProveedor) VALUES (56, 64);
INSERT INTO producto_proveedor (idProducto, idProveedor) VALUES (25, 74);
INSERT INTO producto_proveedor (idProducto, idProveedor) VALUES (78, 16);
INSERT INTO producto_proveedor (idProducto, idProveedor) VALUES (76, 41);
INSERT INTO producto_proveedor (idProducto, idProveedor) VALUES (15, 96);
INSERT INTO producto_proveedor (idProducto, idProveedor) VALUES (96, 77);
INSERT INTO producto_proveedor (idProducto, idProveedor) VALUES (76, 39);
INSERT INTO producto_proveedor (idProducto, idProveedor) VALUES (68, 82);
INSERT INTO producto_proveedor (idProducto, idProveedor) VALUES (99, 65);
INSERT INTO producto_proveedor (idProducto, idProveedor) VALUES (24, 22);
INSERT INTO producto_proveedor (idProducto, idProveedor) VALUES (35, 30);
INSERT INTO producto_proveedor (idProducto, idProveedor) VALUES (48, 21);
INSERT INTO producto_proveedor (idProducto, idProveedor) VALUES (41, 89);
INSERT INTO producto_proveedor (idProducto, idProveedor) VALUES (98, 72);
INSERT INTO producto_proveedor (idProducto, idProveedor) VALUES (9, 73);
INSERT INTO producto_proveedor (idProducto, idProveedor) VALUES (17, 66);
INSERT INTO producto_proveedor (idProducto, idProveedor) VALUES (17, 71);
INSERT INTO producto_proveedor (idProducto, idProveedor) VALUES (76, 13);
INSERT INTO producto_proveedor (idProducto, idProveedor) VALUES (80, 75);
INSERT INTO producto_proveedor (idProducto, idProveedor) VALUES (88, 19);
INSERT INTO producto_proveedor (idProducto, idProveedor) VALUES (21, 86);
INSERT INTO producto_proveedor (idProducto, idProveedor) VALUES (40, 53);
INSERT INTO producto_proveedor (idProducto, idProveedor) VALUES (59, 31);
INSERT INTO producto_proveedor (idProducto, idProveedor) VALUES (69, 96);
INSERT INTO producto_proveedor (idProducto, idProveedor) VALUES (75, 33);
INSERT INTO producto_proveedor (idProducto, idProveedor) VALUES (40, 30);
INSERT INTO producto_proveedor (idProducto, idProveedor) VALUES (66, 10);
INSERT INTO producto_proveedor (idProducto, idProveedor) VALUES (71, 100);
INSERT INTO producto_proveedor (idProducto, idProveedor) VALUES (10, 79);
INSERT INTO producto_proveedor (idProducto, idProveedor) VALUES (83, 21);
INSERT INTO producto_proveedor (idProducto, idProveedor) VALUES (16, 51);
INSERT INTO producto_proveedor (idProducto, idProveedor) VALUES (18, 83);
INSERT INTO producto_proveedor (idProducto, idProveedor) VALUES (84, 46);
INSERT INTO producto_proveedor (idProducto, idProveedor) VALUES (78, 23);
INSERT INTO producto_proveedor (idProducto, idProveedor) VALUES (17, 8);
INSERT INTO producto_proveedor (idProducto, idProveedor) VALUES (47, 45);
INSERT INTO producto_proveedor (idProducto, idProveedor) VALUES (19, 78);
INSERT INTO producto_proveedor (idProducto, idProveedor) VALUES (53, 42);
INSERT INTO producto_proveedor (idProducto, idProveedor) VALUES (47, 24);
INSERT INTO producto_proveedor (idProducto, idProveedor) VALUES (98, 88);
INSERT INTO producto_proveedor (idProducto, idProveedor) VALUES (86, 16);
INSERT INTO producto_proveedor (idProducto, idProveedor) VALUES (33, 21);
INSERT INTO producto_proveedor (idProducto, idProveedor) VALUES (8, 50);
INSERT INTO producto_proveedor (idProducto, idProveedor) VALUES (98, 62);
INSERT INTO producto_proveedor (idProducto, idProveedor) VALUES (55, 41);
INSERT INTO producto_proveedor (idProducto, idProveedor) VALUES (24, 14);
INSERT INTO producto_proveedor (idProducto, idProveedor) VALUES (58, 57);
INSERT INTO producto_proveedor (idProducto, idProveedor) VALUES (6, 22);
INSERT INTO producto_proveedor (idProducto, idProveedor) VALUES (59, 10);
INSERT INTO producto_proveedor (idProducto, idProveedor) VALUES (60, 83);
INSERT INTO producto_proveedor (idProducto, idProveedor) VALUES (42, 76);
INSERT INTO producto_proveedor (idProducto, idProveedor) VALUES (17, 84);
INSERT INTO producto_proveedor (idProducto, idProveedor) VALUES (60, 64);
INSERT INTO producto_proveedor (idProducto, idProveedor) VALUES (70, 42);
INSERT INTO producto_proveedor (idProducto, idProveedor) VALUES (28, 74);
INSERT INTO producto_proveedor (idProducto, idProveedor) VALUES (77, 79);
INSERT INTO producto_proveedor (idProducto, idProveedor) VALUES (22, 46);
INSERT INTO producto_proveedor (idProducto, idProveedor) VALUES (39, 6);
INSERT INTO producto_proveedor (idProducto, idProveedor) VALUES (6, 24);
INSERT INTO producto_proveedor (idProducto, idProveedor) VALUES (10, 29);
INSERT INTO producto_proveedor (idProducto, idProveedor) VALUES (29, 2);
INSERT INTO producto_proveedor (idProducto, idProveedor) VALUES (24, 21);
INSERT INTO producto_proveedor (idProducto, idProveedor) VALUES (58, 73);
INSERT INTO producto_proveedor (idProducto, idProveedor) VALUES (18, 55);
INSERT INTO producto_proveedor (idProducto, idProveedor) VALUES (51, 99);
INSERT INTO producto_proveedor (idProducto, idProveedor) VALUES (29, 89);
INSERT INTO producto_proveedor (idProducto, idProveedor) VALUES (51, 5);
INSERT INTO producto_proveedor (idProducto, idProveedor) VALUES (94, 69);
INSERT INTO producto_proveedor (idProducto, idProveedor) VALUES (83, 37);
INSERT INTO producto_proveedor (idProducto, idProveedor) VALUES (85, 84);
INSERT INTO producto_proveedor (idProducto, idProveedor) VALUES (58, 89);
INSERT INTO producto_proveedor (idProducto, idProveedor) VALUES (79, 82);
INSERT INTO producto_proveedor (idProducto, idProveedor) VALUES (32, 16);
INSERT INTO producto_proveedor (idProducto, idProveedor) VALUES (72, 10);
INSERT INTO producto_proveedor (idProducto, idProveedor) VALUES (37, 91);
INSERT INTO producto_proveedor (idProducto, idProveedor) VALUES (68, 22);
INSERT INTO producto_proveedor (idProducto, idProveedor) VALUES (2, 13);
INSERT INTO producto_proveedor (idProducto, idProveedor) VALUES (92, 89);
INSERT INTO producto_proveedor (idProducto, idProveedor) VALUES (85, 25);
INSERT INTO producto_proveedor (idProducto, idProveedor) VALUES (89, 4);
INSERT INTO producto_proveedor (idProducto, idProveedor) VALUES (24, 77);
INSERT INTO producto_proveedor (idProducto, idProveedor) VALUES (27, 10);
INSERT INTO producto_proveedor (idProducto, idProveedor) VALUES (83, 34);
INSERT INTO producto_proveedor (idProducto, idProveedor) VALUES (71, 31);
INSERT INTO producto_proveedor (idProducto, idProveedor) VALUES (62, 31);
INSERT INTO producto_proveedor (idProducto, idProveedor) VALUES (56, 63);
INSERT INTO producto_proveedor (idProducto, idProveedor) VALUES (29, 22);


-- -----------------------------------------------------
-- 48 Inserts de tabla precio
-- -----------------------------------------------------
insert into precio (idPrecio, precio, fechaInicio, fechaFin, descripcion, idTipoHabitacion, idTipoCategoria) values (1, 200, '2013-11-04', null, 'Temporada Baja', 1, 1);
insert into precio (idPrecio, precio, fechaInicio, fechaFin, descripcion, idTipoHabitacion, idTipoCategoria) values (2, 250, '2014-04-05', null, 'Temporada Alta', 1, 2);
insert into precio (idPrecio, precio, fechaInicio, fechaFin, descripcion, idTipoHabitacion, idTipoCategoria) values (3, 400, '2013-10-23', null, 'Promocion Especial', 1, 3);
insert into precio (idPrecio, precio, fechaInicio, fechaFin, descripcion, idTipoHabitacion, idTipoCategoria) values (4, 450, '2016-01-13', null, 'Temporada Baja', 1, 4);
insert into precio (idPrecio, precio, fechaInicio, fechaFin, descripcion, idTipoHabitacion, idTipoCategoria) values (5, 250, '2013-10-11', null, 'Temporada Alta', 2, 1);
insert into precio (idPrecio, precio, fechaInicio, fechaFin, descripcion, idTipoHabitacion, idTipoCategoria) values (6, 300, '2014-02-14', null, 'Promocion Especial', 2, 2);
insert into precio (idPrecio, precio, fechaInicio, fechaFin, descripcion, idTipoHabitacion, idTipoCategoria) values (7, 450, '2012-09-03', null, 'Temporada Baja', 2, 3);
insert into precio (idPrecio, precio, fechaInicio, fechaFin, descripcion, idTipoHabitacion, idTipoCategoria) values (8, 500, '2012-07-21', null, 'Temporada Alta', 2, 4);
insert into precio (idPrecio, precio, fechaInicio, fechaFin, descripcion, idTipoHabitacion, idTipoCategoria) values (9, 300, '2012-02-03', null, 'Promocion Especial', 3, 1);
insert into precio (idPrecio, precio, fechaInicio, fechaFin, descripcion, idTipoHabitacion, idTipoCategoria) values (10, 350, '2016-07-24', null, 'Temporada Baja', 3, 2);
insert into precio (idPrecio, precio, fechaInicio, fechaFin, descripcion, idTipoHabitacion, idTipoCategoria) values (11, 500, '2017-08-14', null, 'Temporada Alta', 3, 3);
insert into precio (idPrecio, precio, fechaInicio, fechaFin, descripcion, idTipoHabitacion, idTipoCategoria) values (12, 550, '2016-04-18', null, 'Promocion Especial', 3, 4);
insert into precio (idPrecio, precio, fechaInicio, fechaFin, descripcion, idTipoHabitacion, idTipoCategoria) values (13, 400, '2016-03-03', null, 'Temporada Baja', 4, 1);
insert into precio (idPrecio, precio, fechaInicio, fechaFin, descripcion, idTipoHabitacion, idTipoCategoria) values (14, 450, '2012-03-08', null, 'Temporada Alta', 4, 2);
insert into precio (idPrecio, precio, fechaInicio, fechaFin, descripcion, idTipoHabitacion, idTipoCategoria) values (15, 600, '2015-11-28', null, 'Promocion Especial', 4, 3);
insert into precio (idPrecio, precio, fechaInicio, fechaFin, descripcion, idTipoHabitacion, idTipoCategoria) values (16, 650, '2013-11-17', null, 'Temporada Baja', 4, 4);
insert into precio (idPrecio, precio, fechaInicio, fechaFin, descripcion, idTipoHabitacion, idTipoCategoria) values (17, 200, '2012-12-22', null, 'Temporada Alta', 1, 1);
insert into precio (idPrecio, precio, fechaInicio, fechaFin, descripcion, idTipoHabitacion, idTipoCategoria) values (18, 250, '2017-07-18', null, 'Promocion Especial', 1, 2);
insert into precio (idPrecio, precio, fechaInicio, fechaFin, descripcion, idTipoHabitacion, idTipoCategoria) values (19, 400, '2012-12-11', null, 'Temporada Baja', 1, 3);
insert into precio (idPrecio, precio, fechaInicio, fechaFin, descripcion, idTipoHabitacion, idTipoCategoria) values (20, 450, '2017-09-21', null, 'Temporada Alta', 1, 4);
insert into precio (idPrecio, precio, fechaInicio, fechaFin, descripcion, idTipoHabitacion, idTipoCategoria) values (21, 250, '2012-06-26', null, 'Promocion Especial', 2, 1);
insert into precio (idPrecio, precio, fechaInicio, fechaFin, descripcion, idTipoHabitacion, idTipoCategoria) values (22, 300, '2014-11-06', null, 'Temporada Baja', 2, 2);
insert into precio (idPrecio, precio, fechaInicio, fechaFin, descripcion, idTipoHabitacion, idTipoCategoria) values (23, 450, '2012-07-30', null, 'Temporada Alta', 2, 3);
insert into precio (idPrecio, precio, fechaInicio, fechaFin, descripcion, idTipoHabitacion, idTipoCategoria) values (24, 500, '2015-11-18', null, 'Promocion Especial', 2, 4);
insert into precio (idPrecio, precio, fechaInicio, fechaFin, descripcion, idTipoHabitacion, idTipoCategoria) values (25, 300, '2014-03-27', null, 'Temporada Baja', 3, 1);
insert into precio (idPrecio, precio, fechaInicio, fechaFin, descripcion, idTipoHabitacion, idTipoCategoria) values (26, 350, '2014-06-26', null, 'Temporada Alta', 3, 2);
insert into precio (idPrecio, precio, fechaInicio, fechaFin, descripcion, idTipoHabitacion, idTipoCategoria) values (27, 500, '2017-09-10', null, 'Promocion Especial', 3, 3);
insert into precio (idPrecio, precio, fechaInicio, fechaFin, descripcion, idTipoHabitacion, idTipoCategoria) values (28, 550, '2015-09-01', null, 'Temporada Baja', 3, 4);
insert into precio (idPrecio, precio, fechaInicio, fechaFin, descripcion, idTipoHabitacion, idTipoCategoria) values (29, 400, '2016-03-25', null, 'Temporada Alta', 4, 1);
insert into precio (idPrecio, precio, fechaInicio, fechaFin, descripcion, idTipoHabitacion, idTipoCategoria) values (30, 450, '2014-11-26', null, 'Promocion Especial', 4, 2);
insert into precio (idPrecio, precio, fechaInicio, fechaFin, descripcion, idTipoHabitacion, idTipoCategoria) values (31, 600, '2014-09-26', null, 'Temporada Baja', 4, 3);
insert into precio (idPrecio, precio, fechaInicio, fechaFin, descripcion, idTipoHabitacion, idTipoCategoria) values (32, 650, '2012-01-10', null, 'Temporada Alta', 4, 4);
insert into precio (idPrecio, precio, fechaInicio, fechaFin, descripcion, idTipoHabitacion, idTipoCategoria) values (33, 200, '2016-03-02', null, 'Promocion Especial', 1, 1);
insert into precio (idPrecio, precio, fechaInicio, fechaFin, descripcion, idTipoHabitacion, idTipoCategoria) values (34, 250, '2014-10-14', null, 'Temporada Baja', 1, 2);
insert into precio (idPrecio, precio, fechaInicio, fechaFin, descripcion, idTipoHabitacion, idTipoCategoria) values (35, 400, '2016-03-10', null, 'Temporada Alta', 1, 3);
insert into precio (idPrecio, precio, fechaInicio, fechaFin, descripcion, idTipoHabitacion, idTipoCategoria) values (36, 450, '2015-02-03', null, 'Promocion Especial', 1, 4);
insert into precio (idPrecio, precio, fechaInicio, fechaFin, descripcion, idTipoHabitacion, idTipoCategoria) values (37, 250, '2016-01-25', null, 'Temporada Baja', 2, 1);
insert into precio (idPrecio, precio, fechaInicio, fechaFin, descripcion, idTipoHabitacion, idTipoCategoria) values (38, 300, '2017-01-29', null, 'Temporada Alta', 2, 2);
insert into precio (idPrecio, precio, fechaInicio, fechaFin, descripcion, idTipoHabitacion, idTipoCategoria) values (39, 450, '2015-04-08', null, 'Promocion Especial', 2, 3);
insert into precio (idPrecio, precio, fechaInicio, fechaFin, descripcion, idTipoHabitacion, idTipoCategoria) values (40, 500, '2015-07-13', null, 'Temporada Baja', 2, 4);
insert into precio (idPrecio, precio, fechaInicio, fechaFin, descripcion, idTipoHabitacion, idTipoCategoria) values (41, 300, '2015-07-06', null, 'Temporada Alta', 3, 1);
insert into precio (idPrecio, precio, fechaInicio, fechaFin, descripcion, idTipoHabitacion, idTipoCategoria) values (42, 350, '2017-11-07', null, 'Promocion Especial', 3, 2);
insert into precio (idPrecio, precio, fechaInicio, fechaFin, descripcion, idTipoHabitacion, idTipoCategoria) values (43, 500, '2016-04-15', null, 'Temporada Baja', 3, 3);
insert into precio (idPrecio, precio, fechaInicio, fechaFin, descripcion, idTipoHabitacion, idTipoCategoria) values (44, 550, '2014-01-12', null, 'Temporada Alta', 3, 4);
insert into precio (idPrecio, precio, fechaInicio, fechaFin, descripcion, idTipoHabitacion, idTipoCategoria) values (45, 400, '2017-07-24', null, 'Promocion Especial', 4, 1);
insert into precio (idPrecio, precio, fechaInicio, fechaFin, descripcion, idTipoHabitacion, idTipoCategoria) values (46, 450, '2012-09-14', null, 'Temporada Baja', 4, 2);
insert into precio (idPrecio, precio, fechaInicio, fechaFin, descripcion, idTipoHabitacion, idTipoCategoria) values (47, 600, '2016-07-02', null, 'Temporada Alta', 4, 3);
insert into precio (idPrecio, precio, fechaInicio, fechaFin, descripcion, idTipoHabitacion, idTipoCategoria) values (48, 650, '2012-09-11', null, 'Promocion Especial', 4, 4);


-- -----------------------------------------------------
-- 15 Inserts de tabla plato
-- -----------------------------------------------------
INSERT INTO plato (idPlato, nombre, precio, bebida, imagen, estado, descripcion, idMenu) VALUES (1, 'Risotto de calabaza', 322, 'natural', 'image/gif', 'I', 'Mauris sit amet eros.', 3);
INSERT INTO plato (idPlato, nombre, precio, bebida, imagen, estado, descripcion, idMenu) VALUES (2, 'orden de pupusas', 336, 'natural', 'image/x-tiff', 'A', 'Vestibulum ante ipsum primis in faucibus orci luctus et ultrices posuere cubilia Curae; Nulla dapibus dolor vel est.', 3);
INSERT INTO plato (idPlato, nombre, precio, bebida, imagen, estado, descripcion, idMenu) VALUES (3, 'Fajitas de pollo', 245, 'natural', 'image/gif', 'I', 'Cras in purus eu magna vulputate luctus.', 4);
INSERT INTO plato (idPlato, nombre, precio, bebida, imagen, estado, descripcion, idMenu) VALUES (4, 'orden de gringas', 535, 'soda', 'image/pjpeg', 'I', 'Maecenas ut massa quis augue luctus tincidunt.', 2);
INSERT INTO plato (idPlato, nombre, precio, bebida, imagen, estado, descripcion, idMenu) VALUES (5, 'Minestrone de lentejas', 326, 'natural', 'image/pjpeg', 'A', 'Nullam varius.', 1);
INSERT INTO plato (idPlato, nombre, precio, bebida, imagen, estado, descripcion, idMenu) VALUES (6, 'tacos suaves', 598, 'soda', 'image/x-tiff', 'A', 'Vivamus vestibulum sagittis sapien.', 5);
INSERT INTO plato (idPlato, nombre, precio, bebida, imagen, estado, descripcion, idMenu) VALUES (7, 'Helado Banana Split', 213, 'soda', 'image/gif', 'I', 'Proin eu mi.', 4);
INSERT INTO plato (idPlato, nombre, precio, bebida, imagen, estado, descripcion, idMenu) VALUES (8, 'lomo saltado', 193, 'soda', 'image/x-tiff', 'I', 'Duis at velit eu est congue elementum.', 5);
INSERT INTO plato (idPlato, nombre, precio, bebida, imagen, estado, descripcion, idMenu) VALUES (9, 'pie de limon', 339, 'natural', 'image/pjpeg', 'A', 'Donec semper sapien a libero.', 4);
INSERT INTO plato (idPlato, nombre, precio, bebida, imagen, estado, descripcion, idMenu) VALUES (10, 'Pollo al horno con patatas', 598, 'natural', 'image/pjpeg', 'A', 'Cras pellentesque volutpat dui.', 1);
INSERT INTO plato (idPlato, nombre, precio, bebida, imagen, estado, descripcion, idMenu) VALUES (11, 'Sashimi variado', 391, 'soda', 'image/tiff', 'A', 'Donec diam neque, vestibulum eget, vulputate ut, ultrices vel, augue.', 4);
INSERT INTO plato (idPlato, nombre, precio, bebida, imagen, estado, descripcion, idMenu) VALUES (12, 'Tostadas mexicanas', 523, 'soda', 'image/png', 'I', 'Vestibulum ante ipsum primis in faucibus orci luctus et ultrices posuere cubilia Curae; Mauris viverra diam vitae quam.', 1);
INSERT INTO plato (idPlato, nombre, precio, bebida, imagen, estado, descripcion, idMenu) VALUES (13, 'Perros calientes', 401, 'soda', 'image/tiff', 'I', 'Nullam varius.', 4);
INSERT INTO plato (idPlato, nombre, precio, bebida, imagen, estado, descripcion, idMenu) VALUES (14, 'Pollo frito', 177, 'natural', 'image/pjpeg', 'A', 'Nullam orci pede, venenatis non, sodales sed, tincidunt eu, felis.', 2);
INSERT INTO plato (idPlato, nombre, precio, bebida, imagen, estado, descripcion, idMenu) VALUES (15, 'Tacos mexicanos al pastor', 331, 'soda', 'image/jpeg', 'I', 'Quisque id justo sit amet sapien dignissim vestibulum.', 2);


-- -----------------------------------------------------
-- 100 Inserts de tabla plato_producto
-- -----------------------------------------------------
INSERT INTO plato_producto (idPlato, idProducto, cantidadUsada) VALUES (11, 1, 40);
INSERT INTO plato_producto (idPlato, idProducto, cantidadUsada) VALUES (4, 2, 50);
INSERT INTO plato_producto (idPlato, idProducto, cantidadUsada) VALUES (2, 3, 16);
INSERT INTO plato_producto (idPlato, idProducto, cantidadUsada) VALUES (6, 4, 18);
INSERT INTO plato_producto (idPlato, idProducto, cantidadUsada) VALUES (4, 5, 30);
INSERT INTO plato_producto (idPlato, idProducto, cantidadUsada) VALUES (4, 6, 13);
INSERT INTO plato_producto (idPlato, idProducto, cantidadUsada) VALUES (9, 7, 5);
INSERT INTO plato_producto (idPlato, idProducto, cantidadUsada) VALUES (13, 8, 12);
INSERT INTO plato_producto (idPlato, idProducto, cantidadUsada) VALUES (11, 9, 21);
INSERT INTO plato_producto (idPlato, idProducto, cantidadUsada) VALUES (13, 10, 13);
INSERT INTO plato_producto (idPlato, idProducto, cantidadUsada) VALUES (1, 11, 33);
INSERT INTO plato_producto (idPlato, idProducto, cantidadUsada) VALUES (7, 12, 32);
INSERT INTO plato_producto (idPlato, idProducto, cantidadUsada) VALUES (4, 13, 10);
INSERT INTO plato_producto (idPlato, idProducto, cantidadUsada) VALUES (5, 14, 1);
INSERT INTO plato_producto (idPlato, idProducto, cantidadUsada) VALUES (11, 15, 47);
INSERT INTO plato_producto (idPlato, idProducto, cantidadUsada) VALUES (6, 16, 20);
INSERT INTO plato_producto (idPlato, idProducto, cantidadUsada) VALUES (4, 17, 13);
INSERT INTO plato_producto (idPlato, idProducto, cantidadUsada) VALUES (4, 18, 43);
INSERT INTO plato_producto (idPlato, idProducto, cantidadUsada) VALUES (10, 19, 17);
INSERT INTO plato_producto (idPlato, idProducto, cantidadUsada) VALUES (13, 20, 10);
INSERT INTO plato_producto (idPlato, idProducto, cantidadUsada) VALUES (9, 21, 41);
INSERT INTO plato_producto (idPlato, idProducto, cantidadUsada) VALUES (10, 22, 43);
INSERT INTO plato_producto (idPlato, idProducto, cantidadUsada) VALUES (14, 23, 21);
INSERT INTO plato_producto (idPlato, idProducto, cantidadUsada) VALUES (3, 24, 26);
INSERT INTO plato_producto (idPlato, idProducto, cantidadUsada) VALUES (11, 25, 21);
INSERT INTO plato_producto (idPlato, idProducto, cantidadUsada) VALUES (9, 26, 5);
INSERT INTO plato_producto (idPlato, idProducto, cantidadUsada) VALUES (5, 27, 13);
INSERT INTO plato_producto (idPlato, idProducto, cantidadUsada) VALUES (7, 28, 25);
INSERT INTO plato_producto (idPlato, idProducto, cantidadUsada) VALUES (6, 29, 17);
INSERT INTO plato_producto (idPlato, idProducto, cantidadUsada) VALUES (10, 30, 12);
INSERT INTO plato_producto (idPlato, idProducto, cantidadUsada) VALUES (15, 31, 33);
INSERT INTO plato_producto (idPlato, idProducto, cantidadUsada) VALUES (3, 32, 45);
INSERT INTO plato_producto (idPlato, idProducto, cantidadUsada) VALUES (12, 33, 49);
INSERT INTO plato_producto (idPlato, idProducto, cantidadUsada) VALUES (13, 34, 7);
INSERT INTO plato_producto (idPlato, idProducto, cantidadUsada) VALUES (11, 35, 6);
INSERT INTO plato_producto (idPlato, idProducto, cantidadUsada) VALUES (8, 36, 12);
INSERT INTO plato_producto (idPlato, idProducto, cantidadUsada) VALUES (4, 37, 12);
INSERT INTO plato_producto (idPlato, idProducto, cantidadUsada) VALUES (15, 38, 33);
INSERT INTO plato_producto (idPlato, idProducto, cantidadUsada) VALUES (11, 39, 45);
INSERT INTO plato_producto (idPlato, idProducto, cantidadUsada) VALUES (9, 40, 7);
INSERT INTO plato_producto (idPlato, idProducto, cantidadUsada) VALUES (3, 41, 45);
INSERT INTO plato_producto (idPlato, idProducto, cantidadUsada) VALUES (5, 42, 17);
INSERT INTO plato_producto (idPlato, idProducto, cantidadUsada) VALUES (4, 43, 9);
INSERT INTO plato_producto (idPlato, idProducto, cantidadUsada) VALUES (6, 44, 41);
INSERT INTO plato_producto (idPlato, idProducto, cantidadUsada) VALUES (15, 45, 17);
INSERT INTO plato_producto (idPlato, idProducto, cantidadUsada) VALUES (5, 46, 21);
INSERT INTO plato_producto (idPlato, idProducto, cantidadUsada) VALUES (11, 47, 16);
INSERT INTO plato_producto (idPlato, idProducto, cantidadUsada) VALUES (11, 48, 45);
INSERT INTO plato_producto (idPlato, idProducto, cantidadUsada) VALUES (2, 49, 3);
INSERT INTO plato_producto (idPlato, idProducto, cantidadUsada) VALUES (12, 50, 37);
INSERT INTO plato_producto (idPlato, idProducto, cantidadUsada) VALUES (12, 51, 36);
INSERT INTO plato_producto (idPlato, idProducto, cantidadUsada) VALUES (12, 52, 8);
INSERT INTO plato_producto (idPlato, idProducto, cantidadUsada) VALUES (13, 53, 17);
INSERT INTO plato_producto (idPlato, idProducto, cantidadUsada) VALUES (2, 54, 33);
INSERT INTO plato_producto (idPlato, idProducto, cantidadUsada) VALUES (13, 55, 2);
INSERT INTO plato_producto (idPlato, idProducto, cantidadUsada) VALUES (14, 56, 31);
INSERT INTO plato_producto (idPlato, idProducto, cantidadUsada) VALUES (4, 57, 36);
INSERT INTO plato_producto (idPlato, idProducto, cantidadUsada) VALUES (1, 58, 7);
INSERT INTO plato_producto (idPlato, idProducto, cantidadUsada) VALUES (2, 59, 31);
INSERT INTO plato_producto (idPlato, idProducto, cantidadUsada) VALUES (8, 60, 35);
INSERT INTO plato_producto (idPlato, idProducto, cantidadUsada) VALUES (4, 61, 48);
INSERT INTO plato_producto (idPlato, idProducto, cantidadUsada) VALUES (9, 62, 2);
INSERT INTO plato_producto (idPlato, idProducto, cantidadUsada) VALUES (8, 63, 36);
INSERT INTO plato_producto (idPlato, idProducto, cantidadUsada) VALUES (3, 64, 4);
INSERT INTO plato_producto (idPlato, idProducto, cantidadUsada) VALUES (4, 65, 34);
INSERT INTO plato_producto (idPlato, idProducto, cantidadUsada) VALUES (8, 66, 33);
INSERT INTO plato_producto (idPlato, idProducto, cantidadUsada) VALUES (2, 67, 28);
INSERT INTO plato_producto (idPlato, idProducto, cantidadUsada) VALUES (9, 68, 4);
INSERT INTO plato_producto (idPlato, idProducto, cantidadUsada) VALUES (13, 69, 39);
INSERT INTO plato_producto (idPlato, idProducto, cantidadUsada) VALUES (7, 70, 1);
INSERT INTO plato_producto (idPlato, idProducto, cantidadUsada) VALUES (1, 71, 43);
INSERT INTO plato_producto (idPlato, idProducto, cantidadUsada) VALUES (5, 72, 17);
INSERT INTO plato_producto (idPlato, idProducto, cantidadUsada) VALUES (7, 73, 35);
INSERT INTO plato_producto (idPlato, idProducto, cantidadUsada) VALUES (15, 74, 7);
INSERT INTO plato_producto (idPlato, idProducto, cantidadUsada) VALUES (1, 75, 48);
INSERT INTO plato_producto (idPlato, idProducto, cantidadUsada) VALUES (7, 76, 4);
INSERT INTO plato_producto (idPlato, idProducto, cantidadUsada) VALUES (2, 77, 11);
INSERT INTO plato_producto (idPlato, idProducto, cantidadUsada) VALUES (13, 78, 34);
INSERT INTO plato_producto (idPlato, idProducto, cantidadUsada) VALUES (14, 79, 22);
INSERT INTO plato_producto (idPlato, idProducto, cantidadUsada) VALUES (5, 80, 34);
INSERT INTO plato_producto (idPlato, idProducto, cantidadUsada) VALUES (6, 81, 25);
INSERT INTO plato_producto (idPlato, idProducto, cantidadUsada) VALUES (9, 82, 35);
INSERT INTO plato_producto (idPlato, idProducto, cantidadUsada) VALUES (15, 83, 9);
INSERT INTO plato_producto (idPlato, idProducto, cantidadUsada) VALUES (9, 84, 11);
INSERT INTO plato_producto (idPlato, idProducto, cantidadUsada) VALUES (4, 85, 37);
INSERT INTO plato_producto (idPlato, idProducto, cantidadUsada) VALUES (3, 86, 4);
INSERT INTO plato_producto (idPlato, idProducto, cantidadUsada) VALUES (12, 87, 38);
INSERT INTO plato_producto (idPlato, idProducto, cantidadUsada) VALUES (10, 88, 42);
INSERT INTO plato_producto (idPlato, idProducto, cantidadUsada) VALUES (15, 89, 34);
INSERT INTO plato_producto (idPlato, idProducto, cantidadUsada) VALUES (13, 90, 22);
INSERT INTO plato_producto (idPlato, idProducto, cantidadUsada) VALUES (14, 91, 38);
INSERT INTO plato_producto (idPlato, idProducto, cantidadUsada) VALUES (11, 92, 29);
INSERT INTO plato_producto (idPlato, idProducto, cantidadUsada) VALUES (3, 93, 4);
INSERT INTO plato_producto (idPlato, idProducto, cantidadUsada) VALUES (5, 94, 34);
INSERT INTO plato_producto (idPlato, idProducto, cantidadUsada) VALUES (4, 95, 15);
INSERT INTO plato_producto (idPlato, idProducto, cantidadUsada) VALUES (5, 96, 29);
INSERT INTO plato_producto (idPlato, idProducto, cantidadUsada) VALUES (10, 97, 17);
INSERT INTO plato_producto (idPlato, idProducto, cantidadUsada) VALUES (7, 98, 10);
INSERT INTO plato_producto (idPlato, idProducto, cantidadUsada) VALUES (6, 99, 17);
INSERT INTO plato_producto (idPlato, idProducto, cantidadUsada) VALUES (12, 100, 36);


-- -----------------------------------------------------
-- 200 Inserts de tabla plato_pedido
-- -----------------------------------------------------
INSERT INTO plato_pedido (idPlato, idPedido, cantidadPedido) VALUES (1, 1, 46);
INSERT INTO plato_pedido (idPlato, idPedido, cantidadPedido) VALUES (8, 2, 32);
INSERT INTO plato_pedido (idPlato, idPedido, cantidadPedido) VALUES (7, 3, 29);
INSERT INTO plato_pedido (idPlato, idPedido, cantidadPedido) VALUES (2, 4, 10);
INSERT INTO plato_pedido (idPlato, idPedido, cantidadPedido) VALUES (15, 5, 9);
INSERT INTO plato_pedido (idPlato, idPedido, cantidadPedido) VALUES (5, 6, 39);
INSERT INTO plato_pedido (idPlato, idPedido, cantidadPedido) VALUES (13, 7, 37);
INSERT INTO plato_pedido (idPlato, idPedido, cantidadPedido) VALUES (5, 8, 42);
INSERT INTO plato_pedido (idPlato, idPedido, cantidadPedido) VALUES (6, 9, 50);
INSERT INTO plato_pedido (idPlato, idPedido, cantidadPedido) VALUES (1, 10, 5);
INSERT INTO plato_pedido (idPlato, idPedido, cantidadPedido) VALUES (12, 11, 5);
INSERT INTO plato_pedido (idPlato, idPedido, cantidadPedido) VALUES (5, 12, 20);
INSERT INTO plato_pedido (idPlato, idPedido, cantidadPedido) VALUES (1, 13, 30);
INSERT INTO plato_pedido (idPlato, idPedido, cantidadPedido) VALUES (5, 14, 49);
INSERT INTO plato_pedido (idPlato, idPedido, cantidadPedido) VALUES (7, 15, 23);
INSERT INTO plato_pedido (idPlato, idPedido, cantidadPedido) VALUES (8, 16, 2);
INSERT INTO plato_pedido (idPlato, idPedido, cantidadPedido) VALUES (1, 17, 2);
INSERT INTO plato_pedido (idPlato, idPedido, cantidadPedido) VALUES (15, 18, 39);
INSERT INTO plato_pedido (idPlato, idPedido, cantidadPedido) VALUES (2, 19, 29);
INSERT INTO plato_pedido (idPlato, idPedido, cantidadPedido) VALUES (6, 20, 4);
INSERT INTO plato_pedido (idPlato, idPedido, cantidadPedido) VALUES (7, 21, 8);
INSERT INTO plato_pedido (idPlato, idPedido, cantidadPedido) VALUES (9, 22, 5);
INSERT INTO plato_pedido (idPlato, idPedido, cantidadPedido) VALUES (10, 23, 20);
INSERT INTO plato_pedido (idPlato, idPedido, cantidadPedido) VALUES (15, 24, 43);
INSERT INTO plato_pedido (idPlato, idPedido, cantidadPedido) VALUES (12, 25, 12);
INSERT INTO plato_pedido (idPlato, idPedido, cantidadPedido) VALUES (3, 26, 3);
INSERT INTO plato_pedido (idPlato, idPedido, cantidadPedido) VALUES (5, 27, 24);
INSERT INTO plato_pedido (idPlato, idPedido, cantidadPedido) VALUES (9, 28, 31);
INSERT INTO plato_pedido (idPlato, idPedido, cantidadPedido) VALUES (15, 29, 15);
INSERT INTO plato_pedido (idPlato, idPedido, cantidadPedido) VALUES (2, 30, 1);
INSERT INTO plato_pedido (idPlato, idPedido, cantidadPedido) VALUES (3, 31, 10);
INSERT INTO plato_pedido (idPlato, idPedido, cantidadPedido) VALUES (5, 32, 41);
INSERT INTO plato_pedido (idPlato, idPedido, cantidadPedido) VALUES (13, 33, 30);
INSERT INTO plato_pedido (idPlato, idPedido, cantidadPedido) VALUES (15, 34, 25);
INSERT INTO plato_pedido (idPlato, idPedido, cantidadPedido) VALUES (11, 35, 36);
INSERT INTO plato_pedido (idPlato, idPedido, cantidadPedido) VALUES (12, 36, 26);
INSERT INTO plato_pedido (idPlato, idPedido, cantidadPedido) VALUES (3, 37, 1);
INSERT INTO plato_pedido (idPlato, idPedido, cantidadPedido) VALUES (3, 38, 37);
INSERT INTO plato_pedido (idPlato, idPedido, cantidadPedido) VALUES (13, 39, 35);
INSERT INTO plato_pedido (idPlato, idPedido, cantidadPedido) VALUES (8, 40, 28);
INSERT INTO plato_pedido (idPlato, idPedido, cantidadPedido) VALUES (3, 41, 4);
INSERT INTO plato_pedido (idPlato, idPedido, cantidadPedido) VALUES (3, 42, 13);
INSERT INTO plato_pedido (idPlato, idPedido, cantidadPedido) VALUES (12, 43, 30);
INSERT INTO plato_pedido (idPlato, idPedido, cantidadPedido) VALUES (13, 44, 17);
INSERT INTO plato_pedido (idPlato, idPedido, cantidadPedido) VALUES (13, 45, 9);
INSERT INTO plato_pedido (idPlato, idPedido, cantidadPedido) VALUES (7, 46, 39);
INSERT INTO plato_pedido (idPlato, idPedido, cantidadPedido) VALUES (9, 47, 49);
INSERT INTO plato_pedido (idPlato, idPedido, cantidadPedido) VALUES (14, 48, 31);
INSERT INTO plato_pedido (idPlato, idPedido, cantidadPedido) VALUES (10, 49, 33);
INSERT INTO plato_pedido (idPlato, idPedido, cantidadPedido) VALUES (14, 50, 13);
INSERT INTO plato_pedido (idPlato, idPedido, cantidadPedido) VALUES (8, 51, 27);
INSERT INTO plato_pedido (idPlato, idPedido, cantidadPedido) VALUES (9, 52, 36);
INSERT INTO plato_pedido (idPlato, idPedido, cantidadPedido) VALUES (15, 53, 6);
INSERT INTO plato_pedido (idPlato, idPedido, cantidadPedido) VALUES (14, 54, 50);
INSERT INTO plato_pedido (idPlato, idPedido, cantidadPedido) VALUES (8, 55, 49);
INSERT INTO plato_pedido (idPlato, idPedido, cantidadPedido) VALUES (12, 56, 1);
INSERT INTO plato_pedido (idPlato, idPedido, cantidadPedido) VALUES (2, 57, 24);
INSERT INTO plato_pedido (idPlato, idPedido, cantidadPedido) VALUES (1, 58, 50);
INSERT INTO plato_pedido (idPlato, idPedido, cantidadPedido) VALUES (9, 59, 18);
INSERT INTO plato_pedido (idPlato, idPedido, cantidadPedido) VALUES (10, 60, 3);
INSERT INTO plato_pedido (idPlato, idPedido, cantidadPedido) VALUES (7, 61, 22);
INSERT INTO plato_pedido (idPlato, idPedido, cantidadPedido) VALUES (11, 62, 6);
INSERT INTO plato_pedido (idPlato, idPedido, cantidadPedido) VALUES (12, 63, 22);
INSERT INTO plato_pedido (idPlato, idPedido, cantidadPedido) VALUES (15, 64, 8);
INSERT INTO plato_pedido (idPlato, idPedido, cantidadPedido) VALUES (9, 65, 34);
INSERT INTO plato_pedido (idPlato, idPedido, cantidadPedido) VALUES (6, 66, 36);
INSERT INTO plato_pedido (idPlato, idPedido, cantidadPedido) VALUES (2, 67, 10);
INSERT INTO plato_pedido (idPlato, idPedido, cantidadPedido) VALUES (6, 68, 2);
INSERT INTO plato_pedido (idPlato, idPedido, cantidadPedido) VALUES (4, 69, 43);
INSERT INTO plato_pedido (idPlato, idPedido, cantidadPedido) VALUES (4, 70, 36);
INSERT INTO plato_pedido (idPlato, idPedido, cantidadPedido) VALUES (2, 71, 8);
INSERT INTO plato_pedido (idPlato, idPedido, cantidadPedido) VALUES (6, 72, 2);
INSERT INTO plato_pedido (idPlato, idPedido, cantidadPedido) VALUES (8, 73, 44);
INSERT INTO plato_pedido (idPlato, idPedido, cantidadPedido) VALUES (1, 74, 9);
INSERT INTO plato_pedido (idPlato, idPedido, cantidadPedido) VALUES (13, 75, 26);
INSERT INTO plato_pedido (idPlato, idPedido, cantidadPedido) VALUES (11, 76, 14);
INSERT INTO plato_pedido (idPlato, idPedido, cantidadPedido) VALUES (6, 77, 24);
INSERT INTO plato_pedido (idPlato, idPedido, cantidadPedido) VALUES (15, 78, 15);
INSERT INTO plato_pedido (idPlato, idPedido, cantidadPedido) VALUES (2, 79, 14);
INSERT INTO plato_pedido (idPlato, idPedido, cantidadPedido) VALUES (15, 80, 31);
INSERT INTO plato_pedido (idPlato, idPedido, cantidadPedido) VALUES (10, 81, 18);
INSERT INTO plato_pedido (idPlato, idPedido, cantidadPedido) VALUES (4, 82, 27);
INSERT INTO plato_pedido (idPlato, idPedido, cantidadPedido) VALUES (9, 83, 22);
INSERT INTO plato_pedido (idPlato, idPedido, cantidadPedido) VALUES (11, 84, 11);
INSERT INTO plato_pedido (idPlato, idPedido, cantidadPedido) VALUES (9, 85, 5);
INSERT INTO plato_pedido (idPlato, idPedido, cantidadPedido) VALUES (3, 86, 8);
INSERT INTO plato_pedido (idPlato, idPedido, cantidadPedido) VALUES (4, 87, 45);
INSERT INTO plato_pedido (idPlato, idPedido, cantidadPedido) VALUES (8, 88, 24);
INSERT INTO plato_pedido (idPlato, idPedido, cantidadPedido) VALUES (2, 89, 20);
INSERT INTO plato_pedido (idPlato, idPedido, cantidadPedido) VALUES (12, 90, 12);
INSERT INTO plato_pedido (idPlato, idPedido, cantidadPedido) VALUES (3, 91, 35);
INSERT INTO plato_pedido (idPlato, idPedido, cantidadPedido) VALUES (11, 92, 9);
INSERT INTO plato_pedido (idPlato, idPedido, cantidadPedido) VALUES (9, 93, 39);
INSERT INTO plato_pedido (idPlato, idPedido, cantidadPedido) VALUES (15, 94, 19);
INSERT INTO plato_pedido (idPlato, idPedido, cantidadPedido) VALUES (3, 95, 1);
INSERT INTO plato_pedido (idPlato, idPedido, cantidadPedido) VALUES (14, 96, 14);
INSERT INTO plato_pedido (idPlato, idPedido, cantidadPedido) VALUES (10, 97, 1);
INSERT INTO plato_pedido (idPlato, idPedido, cantidadPedido) VALUES (6, 98, 48);
INSERT INTO plato_pedido (idPlato, idPedido, cantidadPedido) VALUES (5, 99, 9);
INSERT INTO plato_pedido (idPlato, idPedido, cantidadPedido) VALUES (6, 100, 34);


-- -----------------------------------------------------
-- 105 Inserts de tabla encabezadoPanilla
-- -----------------------------------------------------
INSERT INTO EncabezadoPlanilla (idEncabezadoPlanilla, fechaInicio, fechaFin, observacion, idEmpleado) VALUES (1, '2017-04-16 22:55:05', '2017-04-22 12:44:58', 'In tempor, turpis nec euismod scelerisque, quam turpis adipiscing lorem, vitae mattis nibh ligula nec sem.', 1);
INSERT INTO EncabezadoPlanilla (idEncabezadoPlanilla, fechaInicio, fechaFin, observacion, idEmpleado) VALUES (2, '2017-10-22 14:45:14', '2017-04-24 19:59:33', 'Praesent lectus.', 2);
INSERT INTO EncabezadoPlanilla (idEncabezadoPlanilla, fechaInicio, fechaFin, observacion, idEmpleado) VALUES (3, '2017-11-15 12:38:42', '2017-09-11 17:59:43', 'Suspendisse potenti.', 3);
INSERT INTO EncabezadoPlanilla (idEncabezadoPlanilla, fechaInicio, fechaFin, observacion, idEmpleado) VALUES (4, '2017-12-06 10:55:10', '2017-09-19 21:17:59', 'Integer tincidunt ante vel ipsum.', 4);
INSERT INTO EncabezadoPlanilla (idEncabezadoPlanilla, fechaInicio, fechaFin, observacion, idEmpleado) VALUES (5, '2017-11-20 15:49:17', '2017-12-02 15:15:53', 'Maecenas rhoncus aliquam lacus.', 5);
INSERT INTO EncabezadoPlanilla (idEncabezadoPlanilla, fechaInicio, fechaFin, observacion, idEmpleado) VALUES (6, '2017-04-11 19:57:00', '2018-03-06 06:47:47', 'Sed accumsan felis.', 6);
INSERT INTO EncabezadoPlanilla (idEncabezadoPlanilla, fechaInicio, fechaFin, observacion, idEmpleado) VALUES (7, '2017-08-21 09:29:25', '2018-02-27 11:27:13', 'Nulla ut erat id mauris vulputate elementum.', 7);
INSERT INTO EncabezadoPlanilla (idEncabezadoPlanilla, fechaInicio, fechaFin, observacion, idEmpleado) VALUES (8, '2017-06-16 00:09:01', '2017-06-22 19:56:09', 'Morbi odio odio, elementum eu, interdum eu, tincidunt in, leo.', 8);
INSERT INTO EncabezadoPlanilla (idEncabezadoPlanilla, fechaInicio, fechaFin, observacion, idEmpleado) VALUES (9, '2018-04-06 13:36:24', '2018-01-11 00:44:37', 'Suspendisse potenti.', 9);
INSERT INTO EncabezadoPlanilla (idEncabezadoPlanilla, fechaInicio, fechaFin, observacion, idEmpleado) VALUES (10, '2017-12-08 03:30:01', '2017-09-30 04:11:04', 'Nam tristique tortor eu pede.', 10);
INSERT INTO EncabezadoPlanilla (idEncabezadoPlanilla, fechaInicio, fechaFin, observacion, idEmpleado) VALUES (11, '2018-04-06 06:59:41', '2017-08-27 11:22:39', 'In blandit ultrices enim.', 11);
INSERT INTO EncabezadoPlanilla (idEncabezadoPlanilla, fechaInicio, fechaFin, observacion, idEmpleado) VALUES (12, '2017-09-05 06:28:32', '2018-02-14 10:12:32', 'Sed sagittis.', 12);
INSERT INTO EncabezadoPlanilla (idEncabezadoPlanilla, fechaInicio, fechaFin, observacion, idEmpleado) VALUES (13, '2017-08-23 05:30:32', '2017-11-30 11:45:32', 'Vestibulum rutrum rutrum neque.', 13);
INSERT INTO EncabezadoPlanilla (idEncabezadoPlanilla, fechaInicio, fechaFin, observacion, idEmpleado) VALUES (14, '2017-06-27 13:13:29', '2018-02-16 04:50:29', 'Aliquam erat volutpat.', 14);
INSERT INTO EncabezadoPlanilla (idEncabezadoPlanilla, fechaInicio, fechaFin, observacion, idEmpleado) VALUES (15, '2018-01-28 16:06:55', '2017-08-10 13:26:59', 'Mauris enim leo, rhoncus sed, vestibulum sit amet, cursus id, turpis.', 15);
INSERT INTO EncabezadoPlanilla (idEncabezadoPlanilla, fechaInicio, fechaFin, observacion, idEmpleado) VALUES (16, '2017-05-15 21:12:00', '2017-04-19 11:33:31', 'Maecenas tristique, est et tempus semper, est quam pharetra magna, ac consequat metus sapien ut nunc.', 16);
INSERT INTO EncabezadoPlanilla (idEncabezadoPlanilla, fechaInicio, fechaFin, observacion, idEmpleado) VALUES (17, '2017-12-22 17:13:48', '2017-11-08 18:43:20', 'Aenean fermentum.', 17);
INSERT INTO EncabezadoPlanilla (idEncabezadoPlanilla, fechaInicio, fechaFin, observacion, idEmpleado) VALUES (18, '2017-05-23 15:55:40', '2017-05-10 10:30:06', 'Morbi non lectus.', 18);
INSERT INTO EncabezadoPlanilla (idEncabezadoPlanilla, fechaInicio, fechaFin, observacion, idEmpleado) VALUES (19, '2017-05-04 13:14:10', '2017-05-17 02:49:06', 'Morbi vel lectus in quam fringilla rhoncus.', 19);
INSERT INTO EncabezadoPlanilla (idEncabezadoPlanilla, fechaInicio, fechaFin, observacion, idEmpleado) VALUES (20, '2017-05-15 21:35:46', '2017-11-19 06:23:20', 'In blandit ultrices enim.', 20);
INSERT INTO EncabezadoPlanilla (idEncabezadoPlanilla, fechaInicio, fechaFin, observacion, idEmpleado) VALUES (21, '2018-02-03 04:21:11', '2017-07-19 00:30:25', 'Quisque erat eros, viverra eget, congue eget, semper rutrum, nulla.', 21);
INSERT INTO EncabezadoPlanilla (idEncabezadoPlanilla, fechaInicio, fechaFin, observacion, idEmpleado) VALUES (22, '2017-05-03 03:58:51', '2017-06-02 05:58:26', 'Quisque arcu libero, rutrum ac, lobortis vel, dapibus at, diam.', 22);
INSERT INTO EncabezadoPlanilla (idEncabezadoPlanilla, fechaInicio, fechaFin, observacion, idEmpleado) VALUES (23, '2017-12-28 19:59:16', '2017-04-08 19:22:05', 'Maecenas tristique, est et tempus semper, est quam pharetra magna, ac consequat metus sapien ut nunc.', 23);
INSERT INTO EncabezadoPlanilla (idEncabezadoPlanilla, fechaInicio, fechaFin, observacion, idEmpleado) VALUES (24, '2018-02-25 13:34:35', '2018-03-18 13:10:48', 'In congue.', 24);
INSERT INTO EncabezadoPlanilla (idEncabezadoPlanilla, fechaInicio, fechaFin, observacion, idEmpleado) VALUES (25, '2018-03-17 15:25:13', '2018-03-14 08:55:55', 'Nam congue, risus semper porta volutpat, quam pede lobortis ligula, sit amet eleifend pede libero quis orci.', 25);
INSERT INTO EncabezadoPlanilla (idEncabezadoPlanilla, fechaInicio, fechaFin, observacion, idEmpleado) VALUES (26, '2018-02-07 21:44:23', '2017-05-08 21:33:55', 'Vestibulum ante ipsum primis in faucibus orci luctus et ultrices posuere cubilia Curae; Donec pharetra, magna vestibulum aliquet ultrices, erat tortor sollicitudin mi, sit amet lobortis sapien sapien non mi.', 26);
INSERT INTO EncabezadoPlanilla (idEncabezadoPlanilla, fechaInicio, fechaFin, observacion, idEmpleado) VALUES (27, '2018-03-24 19:08:34', '2017-06-27 23:14:37', 'Pellentesque eget nunc.', 27);
INSERT INTO EncabezadoPlanilla (idEncabezadoPlanilla, fechaInicio, fechaFin, observacion, idEmpleado) VALUES (28, '2017-12-18 22:14:14', '2017-04-29 15:34:16', 'Proin eu mi.', 28);
INSERT INTO EncabezadoPlanilla (idEncabezadoPlanilla, fechaInicio, fechaFin, observacion, idEmpleado) VALUES (29, '2018-03-08 03:11:01', '2017-11-02 05:48:37', 'Praesent lectus.', 29);
INSERT INTO EncabezadoPlanilla (idEncabezadoPlanilla, fechaInicio, fechaFin, observacion, idEmpleado) VALUES (30, '2018-01-27 17:38:06', '2017-06-15 22:39:51', 'Morbi porttitor lorem id ligula.', 30);
INSERT INTO EncabezadoPlanilla (idEncabezadoPlanilla, fechaInicio, fechaFin, observacion, idEmpleado) VALUES (31, '2018-01-22 20:33:35', '2017-12-28 07:07:09', 'Phasellus sit amet erat.', 31);
INSERT INTO EncabezadoPlanilla (idEncabezadoPlanilla, fechaInicio, fechaFin, observacion, idEmpleado) VALUES (32, '2018-01-20 06:23:56', '2017-05-11 08:51:02', 'Lorem ipsum dolor sit amet, consectetuer adipiscing elit.', 32);
INSERT INTO EncabezadoPlanilla (idEncabezadoPlanilla, fechaInicio, fechaFin, observacion, idEmpleado) VALUES (33, '2017-07-03 02:53:09', '2017-06-07 22:12:41', 'Etiam vel augue.', 33);
INSERT INTO EncabezadoPlanilla (idEncabezadoPlanilla, fechaInicio, fechaFin, observacion, idEmpleado) VALUES (34, '2017-10-04 20:31:17', '2017-06-24 08:48:19', 'Aliquam non mauris.', 34);
INSERT INTO EncabezadoPlanilla (idEncabezadoPlanilla, fechaInicio, fechaFin, observacion, idEmpleado) VALUES (35, '2018-03-11 14:26:13', '2017-12-15 21:52:11', 'Nulla tellus.', 35);
INSERT INTO EncabezadoPlanilla (idEncabezadoPlanilla, fechaInicio, fechaFin, observacion, idEmpleado) VALUES (36, '2017-06-15 09:26:27', '2018-01-26 08:06:29', 'Vestibulum sed magna at nunc commodo placerat.', 36);
INSERT INTO EncabezadoPlanilla (idEncabezadoPlanilla, fechaInicio, fechaFin, observacion, idEmpleado) VALUES (37, '2017-06-16 13:37:18', '2017-12-29 21:23:41', 'Phasellus id sapien in sapien iaculis congue.', 37);
INSERT INTO EncabezadoPlanilla (idEncabezadoPlanilla, fechaInicio, fechaFin, observacion, idEmpleado) VALUES (38, '2017-08-21 02:52:57', '2017-05-18 18:50:47', 'In blandit ultrices enim.', 38);
INSERT INTO EncabezadoPlanilla (idEncabezadoPlanilla, fechaInicio, fechaFin, observacion, idEmpleado) VALUES (39, '2017-10-19 03:44:02', '2018-01-26 13:03:30', 'Donec diam neque, vestibulum eget, vulputate ut, ultrices vel, augue.', 39);
INSERT INTO EncabezadoPlanilla (idEncabezadoPlanilla, fechaInicio, fechaFin, observacion, idEmpleado) VALUES (40, '2017-08-29 18:33:54', '2018-02-13 02:04:50', 'Nunc purus.', 40);
INSERT INTO EncabezadoPlanilla (idEncabezadoPlanilla, fechaInicio, fechaFin, observacion, idEmpleado) VALUES (41, '2017-10-27 00:35:02', '2017-04-26 04:22:53', 'Praesent blandit.', 41);
INSERT INTO EncabezadoPlanilla (idEncabezadoPlanilla, fechaInicio, fechaFin, observacion, idEmpleado) VALUES (42, '2017-08-24 02:25:52', '2017-09-06 00:05:59', 'Proin interdum mauris non ligula pellentesque ultrices.', 42);
INSERT INTO EncabezadoPlanilla (idEncabezadoPlanilla, fechaInicio, fechaFin, observacion, idEmpleado) VALUES (43, '2017-05-19 06:37:39', '2017-06-23 21:39:55', 'Mauris ullamcorper purus sit amet nulla.', 43);
INSERT INTO EncabezadoPlanilla (idEncabezadoPlanilla, fechaInicio, fechaFin, observacion, idEmpleado) VALUES (44, '2017-09-21 16:51:08', '2018-03-10 17:59:46', 'In congue.', 44);
INSERT INTO EncabezadoPlanilla (idEncabezadoPlanilla, fechaInicio, fechaFin, observacion, idEmpleado) VALUES (45, '2017-05-13 21:54:18', '2018-02-16 07:47:31', 'Suspendisse potenti.', 45);
INSERT INTO EncabezadoPlanilla (idEncabezadoPlanilla, fechaInicio, fechaFin, observacion, idEmpleado) VALUES (46, '2017-05-13 16:24:46', '2017-04-13 19:49:32', 'Morbi ut odio.', 46);
INSERT INTO EncabezadoPlanilla (idEncabezadoPlanilla, fechaInicio, fechaFin, observacion, idEmpleado) VALUES (47, '2017-07-31 05:11:19', '2017-08-08 10:42:17', 'Aenean auctor gravida sem.', 47);
INSERT INTO EncabezadoPlanilla (idEncabezadoPlanilla, fechaInicio, fechaFin, observacion, idEmpleado) VALUES (48, '2017-04-08 18:02:36', '2018-01-17 15:50:57', 'Nullam orci pede, venenatis non, sodales sed, tincidunt eu, felis.', 48);
INSERT INTO EncabezadoPlanilla (idEncabezadoPlanilla, fechaInicio, fechaFin, observacion, idEmpleado) VALUES (49, '2017-08-18 20:33:32', '2017-04-10 13:55:27', 'Integer ac neque.', 49);
INSERT INTO EncabezadoPlanilla (idEncabezadoPlanilla, fechaInicio, fechaFin, observacion, idEmpleado) VALUES (50, '2017-11-29 05:22:16', '2017-04-16 12:36:47', 'Etiam faucibus cursus urna.', 50);
INSERT INTO EncabezadoPlanilla (idEncabezadoPlanilla, fechaInicio, fechaFin, observacion, idEmpleado) VALUES (51, '2017-09-14 10:00:03', '2017-12-03 14:28:47', 'Praesent id massa id nisl venenatis lacinia.', 51);
INSERT INTO EncabezadoPlanilla (idEncabezadoPlanilla, fechaInicio, fechaFin, observacion, idEmpleado) VALUES (52, '2017-08-16 10:29:03', '2017-04-18 22:13:32', 'Mauris enim leo, rhoncus sed, vestibulum sit amet, cursus id, turpis.', 52);
INSERT INTO EncabezadoPlanilla (idEncabezadoPlanilla, fechaInicio, fechaFin, observacion, idEmpleado) VALUES (53, '2017-12-16 18:51:55', '2017-06-10 07:22:09', 'Duis at velit eu est congue elementum.', 53);
INSERT INTO EncabezadoPlanilla (idEncabezadoPlanilla, fechaInicio, fechaFin, observacion, idEmpleado) VALUES (54, '2017-06-09 09:05:35', '2017-04-27 17:02:17', 'Fusce consequat.', 54);
INSERT INTO EncabezadoPlanilla (idEncabezadoPlanilla, fechaInicio, fechaFin, observacion, idEmpleado) VALUES (55, '2017-08-14 10:09:57', '2017-08-14 12:15:02', 'Duis ac nibh.', 55);
INSERT INTO EncabezadoPlanilla (idEncabezadoPlanilla, fechaInicio, fechaFin, observacion, idEmpleado) VALUES (56, '2017-07-31 07:27:35', '2017-12-03 14:30:46', 'Proin at turpis a pede posuere nonummy.', 56);
INSERT INTO EncabezadoPlanilla (idEncabezadoPlanilla, fechaInicio, fechaFin, observacion, idEmpleado) VALUES (57, '2017-06-09 20:42:26', '2017-10-20 22:41:52', 'Nunc rhoncus dui vel sem.', 57);
INSERT INTO EncabezadoPlanilla (idEncabezadoPlanilla, fechaInicio, fechaFin, observacion, idEmpleado) VALUES (58, '2017-06-03 04:33:50', '2017-04-22 13:39:36', 'Nulla tempus.', 58);
INSERT INTO EncabezadoPlanilla (idEncabezadoPlanilla, fechaInicio, fechaFin, observacion, idEmpleado) VALUES (59, '2017-08-24 18:15:28', '2017-08-20 20:21:14', 'Nullam porttitor lacus at turpis.', 59);
INSERT INTO EncabezadoPlanilla (idEncabezadoPlanilla, fechaInicio, fechaFin, observacion, idEmpleado) VALUES (60, '2017-11-04 12:54:43', '2017-04-12 02:13:22', 'Nulla tempus.', 60);
INSERT INTO EncabezadoPlanilla (idEncabezadoPlanilla, fechaInicio, fechaFin, observacion, idEmpleado) VALUES (61, '2018-03-30 07:26:00', '2017-09-23 21:29:28', 'Ut at dolor quis odio consequat varius.', 61);
INSERT INTO EncabezadoPlanilla (idEncabezadoPlanilla, fechaInicio, fechaFin, observacion, idEmpleado) VALUES (62, '2017-06-20 22:28:45', '2018-01-24 15:51:16', 'Sed ante.', 62);
INSERT INTO EncabezadoPlanilla (idEncabezadoPlanilla, fechaInicio, fechaFin, observacion, idEmpleado) VALUES (63, '2018-04-02 19:22:01', '2018-04-07 20:02:19', 'Vestibulum ante ipsum primis in faucibus orci luctus et ultrices posuere cubilia Curae; Duis faucibus accumsan odio.', 63);
INSERT INTO EncabezadoPlanilla (idEncabezadoPlanilla, fechaInicio, fechaFin, observacion, idEmpleado) VALUES (64, '2018-03-28 09:34:03', '2018-02-16 08:29:20', 'Vivamus metus arcu, adipiscing molestie, hendrerit at, vulputate vitae, nisl.', 64);
INSERT INTO EncabezadoPlanilla (idEncabezadoPlanilla, fechaInicio, fechaFin, observacion, idEmpleado) VALUES (65, '2017-06-15 11:07:08', '2017-10-13 17:49:43', 'Vestibulum ante ipsum primis in faucibus orci luctus et ultrices posuere cubilia Curae; Donec pharetra, magna vestibulum aliquet ultrices, erat tortor sollicitudin mi, sit amet lobortis sapien sapien non mi.', 65);
INSERT INTO EncabezadoPlanilla (idEncabezadoPlanilla, fechaInicio, fechaFin, observacion, idEmpleado) VALUES (66, '2017-08-10 11:38:06', '2017-04-20 10:00:54', 'Vestibulum quam sapien, varius ut, blandit non, interdum in, ante.', 66);
INSERT INTO EncabezadoPlanilla (idEncabezadoPlanilla, fechaInicio, fechaFin, observacion, idEmpleado) VALUES (67, '2018-02-05 05:45:48', '2017-12-02 03:13:25', 'Duis aliquam convallis nunc.', 67);
INSERT INTO EncabezadoPlanilla (idEncabezadoPlanilla, fechaInicio, fechaFin, observacion, idEmpleado) VALUES (68, '2017-05-12 12:14:11', '2017-05-16 22:31:54', 'Duis consequat dui nec nisi volutpat eleifend.', 68);
INSERT INTO EncabezadoPlanilla (idEncabezadoPlanilla, fechaInicio, fechaFin, observacion, idEmpleado) VALUES (69, '2017-11-22 12:30:54', '2017-07-31 06:53:56', 'Curabitur gravida nisi at nibh.', 69);
INSERT INTO EncabezadoPlanilla (idEncabezadoPlanilla, fechaInicio, fechaFin, observacion, idEmpleado) VALUES (70, '2017-08-11 16:08:04', '2017-09-14 10:57:22', 'Vivamus vestibulum sagittis sapien.', 70);
INSERT INTO EncabezadoPlanilla (idEncabezadoPlanilla, fechaInicio, fechaFin, observacion, idEmpleado) VALUES (71, '2017-07-23 13:47:02', '2018-04-03 00:25:55', 'Vestibulum ante ipsum primis in faucibus orci luctus et ultrices posuere cubilia Curae; Duis faucibus accumsan odio.', 71);
INSERT INTO EncabezadoPlanilla (idEncabezadoPlanilla, fechaInicio, fechaFin, observacion, idEmpleado) VALUES (72, '2017-04-11 14:47:29', '2017-06-13 02:24:50', 'Morbi vestibulum, velit id pretium iaculis, diam erat fermentum justo, nec condimentum neque sapien placerat ante.', 72);
INSERT INTO EncabezadoPlanilla (idEncabezadoPlanilla, fechaInicio, fechaFin, observacion, idEmpleado) VALUES (73, '2018-02-28 11:12:44', '2018-02-14 11:26:22', 'Vivamus vel nulla eget eros elementum pellentesque.', 73);
INSERT INTO EncabezadoPlanilla (idEncabezadoPlanilla, fechaInicio, fechaFin, observacion, idEmpleado) VALUES (74, '2017-04-19 23:16:56', '2017-08-23 19:18:41', 'Nullam porttitor lacus at turpis.', 74);
INSERT INTO EncabezadoPlanilla (idEncabezadoPlanilla, fechaInicio, fechaFin, observacion, idEmpleado) VALUES (75, '2017-06-03 17:34:03', '2017-05-31 18:32:40', 'Nulla nisl.', 75);
INSERT INTO EncabezadoPlanilla (idEncabezadoPlanilla, fechaInicio, fechaFin, observacion, idEmpleado) VALUES (76, '2017-09-19 11:15:37', '2017-12-03 07:30:36', 'Integer pede justo, lacinia eget, tincidunt eget, tempus vel, pede.', 76);
INSERT INTO EncabezadoPlanilla (idEncabezadoPlanilla, fechaInicio, fechaFin, observacion, idEmpleado) VALUES (77, '2018-01-31 23:49:21', '2017-06-15 08:18:02', 'Praesent id massa id nisl venenatis lacinia.', 77);
INSERT INTO EncabezadoPlanilla (idEncabezadoPlanilla, fechaInicio, fechaFin, observacion, idEmpleado) VALUES (78, '2017-11-09 15:32:56', '2017-11-10 10:38:52', 'Sed ante.', 78);
INSERT INTO EncabezadoPlanilla (idEncabezadoPlanilla, fechaInicio, fechaFin, observacion, idEmpleado) VALUES (79, '2017-09-30 19:46:29', '2017-09-29 06:25:04', 'Pellentesque ultrices mattis odio.', 79);
INSERT INTO EncabezadoPlanilla (idEncabezadoPlanilla, fechaInicio, fechaFin, observacion, idEmpleado) VALUES (80, '2017-05-15 14:32:21', '2017-07-30 02:48:50', 'Donec diam neque, vestibulum eget, vulputate ut, ultrices vel, augue.', 80);
INSERT INTO EncabezadoPlanilla (idEncabezadoPlanilla, fechaInicio, fechaFin, observacion, idEmpleado) VALUES (81, '2017-06-20 14:47:15', '2017-12-17 17:04:17', 'Donec quis orci eget orci vehicula condimentum.', 81);
INSERT INTO EncabezadoPlanilla (idEncabezadoPlanilla, fechaInicio, fechaFin, observacion, idEmpleado) VALUES (82, '2017-08-18 13:56:54', '2017-10-22 05:04:02', 'Nullam varius.', 82);
INSERT INTO EncabezadoPlanilla (idEncabezadoPlanilla, fechaInicio, fechaFin, observacion, idEmpleado) VALUES (83, '2017-09-25 03:28:31', '2017-07-12 23:28:59', 'Donec semper sapien a libero.', 83);
INSERT INTO EncabezadoPlanilla (idEncabezadoPlanilla, fechaInicio, fechaFin, observacion, idEmpleado) VALUES (84, '2017-11-24 14:42:58', '2017-09-25 11:29:30', 'Maecenas leo odio, condimentum id, luctus nec, molestie sed, justo.', 84);
INSERT INTO EncabezadoPlanilla (idEncabezadoPlanilla, fechaInicio, fechaFin, observacion, idEmpleado) VALUES (85, '2017-07-10 23:48:11', '2017-07-29 00:24:42', 'Integer tincidunt ante vel ipsum.', 85);
INSERT INTO EncabezadoPlanilla (idEncabezadoPlanilla, fechaInicio, fechaFin, observacion, idEmpleado) VALUES (86, '2017-11-10 19:09:14', '2017-10-04 19:20:25', 'Etiam vel augue.', 86);
INSERT INTO EncabezadoPlanilla (idEncabezadoPlanilla, fechaInicio, fechaFin, observacion, idEmpleado) VALUES (87, '2018-02-26 19:58:40', '2018-01-28 16:37:08', 'Ut tellus.', 87);
INSERT INTO EncabezadoPlanilla (idEncabezadoPlanilla, fechaInicio, fechaFin, observacion, idEmpleado) VALUES (88, '2018-01-03 11:00:20', '2017-04-11 00:45:41', 'Fusce posuere felis sed lacus.', 88);
INSERT INTO EncabezadoPlanilla (idEncabezadoPlanilla, fechaInicio, fechaFin, observacion, idEmpleado) VALUES (89, '2017-12-10 08:39:50', '2017-12-18 04:47:54', 'Nam dui.', 89);
INSERT INTO EncabezadoPlanilla (idEncabezadoPlanilla, fechaInicio, fechaFin, observacion, idEmpleado) VALUES (90, '2017-10-09 16:19:56', '2017-10-17 01:09:06', 'In eleifend quam a odio.', 90);
INSERT INTO EncabezadoPlanilla (idEncabezadoPlanilla, fechaInicio, fechaFin, observacion, idEmpleado) VALUES (91, '2018-02-01 23:05:33', '2017-11-06 12:30:16', 'Suspendisse potenti.', 91);
INSERT INTO EncabezadoPlanilla (idEncabezadoPlanilla, fechaInicio, fechaFin, observacion, idEmpleado) VALUES (92, '2017-11-14 05:55:57', '2017-05-30 13:59:37', 'Cras pellentesque volutpat dui.', 92);
INSERT INTO EncabezadoPlanilla (idEncabezadoPlanilla, fechaInicio, fechaFin, observacion, idEmpleado) VALUES (93, '2018-03-16 20:36:44', '2018-01-20 16:52:59', 'Duis aliquam convallis nunc.', 93);
INSERT INTO EncabezadoPlanilla (idEncabezadoPlanilla, fechaInicio, fechaFin, observacion, idEmpleado) VALUES (94, '2017-07-07 05:56:00', '2017-12-05 22:34:01', 'Aliquam sit amet diam in magna bibendum imperdiet.', 94);
INSERT INTO EncabezadoPlanilla (idEncabezadoPlanilla, fechaInicio, fechaFin, observacion, idEmpleado) VALUES (95, '2017-07-03 00:25:59', '2017-06-07 07:34:58', 'Nam congue, risus semper porta volutpat, quam pede lobortis ligula, sit amet eleifend pede libero quis orci.', 95);
INSERT INTO EncabezadoPlanilla (idEncabezadoPlanilla, fechaInicio, fechaFin, observacion, idEmpleado) VALUES (96, '2017-12-14 16:17:49', '2018-01-07 02:44:37', 'In congue.', 96);
INSERT INTO EncabezadoPlanilla (idEncabezadoPlanilla, fechaInicio, fechaFin, observacion, idEmpleado) VALUES (97, '2017-10-14 17:08:03', '2017-05-17 12:31:13', 'Nam dui.', 97);
INSERT INTO EncabezadoPlanilla (idEncabezadoPlanilla, fechaInicio, fechaFin, observacion, idEmpleado) VALUES (98, '2017-06-16 01:26:51', '2017-08-08 12:37:27', 'In quis justo.', 98);
INSERT INTO EncabezadoPlanilla (idEncabezadoPlanilla, fechaInicio, fechaFin, observacion, idEmpleado) VALUES (99, '2018-02-10 05:21:44', '2017-04-13 21:49:54', 'Nullam molestie nibh in lectus.', 99);
INSERT INTO EncabezadoPlanilla (idEncabezadoPlanilla, fechaInicio, fechaFin, observacion, idEmpleado) VALUES (100, '2017-12-27 08:40:50', '2018-02-17 06:20:20', 'Donec odio justo, sollicitudin ut, suscipit a, feugiat et, eros.', 100);
INSERT INTO EncabezadoPlanilla (idEncabezadoPlanilla, fechaInicio, fechaFin, observacion, idEmpleado) VALUES (101, '2017-11-15 23:04:26', '2017-09-26 19:59:09', 'Duis mattis egestas metus.', 101);
INSERT INTO EncabezadoPlanilla (idEncabezadoPlanilla, fechaInicio, fechaFin, observacion, idEmpleado) VALUES (102, '2017-05-19 09:53:58', '2017-07-23 10:48:19', 'In est risus, auctor sed, tristique in, tempus sit amet, sem.', 102);
INSERT INTO EncabezadoPlanilla (idEncabezadoPlanilla, fechaInicio, fechaFin, observacion, idEmpleado) VALUES (103, '2018-03-13 20:30:16', '2017-04-29 18:10:25', 'Nunc nisl.', 103);
INSERT INTO EncabezadoPlanilla (idEncabezadoPlanilla, fechaInicio, fechaFin, observacion, idEmpleado) VALUES (104, '2017-12-22 09:47:20', '2017-07-14 05:58:30', 'Donec ut mauris eget massa tempor convallis.', 104);
INSERT INTO EncabezadoPlanilla (idEncabezadoPlanilla, fechaInicio, fechaFin, observacion, idEmpleado) VALUES (105, '2017-11-23 03:32:40', '2017-08-05 08:12:27', 'Maecenas leo odio, condimentum id, luctus nec, molestie sed, justo.', 105);

-- -----------------------------------------------------
-- 30 Inserts de tabla impuesto
-- -----------------------------------------------------
INSERT INTO impuesto (idImpuesto, porcentaje, estado, fechaInicio, fechaFin, descripcion) VALUES (1, 4, 'A', '2012-12-14 11:10:17', '2017-12-13 03:43:10', 'Pellentesque eget nunc.');
INSERT INTO impuesto (idImpuesto, porcentaje, estado, fechaInicio, fechaFin, descripcion) VALUES (2, 10, 'A', '2014-03-06 00:08:16', '2017-07-31 12:48:00', 'Nam dui.');
INSERT INTO impuesto (idImpuesto, porcentaje, estado, fechaInicio, fechaFin, descripcion) VALUES (3, 2, 'I', '2012-03-21 07:18:24', '2017-08-24 02:04:00', 'In tempor, turpis nec euismod scelerisque, quam turpis adipiscing lorem, vitae mattis nibh ligula nec sem.');
INSERT INTO impuesto (idImpuesto, porcentaje, estado, fechaInicio, fechaFin, descripcion) VALUES (4, 11, 'A', '2015-11-06 17:36:30', '2017-06-27 12:04:59', 'Nulla ut erat id mauris vulputate elementum.');
INSERT INTO impuesto (idImpuesto, porcentaje, estado, fechaInicio, fechaFin, descripcion) VALUES (5, 9, 'A', '2012-05-14 14:34:53', '2017-06-15 11:07:48', 'In hac habitasse platea dictumst.');
INSERT INTO impuesto (idImpuesto, porcentaje, estado, fechaInicio, fechaFin, descripcion) VALUES (6, 15, 'I', '2014-02-04 14:21:40', '2017-08-12 14:40:27', 'Vestibulum ante ipsum primis in faucibus orci luctus et ultrices posuere cubilia Curae; Mauris viverra diam vitae quam.');
INSERT INTO impuesto (idImpuesto, porcentaje, estado, fechaInicio, fechaFin, descripcion) VALUES (7, 11, 'A', '2017-03-13 09:21:18', '2018-02-02 03:32:10', 'Maecenas rhoncus aliquam lacus.');
INSERT INTO impuesto (idImpuesto, porcentaje, estado, fechaInicio, fechaFin, descripcion) VALUES (8, 14, 'I', '2014-11-14 13:38:39', '2017-07-06 13:31:00', 'Duis aliquam convallis nunc.');
INSERT INTO impuesto (idImpuesto, porcentaje, estado, fechaInicio, fechaFin, descripcion) VALUES (9, 13, 'I', '2015-07-16 21:46:12', '2018-03-28 22:35:10', 'Integer aliquet, massa id lobortis convallis, tortor risus dapibus augue, vel accumsan tellus nisi eu orci.');
INSERT INTO impuesto (idImpuesto, porcentaje, estado, fechaInicio, fechaFin, descripcion) VALUES (10, 3, 'A', '2016-05-10 17:19:52', '2017-06-02 17:40:51', 'Lorem ipsum dolor sit amet, consectetuer adipiscing elit.');
INSERT INTO impuesto (idImpuesto, porcentaje, estado, fechaInicio, fechaFin, descripcion) VALUES (11, 14, 'A', '2017-02-22 18:31:00', '2017-06-12 00:07:05', 'Integer ac neque.');
INSERT INTO impuesto (idImpuesto, porcentaje, estado, fechaInicio, fechaFin, descripcion) VALUES (12, 7, 'I', '2014-06-02 18:41:49', '2018-02-18 12:58:48', 'Aenean sit amet justo.');
INSERT INTO impuesto (idImpuesto, porcentaje, estado, fechaInicio, fechaFin, descripcion) VALUES (13, 6, 'A', '2014-03-30 15:32:15', '2018-02-19 07:23:03', 'Morbi non quam nec dui luctus rutrum.');
INSERT INTO impuesto (idImpuesto, porcentaje, estado, fechaInicio, fechaFin, descripcion) VALUES (14, 9, 'I', '2014-04-05 23:47:13', '2018-03-13 21:45:36', 'Integer ac neque.');
INSERT INTO impuesto (idImpuesto, porcentaje, estado, fechaInicio, fechaFin, descripcion) VALUES (15, 15, 'A', '2017-09-21 01:41:11', '2017-09-28 19:41:47', 'Maecenas rhoncus aliquam lacus.');
INSERT INTO impuesto (idImpuesto, porcentaje, estado, fechaInicio, fechaFin, descripcion) VALUES (16, 1, 'I', '2016-04-02 15:26:36', '2017-08-26 21:20:21', 'Suspendisse potenti.');
INSERT INTO impuesto (idImpuesto, porcentaje, estado, fechaInicio, fechaFin, descripcion) VALUES (17, 4, 'A', '2013-08-29 07:43:25', '2018-01-07 21:57:17', 'Proin interdum mauris non ligula pellentesque ultrices.');
INSERT INTO impuesto (idImpuesto, porcentaje, estado, fechaInicio, fechaFin, descripcion) VALUES (18, 14, 'A', '2016-12-11 11:07:26', '2017-12-31 11:47:28', 'In blandit ultrices enim.');
INSERT INTO impuesto (idImpuesto, porcentaje, estado, fechaInicio, fechaFin, descripcion) VALUES (19, 14, 'I', '2013-03-05 15:41:40', '2017-08-22 17:57:38', 'Vestibulum quam sapien, varius ut, blandit non, interdum in, ante.');
INSERT INTO impuesto (idImpuesto, porcentaje, estado, fechaInicio, fechaFin, descripcion) VALUES (20, 2, 'A', '2016-05-25 01:51:52', '2017-07-24 00:06:53', 'Cras pellentesque volutpat dui.');
INSERT INTO impuesto (idImpuesto, porcentaje, estado, fechaInicio, fechaFin, descripcion) VALUES (21, 10, 'A', '2015-04-02 10:57:36', '2017-05-28 23:12:39', 'Sed vel enim sit amet nunc viverra dapibus.');
INSERT INTO impuesto (idImpuesto, porcentaje, estado, fechaInicio, fechaFin, descripcion) VALUES (22, 5, 'A', '2013-11-17 15:06:53', '2017-06-20 20:29:37', 'Curabitur convallis.');
INSERT INTO impuesto (idImpuesto, porcentaje, estado, fechaInicio, fechaFin, descripcion) VALUES (23, 14, 'I', '2014-09-08 21:15:24', '2017-04-30 13:45:12', 'Nulla ut erat id mauris vulputate elementum.');
INSERT INTO impuesto (idImpuesto, porcentaje, estado, fechaInicio, fechaFin, descripcion) VALUES (24, 13, 'I', '2014-08-29 18:21:14', '2018-04-04 00:05:45', 'Phasellus in felis.');
INSERT INTO impuesto (idImpuesto, porcentaje, estado, fechaInicio, fechaFin, descripcion) VALUES (25, 9, 'I', '2018-01-14 11:36:18', '2017-06-09 23:16:44', 'Nulla nisl.');
INSERT INTO impuesto (idImpuesto, porcentaje, estado, fechaInicio, fechaFin, descripcion) VALUES (26, 8, 'I', '2012-06-02 01:53:48', '2018-01-01 00:42:36', 'Maecenas rhoncus aliquam lacus.');
INSERT INTO impuesto (idImpuesto, porcentaje, estado, fechaInicio, fechaFin, descripcion) VALUES (27, 1, 'I', '2015-10-25 14:08:46', '2017-05-01 02:32:14', 'Duis mattis egestas metus.');
INSERT INTO impuesto (idImpuesto, porcentaje, estado, fechaInicio, fechaFin, descripcion) VALUES (28, 1, 'I', '2017-01-09 01:11:41', '2017-05-08 16:43:54', 'In hac habitasse platea dictumst.');
INSERT INTO impuesto (idImpuesto, porcentaje, estado, fechaInicio, fechaFin, descripcion) VALUES (29, 14, 'I', '2016-12-19 00:21:11', '2018-01-31 03:13:43', 'Nulla tellus.');
INSERT INTO impuesto (idImpuesto, porcentaje, estado, fechaInicio, fechaFin, descripcion) VALUES (30, 9, 'A', '2015-11-23 04:27:14', '2017-06-21 01:39:53', 'Pellentesque viverra pede ac diam.');

-- -----------------------------------------------------
-- Inserts de tabla pagoplanilla 
-- -----------------------------------------------------
INSERT INTO pagoplanilla (idPagoPlanilla, montoPagado, valorBonificacion, valorImpuesto, valorDeduccion, observacion, idEmpleado, idEncabezadoPlanilla) VALUES (1, 9279, 1026, 6, 899, 'Morbi porttitor lorem id ligula.', 28, 76);
INSERT INTO pagoplanilla (idPagoPlanilla, montoPagado, valorBonificacion, valorImpuesto, valorDeduccion, observacion, idEmpleado, idEncabezadoPlanilla) VALUES (2, 8224, 1230, 12, 591, 'Nam nulla.', 59, 97);
INSERT INTO pagoplanilla (idPagoPlanilla, montoPagado, valorBonificacion, valorImpuesto, valorDeduccion, observacion, idEmpleado, idEncabezadoPlanilla) VALUES (3, 13597, 1343, 11, 912, 'Vivamus metus arcu, adipiscing molestie, hendrerit at, vulputate vitae, nisl.', 78, 71);
INSERT INTO pagoplanilla (idPagoPlanilla, montoPagado, valorBonificacion, valorImpuesto, valorDeduccion, observacion, idEmpleado, idEncabezadoPlanilla) VALUES (4, 27498, 615, 14, 662, 'In quis justo.', 19, 67);
INSERT INTO pagoplanilla (idPagoPlanilla, montoPagado, valorBonificacion, valorImpuesto, valorDeduccion, observacion, idEmpleado, idEncabezadoPlanilla) VALUES (5, 27182, 1188, 6, 551, 'Morbi a ipsum.', 74, 25);
INSERT INTO pagoplanilla (idPagoPlanilla, montoPagado, valorBonificacion, valorImpuesto, valorDeduccion, observacion, idEmpleado, idEncabezadoPlanilla) VALUES (6, 21404, 1075, 2, 840, 'Integer pede justo, lacinia eget, tincidunt eget, tempus vel, pede.', 69, 4);
INSERT INTO pagoplanilla (idPagoPlanilla, montoPagado, valorBonificacion, valorImpuesto, valorDeduccion, observacion, idEmpleado, idEncabezadoPlanilla) VALUES (7, 27531, 622, 13, 865, 'Suspendisse potenti.', 52, 40);
INSERT INTO pagoplanilla (idPagoPlanilla, montoPagado, valorBonificacion, valorImpuesto, valorDeduccion, observacion, idEmpleado, idEncabezadoPlanilla) VALUES (8, 36002, 700, 7, 667, 'Praesent lectus.', 19, 28);
INSERT INTO pagoplanilla (idPagoPlanilla, montoPagado, valorBonificacion, valorImpuesto, valorDeduccion, observacion, idEmpleado, idEncabezadoPlanilla) VALUES (9, 31271, 1375, 12, 830, 'Nullam porttitor lacus at turpis.', 48, 85);
INSERT INTO pagoplanilla (idPagoPlanilla, montoPagado, valorBonificacion, valorImpuesto, valorDeduccion, observacion, idEmpleado, idEncabezadoPlanilla) VALUES (10, 12503, 1483, 5, 598, 'Curabitur gravida nisi at nibh.', 37, 2);
INSERT INTO pagoplanilla (idPagoPlanilla, montoPagado, valorBonificacion, valorImpuesto, valorDeduccion, observacion, idEmpleado, idEncabezadoPlanilla) VALUES (11, 32058, 581, 7, 853, 'Aenean lectus.', 41, 33);
INSERT INTO pagoplanilla (idPagoPlanilla, montoPagado, valorBonificacion, valorImpuesto, valorDeduccion, observacion, idEmpleado, idEncabezadoPlanilla) VALUES (12, 19381, 856, 4, 741, 'Etiam faucibus cursus urna.', 86, 52);
INSERT INTO pagoplanilla (idPagoPlanilla, montoPagado, valorBonificacion, valorImpuesto, valorDeduccion, observacion, idEmpleado, idEncabezadoPlanilla) VALUES (13, 37683, 626, 5, 916, 'Vestibulum ante ipsum primis in faucibus orci luctus et ultrices posuere cubilia Curae; Duis faucibus accumsan odio.', 10, 92);
INSERT INTO pagoplanilla (idPagoPlanilla, montoPagado, valorBonificacion, valorImpuesto, valorDeduccion, observacion, idEmpleado, idEncabezadoPlanilla) VALUES (14, 30249, 1242, 2, 910, 'In est risus, auctor sed, tristique in, tempus sit amet, sem.', 90, 11);
INSERT INTO pagoplanilla (idPagoPlanilla, montoPagado, valorBonificacion, valorImpuesto, valorDeduccion, observacion, idEmpleado, idEncabezadoPlanilla) VALUES (15, 9466, 757, 3, 726, 'Integer ac leo.', 3, 60);
INSERT INTO pagoplanilla (idPagoPlanilla, montoPagado, valorBonificacion, valorImpuesto, valorDeduccion, observacion, idEmpleado, idEncabezadoPlanilla) VALUES (16, 36444, 666, 15, 742, 'Etiam justo.', 23, 36);
INSERT INTO pagoplanilla (idPagoPlanilla, montoPagado, valorBonificacion, valorImpuesto, valorDeduccion, observacion, idEmpleado, idEncabezadoPlanilla) VALUES (17, 13199, 1366, 14, 646, 'Phasellus id sapien in sapien iaculis congue.', 66, 21);
INSERT INTO pagoplanilla (idPagoPlanilla, montoPagado, valorBonificacion, valorImpuesto, valorDeduccion, observacion, idEmpleado, idEncabezadoPlanilla) VALUES (18, 11649, 1134, 15, 625, 'In tempor, turpis nec euismod scelerisque, quam turpis adipiscing lorem, vitae mattis nibh ligula nec sem.', 47, 53);
INSERT INTO pagoplanilla (idPagoPlanilla, montoPagado, valorBonificacion, valorImpuesto, valorDeduccion, observacion, idEmpleado, idEncabezadoPlanilla) VALUES (19, 21884, 1346, 5, 945, 'Quisque id justo sit amet sapien dignissim vestibulum.', 66, 2);
INSERT INTO pagoplanilla (idPagoPlanilla, montoPagado, valorBonificacion, valorImpuesto, valorDeduccion, observacion, idEmpleado, idEncabezadoPlanilla) VALUES (20, 22876, 1500, 3, 646, 'Suspendisse ornare consequat lectus.', 21, 98);
INSERT INTO pagoplanilla (idPagoPlanilla, montoPagado, valorBonificacion, valorImpuesto, valorDeduccion, observacion, idEmpleado, idEncabezadoPlanilla) VALUES (21, 14147, 898, 12, 703, 'Nam congue, risus semper porta volutpat, quam pede lobortis ligula, sit amet eleifend pede libero quis orci.', 56, 84);
INSERT INTO pagoplanilla (idPagoPlanilla, montoPagado, valorBonificacion, valorImpuesto, valorDeduccion, observacion, idEmpleado, idEncabezadoPlanilla) VALUES (22, 32683, 1077, 5, 568, 'Duis aliquam convallis nunc.', 29, 16);
INSERT INTO pagoplanilla (idPagoPlanilla, montoPagado, valorBonificacion, valorImpuesto, valorDeduccion, observacion, idEmpleado, idEncabezadoPlanilla) VALUES (23, 17492, 1067, 2, 531, 'Nulla justo.', 82, 27);
INSERT INTO pagoplanilla (idPagoPlanilla, montoPagado, valorBonificacion, valorImpuesto, valorDeduccion, observacion, idEmpleado, idEncabezadoPlanilla) VALUES (24, 9646, 1221, 8, 745, 'In hac habitasse platea dictumst.', 54, 66);
INSERT INTO pagoplanilla (idPagoPlanilla, montoPagado, valorBonificacion, valorImpuesto, valorDeduccion, observacion, idEmpleado, idEncabezadoPlanilla) VALUES (25, 23482, 1355, 2, 698, 'Aliquam erat volutpat.', 11, 20);
INSERT INTO pagoplanilla (idPagoPlanilla, montoPagado, valorBonificacion, valorImpuesto, valorDeduccion, observacion, idEmpleado, idEncabezadoPlanilla) VALUES (26, 20806, 1397, 15, 543, 'In est risus, auctor sed, tristique in, tempus sit amet, sem.', 85, 69);
INSERT INTO pagoplanilla (idPagoPlanilla, montoPagado, valorBonificacion, valorImpuesto, valorDeduccion, observacion, idEmpleado, idEncabezadoPlanilla) VALUES (27, 16078, 1222, 9, 922, 'Praesent id massa id nisl venenatis lacinia.', 67, 58);
INSERT INTO pagoplanilla (idPagoPlanilla, montoPagado, valorBonificacion, valorImpuesto, valorDeduccion, observacion, idEmpleado, idEncabezadoPlanilla) VALUES (28, 31608, 1174, 13, 869, 'Quisque id justo sit amet sapien dignissim vestibulum.', 3, 105);
INSERT INTO pagoplanilla (idPagoPlanilla, montoPagado, valorBonificacion, valorImpuesto, valorDeduccion, observacion, idEmpleado, idEncabezadoPlanilla) VALUES (29, 9042, 654, 8, 873, 'Curabitur at ipsum ac tellus semper interdum.', 57, 85);
INSERT INTO pagoplanilla (idPagoPlanilla, montoPagado, valorBonificacion, valorImpuesto, valorDeduccion, observacion, idEmpleado, idEncabezadoPlanilla) VALUES (30, 36063, 1469, 13, 861, 'Integer non velit.', 58, 81);
INSERT INTO pagoplanilla (idPagoPlanilla, montoPagado, valorBonificacion, valorImpuesto, valorDeduccion, observacion, idEmpleado, idEncabezadoPlanilla) VALUES (31, 20034, 1432, 1, 904, 'Integer ac neque.', 105, 84);
INSERT INTO pagoplanilla (idPagoPlanilla, montoPagado, valorBonificacion, valorImpuesto, valorDeduccion, observacion, idEmpleado, idEncabezadoPlanilla) VALUES (32, 35151, 580, 15, 663, 'Mauris ullamcorper purus sit amet nulla.', 8, 21);
INSERT INTO pagoplanilla (idPagoPlanilla, montoPagado, valorBonificacion, valorImpuesto, valorDeduccion, observacion, idEmpleado, idEncabezadoPlanilla) VALUES (33, 26709, 634, 2, 848, 'Proin leo odio, porttitor id, consequat in, consequat ut, nulla.', 53, 96);
INSERT INTO pagoplanilla (idPagoPlanilla, montoPagado, valorBonificacion, valorImpuesto, valorDeduccion, observacion, idEmpleado, idEncabezadoPlanilla) VALUES (34, 35623, 727, 14, 700, 'In hac habitasse platea dictumst.', 96, 99);
INSERT INTO pagoplanilla (idPagoPlanilla, montoPagado, valorBonificacion, valorImpuesto, valorDeduccion, observacion, idEmpleado, idEncabezadoPlanilla) VALUES (35, 38702, 765, 4, 995, 'Morbi vestibulum, velit id pretium iaculis, diam erat fermentum justo, nec condimentum neque sapien placerat ante.', 94, 67);
INSERT INTO pagoplanilla (idPagoPlanilla, montoPagado, valorBonificacion, valorImpuesto, valorDeduccion, observacion, idEmpleado, idEncabezadoPlanilla) VALUES (36, 31066, 855, 9, 563, 'Nullam molestie nibh in lectus.', 71, 11);
INSERT INTO pagoplanilla (idPagoPlanilla, montoPagado, valorBonificacion, valorImpuesto, valorDeduccion, observacion, idEmpleado, idEncabezadoPlanilla) VALUES (37, 20322, 864, 10, 939, 'Nulla justo.', 104, 1);
INSERT INTO pagoplanilla (idPagoPlanilla, montoPagado, valorBonificacion, valorImpuesto, valorDeduccion, observacion, idEmpleado, idEncabezadoPlanilla) VALUES (38, 31135, 1262, 3, 936, 'Fusce lacus purus, aliquet at, feugiat non, pretium quis, lectus.', 96, 38);
INSERT INTO pagoplanilla (idPagoPlanilla, montoPagado, valorBonificacion, valorImpuesto, valorDeduccion, observacion, idEmpleado, idEncabezadoPlanilla) VALUES (39, 17438, 1117, 7, 936, 'Curabitur gravida nisi at nibh.', 27, 95);
INSERT INTO pagoplanilla (idPagoPlanilla, montoPagado, valorBonificacion, valorImpuesto, valorDeduccion, observacion, idEmpleado, idEncabezadoPlanilla) VALUES (40, 24838, 744, 3, 816, 'Nulla facilisi.', 21, 46);
INSERT INTO pagoplanilla (idPagoPlanilla, montoPagado, valorBonificacion, valorImpuesto, valorDeduccion, observacion, idEmpleado, idEncabezadoPlanilla) VALUES (41, 9277, 870, 9, 821, 'Aliquam non mauris.', 66, 22);
INSERT INTO pagoplanilla (idPagoPlanilla, montoPagado, valorBonificacion, valorImpuesto, valorDeduccion, observacion, idEmpleado, idEncabezadoPlanilla) VALUES (42, 37617, 1023, 15, 972, 'Curabitur in libero ut massa volutpat convallis.', 16, 52);
INSERT INTO pagoplanilla (idPagoPlanilla, montoPagado, valorBonificacion, valorImpuesto, valorDeduccion, observacion, idEmpleado, idEncabezadoPlanilla) VALUES (43, 16752, 578, 8, 881, 'Phasellus id sapien in sapien iaculis congue.', 65, 101);
INSERT INTO pagoplanilla (idPagoPlanilla, montoPagado, valorBonificacion, valorImpuesto, valorDeduccion, observacion, idEmpleado, idEncabezadoPlanilla) VALUES (44, 39631, 702, 15, 998, 'Cras in purus eu magna vulputate luctus.', 47, 1);
INSERT INTO pagoplanilla (idPagoPlanilla, montoPagado, valorBonificacion, valorImpuesto, valorDeduccion, observacion, idEmpleado, idEncabezadoPlanilla) VALUES (45, 31190, 739, 7, 505, 'Morbi vestibulum, velit id pretium iaculis, diam erat fermentum justo, nec condimentum neque sapien placerat ante.', 84, 83);
INSERT INTO pagoplanilla (idPagoPlanilla, montoPagado, valorBonificacion, valorImpuesto, valorDeduccion, observacion, idEmpleado, idEncabezadoPlanilla) VALUES (46, 20898, 779, 1, 779, 'Morbi vel lectus in quam fringilla rhoncus.', 41, 23);
INSERT INTO pagoplanilla (idPagoPlanilla, montoPagado, valorBonificacion, valorImpuesto, valorDeduccion, observacion, idEmpleado, idEncabezadoPlanilla) VALUES (47, 18993, 759, 11, 932, 'Ut tellus.', 57, 38);
INSERT INTO pagoplanilla (idPagoPlanilla, montoPagado, valorBonificacion, valorImpuesto, valorDeduccion, observacion, idEmpleado, idEncabezadoPlanilla) VALUES (48, 17397, 611, 1, 816, 'Proin at turpis a pede posuere nonummy.', 82, 65);
INSERT INTO pagoplanilla (idPagoPlanilla, montoPagado, valorBonificacion, valorImpuesto, valorDeduccion, observacion, idEmpleado, idEncabezadoPlanilla) VALUES (49, 35923, 1178, 11, 867, 'Nam ultrices, libero non mattis pulvinar, nulla pede ullamcorper augue, a suscipit nulla elit ac nulla.', 38, 59);
INSERT INTO pagoplanilla (idPagoPlanilla, montoPagado, valorBonificacion, valorImpuesto, valorDeduccion, observacion, idEmpleado, idEncabezadoPlanilla) VALUES (50, 22242, 1345, 3, 729, 'Vestibulum ante ipsum primis in faucibus orci luctus et ultrices posuere cubilia Curae; Nulla dapibus dolor vel est.', 25, 55);
INSERT INTO pagoplanilla (idPagoPlanilla, montoPagado, valorBonificacion, valorImpuesto, valorDeduccion, observacion, idEmpleado, idEncabezadoPlanilla) VALUES (51, 11012, 941, 14, 716, 'Vestibulum rutrum rutrum neque.', 44, 17);
INSERT INTO pagoplanilla (idPagoPlanilla, montoPagado, valorBonificacion, valorImpuesto, valorDeduccion, observacion, idEmpleado, idEncabezadoPlanilla) VALUES (52, 33073, 725, 11, 639, 'Morbi quis tortor id nulla ultrices aliquet.', 26, 85);
INSERT INTO pagoplanilla (idPagoPlanilla, montoPagado, valorBonificacion, valorImpuesto, valorDeduccion, observacion, idEmpleado, idEncabezadoPlanilla) VALUES (53, 33339, 820, 12, 660, 'Suspendisse accumsan tortor quis turpis.', 49, 47);
INSERT INTO pagoplanilla (idPagoPlanilla, montoPagado, valorBonificacion, valorImpuesto, valorDeduccion, observacion, idEmpleado, idEncabezadoPlanilla) VALUES (54, 23455, 722, 15, 878, 'Duis at velit eu est congue elementum.', 33, 24);
INSERT INTO pagoplanilla (idPagoPlanilla, montoPagado, valorBonificacion, valorImpuesto, valorDeduccion, observacion, idEmpleado, idEncabezadoPlanilla) VALUES (55, 22010, 1293, 7, 899, 'Donec dapibus.', 50, 15);
INSERT INTO pagoplanilla (idPagoPlanilla, montoPagado, valorBonificacion, valorImpuesto, valorDeduccion, observacion, idEmpleado, idEncabezadoPlanilla) VALUES (56, 39687, 755, 12, 763, 'Quisque arcu libero, rutrum ac, lobortis vel, dapibus at, diam.', 53, 7);
INSERT INTO pagoplanilla (idPagoPlanilla, montoPagado, valorBonificacion, valorImpuesto, valorDeduccion, observacion, idEmpleado, idEncabezadoPlanilla) VALUES (57, 26545, 668, 15, 773, 'Pellentesque ultrices mattis odio.', 71, 56);
INSERT INTO pagoplanilla (idPagoPlanilla, montoPagado, valorBonificacion, valorImpuesto, valorDeduccion, observacion, idEmpleado, idEncabezadoPlanilla) VALUES (58, 14165, 1500, 6, 895, 'Sed ante.', 4, 5);
INSERT INTO pagoplanilla (idPagoPlanilla, montoPagado, valorBonificacion, valorImpuesto, valorDeduccion, observacion, idEmpleado, idEncabezadoPlanilla) VALUES (59, 21453, 1458, 15, 836, 'Vivamus tortor.', 81, 98);
INSERT INTO pagoplanilla (idPagoPlanilla, montoPagado, valorBonificacion, valorImpuesto, valorDeduccion, observacion, idEmpleado, idEncabezadoPlanilla) VALUES (60, 19350, 550, 2, 991, 'Vivamus in felis eu sapien cursus vestibulum.', 60, 25);
INSERT INTO pagoplanilla (idPagoPlanilla, montoPagado, valorBonificacion, valorImpuesto, valorDeduccion, observacion, idEmpleado, idEncabezadoPlanilla) VALUES (61, 10218, 1144, 1, 836, 'Praesent id massa id nisl venenatis lacinia.', 53, 91);
INSERT INTO pagoplanilla (idPagoPlanilla, montoPagado, valorBonificacion, valorImpuesto, valorDeduccion, observacion, idEmpleado, idEncabezadoPlanilla) VALUES (62, 12382, 1374, 6, 902, 'Mauris lacinia sapien quis libero.', 86, 82);
INSERT INTO pagoplanilla (idPagoPlanilla, montoPagado, valorBonificacion, valorImpuesto, valorDeduccion, observacion, idEmpleado, idEncabezadoPlanilla) VALUES (63, 8935, 594, 7, 884, 'Integer non velit.', 51, 50);
INSERT INTO pagoplanilla (idPagoPlanilla, montoPagado, valorBonificacion, valorImpuesto, valorDeduccion, observacion, idEmpleado, idEncabezadoPlanilla) VALUES (64, 8782, 659, 3, 716, 'Aliquam non mauris.', 40, 99);
INSERT INTO pagoplanilla (idPagoPlanilla, montoPagado, valorBonificacion, valorImpuesto, valorDeduccion, observacion, idEmpleado, idEncabezadoPlanilla) VALUES (65, 23142, 1252, 2, 836, 'In hac habitasse platea dictumst.', 19, 6);
INSERT INTO pagoplanilla (idPagoPlanilla, montoPagado, valorBonificacion, valorImpuesto, valorDeduccion, observacion, idEmpleado, idEncabezadoPlanilla) VALUES (66, 32047, 774, 12, 870, 'Maecenas leo odio, condimentum id, luctus nec, molestie sed, justo.', 102, 6);
INSERT INTO pagoplanilla (idPagoPlanilla, montoPagado, valorBonificacion, valorImpuesto, valorDeduccion, observacion, idEmpleado, idEncabezadoPlanilla) VALUES (67, 39234, 555, 7, 875, 'Morbi odio odio, elementum eu, interdum eu, tincidunt in, leo.', 19, 15);
INSERT INTO pagoplanilla (idPagoPlanilla, montoPagado, valorBonificacion, valorImpuesto, valorDeduccion, observacion, idEmpleado, idEncabezadoPlanilla) VALUES (68, 34964, 939, 12, 719, 'Aenean fermentum.', 48, 94);
INSERT INTO pagoplanilla (idPagoPlanilla, montoPagado, valorBonificacion, valorImpuesto, valorDeduccion, observacion, idEmpleado, idEncabezadoPlanilla) VALUES (69, 28397, 1204, 8, 528, 'Donec semper sapien a libero.', 11, 37);
INSERT INTO pagoplanilla (idPagoPlanilla, montoPagado, valorBonificacion, valorImpuesto, valorDeduccion, observacion, idEmpleado, idEncabezadoPlanilla) VALUES (70, 33477, 1406, 1, 716, 'Duis consequat dui nec nisi volutpat eleifend.', 70, 84);
INSERT INTO pagoplanilla (idPagoPlanilla, montoPagado, valorBonificacion, valorImpuesto, valorDeduccion, observacion, idEmpleado, idEncabezadoPlanilla) VALUES (71, 11022, 890, 6, 628, 'Suspendisse accumsan tortor quis turpis.', 62, 58);
INSERT INTO pagoplanilla (idPagoPlanilla, montoPagado, valorBonificacion, valorImpuesto, valorDeduccion, observacion, idEmpleado, idEncabezadoPlanilla) VALUES (72, 21297, 841, 3, 740, 'Morbi porttitor lorem id ligula.', 83, 56);
INSERT INTO pagoplanilla (idPagoPlanilla, montoPagado, valorBonificacion, valorImpuesto, valorDeduccion, observacion, idEmpleado, idEncabezadoPlanilla) VALUES (73, 21218, 1467, 8, 740, 'In est risus, auctor sed, tristique in, tempus sit amet, sem.', 65, 4);
INSERT INTO pagoplanilla (idPagoPlanilla, montoPagado, valorBonificacion, valorImpuesto, valorDeduccion, observacion, idEmpleado, idEncabezadoPlanilla) VALUES (74, 23186, 749, 2, 718, 'Donec ut dolor.', 88, 102);
INSERT INTO pagoplanilla (idPagoPlanilla, montoPagado, valorBonificacion, valorImpuesto, valorDeduccion, observacion, idEmpleado, idEncabezadoPlanilla) VALUES (75, 24373, 957, 11, 927, 'Nunc nisl.', 81, 31);
INSERT INTO pagoplanilla (idPagoPlanilla, montoPagado, valorBonificacion, valorImpuesto, valorDeduccion, observacion, idEmpleado, idEncabezadoPlanilla) VALUES (76, 8261, 725, 13, 821, 'Praesent id massa id nisl venenatis lacinia.', 5, 79);
INSERT INTO pagoplanilla (idPagoPlanilla, montoPagado, valorBonificacion, valorImpuesto, valorDeduccion, observacion, idEmpleado, idEncabezadoPlanilla) VALUES (77, 29042, 1455, 14, 680, 'Duis bibendum, felis sed interdum venenatis, turpis enim blandit mi, in porttitor pede justo eu massa.', 23, 5);
INSERT INTO pagoplanilla (idPagoPlanilla, montoPagado, valorBonificacion, valorImpuesto, valorDeduccion, observacion, idEmpleado, idEncabezadoPlanilla) VALUES (78, 12104, 667, 1, 701, 'Donec posuere metus vitae ipsum.', 4, 54);
INSERT INTO pagoplanilla (idPagoPlanilla, montoPagado, valorBonificacion, valorImpuesto, valorDeduccion, observacion, idEmpleado, idEncabezadoPlanilla) VALUES (79, 24270, 1150, 14, 506, 'Integer tincidunt ante vel ipsum.', 51, 73);
INSERT INTO pagoplanilla (idPagoPlanilla, montoPagado, valorBonificacion, valorImpuesto, valorDeduccion, observacion, idEmpleado, idEncabezadoPlanilla) VALUES (80, 39645, 1431, 7, 730, 'Phasellus in felis.', 51, 91);
INSERT INTO pagoplanilla (idPagoPlanilla, montoPagado, valorBonificacion, valorImpuesto, valorDeduccion, observacion, idEmpleado, idEncabezadoPlanilla) VALUES (81, 35797, 1141, 6, 687, 'In blandit ultrices enim.', 7, 80);
INSERT INTO pagoplanilla (idPagoPlanilla, montoPagado, valorBonificacion, valorImpuesto, valorDeduccion, observacion, idEmpleado, idEncabezadoPlanilla) VALUES (82, 19101, 1437, 11, 512, 'Cras pellentesque volutpat dui.', 97, 85);
INSERT INTO pagoplanilla (idPagoPlanilla, montoPagado, valorBonificacion, valorImpuesto, valorDeduccion, observacion, idEmpleado, idEncabezadoPlanilla) VALUES (83, 15009, 1493, 9, 833, 'Cras mi pede, malesuada in, imperdiet et, commodo vulputate, justo.', 43, 40);
INSERT INTO pagoplanilla (idPagoPlanilla, montoPagado, valorBonificacion, valorImpuesto, valorDeduccion, observacion, idEmpleado, idEncabezadoPlanilla) VALUES (84, 33947, 616, 14, 722, 'Etiam faucibus cursus urna.', 98, 100);
INSERT INTO pagoplanilla (idPagoPlanilla, montoPagado, valorBonificacion, valorImpuesto, valorDeduccion, observacion, idEmpleado, idEncabezadoPlanilla) VALUES (85, 17244, 766, 4, 868, 'Nulla justo.', 73, 104);
INSERT INTO pagoplanilla (idPagoPlanilla, montoPagado, valorBonificacion, valorImpuesto, valorDeduccion, observacion, idEmpleado, idEncabezadoPlanilla) VALUES (86, 28805, 978, 11, 883, 'Praesent lectus.', 5, 102);
INSERT INTO pagoplanilla (idPagoPlanilla, montoPagado, valorBonificacion, valorImpuesto, valorDeduccion, observacion, idEmpleado, idEncabezadoPlanilla) VALUES (87, 22212, 1131, 13, 687, 'Suspendisse potenti.', 38, 52);
INSERT INTO pagoplanilla (idPagoPlanilla, montoPagado, valorBonificacion, valorImpuesto, valorDeduccion, observacion, idEmpleado, idEncabezadoPlanilla) VALUES (88, 19172, 1240, 4, 940, 'Curabitur at ipsum ac tellus semper interdum.', 66, 105);
INSERT INTO pagoplanilla (idPagoPlanilla, montoPagado, valorBonificacion, valorImpuesto, valorDeduccion, observacion, idEmpleado, idEncabezadoPlanilla) VALUES (89, 19595, 541, 3, 987, 'Nulla mollis molestie lorem.', 40, 101);
INSERT INTO pagoplanilla (idPagoPlanilla, montoPagado, valorBonificacion, valorImpuesto, valorDeduccion, observacion, idEmpleado, idEncabezadoPlanilla) VALUES (90, 38573, 1200, 13, 752, 'Sed sagittis.', 26, 17);
INSERT INTO pagoplanilla (idPagoPlanilla, montoPagado, valorBonificacion, valorImpuesto, valorDeduccion, observacion, idEmpleado, idEncabezadoPlanilla) VALUES (91, 26229, 1264, 12, 939, 'Donec ut mauris eget massa tempor convallis.', 38, 21);
INSERT INTO pagoplanilla (idPagoPlanilla, montoPagado, valorBonificacion, valorImpuesto, valorDeduccion, observacion, idEmpleado, idEncabezadoPlanilla) VALUES (92, 26106, 806, 9, 530, 'Aliquam erat volutpat.', 75, 94);
INSERT INTO pagoplanilla (idPagoPlanilla, montoPagado, valorBonificacion, valorImpuesto, valorDeduccion, observacion, idEmpleado, idEncabezadoPlanilla) VALUES (93, 20277, 1364, 4, 596, 'In blandit ultrices enim.', 66, 60);
INSERT INTO pagoplanilla (idPagoPlanilla, montoPagado, valorBonificacion, valorImpuesto, valorDeduccion, observacion, idEmpleado, idEncabezadoPlanilla) VALUES (94, 17206, 726, 2, 692, 'Praesent blandit lacinia erat.', 94, 96);
INSERT INTO pagoplanilla (idPagoPlanilla, montoPagado, valorBonificacion, valorImpuesto, valorDeduccion, observacion, idEmpleado, idEncabezadoPlanilla) VALUES (95, 22936, 917, 10, 879, 'Aenean fermentum.', 74, 12);
INSERT INTO pagoplanilla (idPagoPlanilla, montoPagado, valorBonificacion, valorImpuesto, valorDeduccion, observacion, idEmpleado, idEncabezadoPlanilla) VALUES (96, 33689, 1177, 9, 679, 'Vivamus tortor.', 30, 68);
INSERT INTO pagoplanilla (idPagoPlanilla, montoPagado, valorBonificacion, valorImpuesto, valorDeduccion, observacion, idEmpleado, idEncabezadoPlanilla) VALUES (97, 34661, 1455, 10, 901, 'Curabitur gravida nisi at nibh.', 52, 39);
INSERT INTO pagoplanilla (idPagoPlanilla, montoPagado, valorBonificacion, valorImpuesto, valorDeduccion, observacion, idEmpleado, idEncabezadoPlanilla) VALUES (98, 25189, 1271, 3, 851, 'Etiam justo.', 32, 47);
INSERT INTO pagoplanilla (idPagoPlanilla, montoPagado, valorBonificacion, valorImpuesto, valorDeduccion, observacion, idEmpleado, idEncabezadoPlanilla) VALUES (99, 9887, 861, 7, 936, 'Nullam molestie nibh in lectus.', 46, 11);
INSERT INTO pagoplanilla (idPagoPlanilla, montoPagado, valorBonificacion, valorImpuesto, valorDeduccion, observacion, idEmpleado, idEncabezadoPlanilla) VALUES (100, 12996, 1496, 3, 515, 'Donec ut mauris eget massa tempor convallis.', 1, 101);
INSERT INTO pagoplanilla (idPagoPlanilla, montoPagado, valorBonificacion, valorImpuesto, valorDeduccion, observacion, idEmpleado, idEncabezadoPlanilla) VALUES (101, 32599, 705, 4, 784, 'Praesent blandit.', 57, 1);
INSERT INTO pagoplanilla (idPagoPlanilla, montoPagado, valorBonificacion, valorImpuesto, valorDeduccion, observacion, idEmpleado, idEncabezadoPlanilla) VALUES (102, 21506, 1397, 2, 817, 'In hac habitasse platea dictumst.', 47, 87);
INSERT INTO pagoplanilla (idPagoPlanilla, montoPagado, valorBonificacion, valorImpuesto, valorDeduccion, observacion, idEmpleado, idEncabezadoPlanilla) VALUES (103, 30268, 1189, 7, 700, 'Fusce posuere felis sed lacus.', 93, 39);
INSERT INTO pagoplanilla (idPagoPlanilla, montoPagado, valorBonificacion, valorImpuesto, valorDeduccion, observacion, idEmpleado, idEncabezadoPlanilla) VALUES (104, 26710, 921, 4, 599, 'Ut at dolor quis odio consequat varius.', 83, 11);
INSERT INTO pagoplanilla (idPagoPlanilla, montoPagado, valorBonificacion, valorImpuesto, valorDeduccion, observacion, idEmpleado, idEncabezadoPlanilla) VALUES (105, 34915, 536, 11, 683, 'Suspendisse ornare consequat lectus.', 55, 100);

-- -----------------------------------------------------
-- 324 Inserts de tabla habitacion (18 Habitaciones por Sucursal)
-- -----------------------------------------------------
insert into habitacion (idHabitacion, numeroHabitacion, numeroPiso, estado, descripcion, idTipoCategoria, idTipoHabitacion, idSucursal) values (1, 1, 1, 'Disponible', 'Donec semper sapien a libero.', 3, 2, 1);
insert into habitacion (idHabitacion, numeroHabitacion, numeroPiso, estado, descripcion, idTipoCategoria, idTipoHabitacion, idSucursal) values (2, 1, 1, 'Disponible', 'Mauris sit amet eros.', 1, 4, 2);
insert into habitacion (idHabitacion, numeroHabitacion, numeroPiso, estado, descripcion, idTipoCategoria, idTipoHabitacion, idSucursal) values (3, 1, 1, 'Ocupada', 'Suspendisse potenti.', 3, 3, 3);
insert into habitacion (idHabitacion, numeroHabitacion, numeroPiso, estado, descripcion, idTipoCategoria, idTipoHabitacion, idSucursal) values (4, 1, 1, 'Ocupada', 'Pellentesque at nulla.', 3, 4, 4);
insert into habitacion (idHabitacion, numeroHabitacion, numeroPiso, estado, descripcion, idTipoCategoria, idTipoHabitacion, idSucursal) values (5, 1, 1, 'Ocupada', 'Morbi quis tortor id nulla ultrices aliquet.', 3, 1, 5);
insert into habitacion (idHabitacion, numeroHabitacion, numeroPiso, estado, descripcion, idTipoCategoria, idTipoHabitacion, idSucursal) values (6, 1, 1, 'Ocupada', 'Cras pellentesque volutpat dui.', 4, 3, 6);
insert into habitacion (idHabitacion, numeroHabitacion, numeroPiso, estado, descripcion, idTipoCategoria, idTipoHabitacion, idSucursal) values (7, 1, 1, 'Disponible', 'Integer pede justo, lacinia eget, tincidunt eget, tempus vel, pede.', 2, 4, 7);
insert into habitacion (idHabitacion, numeroHabitacion, numeroPiso, estado, descripcion, idTipoCategoria, idTipoHabitacion, idSucursal) values (8, 1, 1, 'Ocupada', 'Morbi vel lectus in quam fringilla rhoncus.', 3, 3, 8);
insert into habitacion (idHabitacion, numeroHabitacion, numeroPiso, estado, descripcion, idTipoCategoria, idTipoHabitacion, idSucursal) values (9, 1, 1, 'Disponible', 'Cras non velit nec nisi vulputate nonummy.', 1, 2, 9);
insert into habitacion (idHabitacion, numeroHabitacion, numeroPiso, estado, descripcion, idTipoCategoria, idTipoHabitacion, idSucursal) values (10, 1, 1, 'Disponible', 'Quisque porta volutpat erat.', 1, 1, 10);
insert into habitacion (idHabitacion, numeroHabitacion, numeroPiso, estado, descripcion, idTipoCategoria, idTipoHabitacion, idSucursal) values (11, 1, 1, 'Disponible', 'Integer pede justo, lacinia eget, tincidunt eget, tempus vel, pede.', 3, 3, 11);
insert into habitacion (idHabitacion, numeroHabitacion, numeroPiso, estado, descripcion, idTipoCategoria, idTipoHabitacion, idSucursal) values (12, 1, 1, 'Ocupada', 'Nulla neque libero, convallis eget, eleifend luctus, ultricies eu, nibh.', 3, 1, 12);
insert into habitacion (idHabitacion, numeroHabitacion, numeroPiso, estado, descripcion, idTipoCategoria, idTipoHabitacion, idSucursal) values (13, 1, 1, 'Disponible', 'Vestibulum rutrum rutrum neque.', 1, 4, 13);
insert into habitacion (idHabitacion, numeroHabitacion, numeroPiso, estado, descripcion, idTipoCategoria, idTipoHabitacion, idSucursal) values (14, 1, 1, 'Disponible', 'Curabitur convallis.', 3, 1, 14);
insert into habitacion (idHabitacion, numeroHabitacion, numeroPiso, estado, descripcion, idTipoCategoria, idTipoHabitacion, idSucursal) values (15, 1, 1, 'Ocupada', 'Maecenas ut massa quis augue luctus tincidunt.', 2, 3, 15);
insert into habitacion (idHabitacion, numeroHabitacion, numeroPiso, estado, descripcion, idTipoCategoria, idTipoHabitacion, idSucursal) values (16, 1, 1, 'Ocupada', 'Fusce lacus purus, aliquet at, feugiat non, pretium quis, lectus.', 4, 2, 16);
insert into habitacion (idHabitacion, numeroHabitacion, numeroPiso, estado, descripcion, idTipoCategoria, idTipoHabitacion, idSucursal) values (17, 1, 1, 'Disponible', 'Sed vel enim sit amet nunc viverra dapibus.', 4, 2, 17);
insert into habitacion (idHabitacion, numeroHabitacion, numeroPiso, estado, descripcion, idTipoCategoria, idTipoHabitacion, idSucursal) values (18, 1, 1, 'Ocupada', 'Sed ante.', 4, 1, 18);

insert into habitacion (idHabitacion, numeroHabitacion, numeroPiso, estado, descripcion, idTipoCategoria, idTipoHabitacion, idSucursal) values (19, 1, 2, 'Disponible', 'Praesent id massa id nisl venenatis lacinia.', 2, 3, 1);
insert into habitacion (idHabitacion, numeroHabitacion, numeroPiso, estado, descripcion, idTipoCategoria, idTipoHabitacion, idSucursal) values (20, 1, 2, 'Disponible', 'Vestibulum rutrum rutrum neque.', 3, 2, 2);
insert into habitacion (idHabitacion, numeroHabitacion, numeroPiso, estado, descripcion, idTipoCategoria, idTipoHabitacion, idSucursal) values (21, 1, 2, 'Ocupada', 'Nullam varius.', 2, 4, 3);
insert into habitacion (idHabitacion, numeroHabitacion, numeroPiso, estado, descripcion, idTipoCategoria, idTipoHabitacion, idSucursal) values (22, 1, 2, 'Disponible', 'Quisque ut erat.', 1, 4, 4);
insert into habitacion (idHabitacion, numeroHabitacion, numeroPiso, estado, descripcion, idTipoCategoria, idTipoHabitacion, idSucursal) values (23, 1, 2, 'Ocupada', 'Integer a nibh.', 4, 4, 5);
insert into habitacion (idHabitacion, numeroHabitacion, numeroPiso, estado, descripcion, idTipoCategoria, idTipoHabitacion, idSucursal) values (24, 1, 2, 'Disponible', 'Donec vitae nisi.', 1, 3, 6);
insert into habitacion (idHabitacion, numeroHabitacion, numeroPiso, estado, descripcion, idTipoCategoria, idTipoHabitacion, idSucursal) values (25, 1, 2, 'Disponible', 'Pellentesque at nulla.', 3, 3, 7);
insert into habitacion (idHabitacion, numeroHabitacion, numeroPiso, estado, descripcion, idTipoCategoria, idTipoHabitacion, idSucursal) values (26, 1, 2, 'Disponible', 'Duis ac nibh.', 4, 2, 8);
insert into habitacion (idHabitacion, numeroHabitacion, numeroPiso, estado, descripcion, idTipoCategoria, idTipoHabitacion, idSucursal) values (27, 1, 2, 'Disponible', 'Cras pellentesque volutpat dui.', 4, 2, 9);
insert into habitacion (idHabitacion, numeroHabitacion, numeroPiso, estado, descripcion, idTipoCategoria, idTipoHabitacion, idSucursal) values (28, 1, 2, 'Ocupada', 'Nulla mollis molestie lorem.', 4, 2, 10);
insert into habitacion (idHabitacion, numeroHabitacion, numeroPiso, estado, descripcion, idTipoCategoria, idTipoHabitacion, idSucursal) values (29, 1, 2, 'Ocupada', 'Praesent blandit.', 3, 1, 11);
insert into habitacion (idHabitacion, numeroHabitacion, numeroPiso, estado, descripcion, idTipoCategoria, idTipoHabitacion, idSucursal) values (30, 1, 2, 'Ocupada', 'Maecenas ut massa quis augue luctus tincidunt.', 4, 4, 12);
insert into habitacion (idHabitacion, numeroHabitacion, numeroPiso, estado, descripcion, idTipoCategoria, idTipoHabitacion, idSucursal) values (31, 1, 2, 'Ocupada', 'Cras mi pede, malesuada in, imperdiet et, commodo vulputate, justo.', 3, 3, 13);
insert into habitacion (idHabitacion, numeroHabitacion, numeroPiso, estado, descripcion, idTipoCategoria, idTipoHabitacion, idSucursal) values (32, 1, 2, 'Ocupada', 'Integer pede justo, lacinia eget, tincidunt eget, tempus vel, pede.', 1, 4, 14);
insert into habitacion (idHabitacion, numeroHabitacion, numeroPiso, estado, descripcion, idTipoCategoria, idTipoHabitacion, idSucursal) values (33, 1, 2, 'Ocupada', 'Nunc nisl.', 3, 1, 15);
insert into habitacion (idHabitacion, numeroHabitacion, numeroPiso, estado, descripcion, idTipoCategoria, idTipoHabitacion, idSucursal) values (34, 1, 2, 'Ocupada', 'Mauris lacinia sapien quis libero.', 4, 4, 16);
insert into habitacion (idHabitacion, numeroHabitacion, numeroPiso, estado, descripcion, idTipoCategoria, idTipoHabitacion, idSucursal) values (35, 1, 2, 'Ocupada', 'Fusce posuere felis sed lacus.', 3, 2, 17);
insert into habitacion (idHabitacion, numeroHabitacion, numeroPiso, estado, descripcion, idTipoCategoria, idTipoHabitacion, idSucursal) values (36, 1, 2, 'Disponible', 'Integer non velit.', 3, 1, 18);

insert into habitacion (idHabitacion, numeroHabitacion, numeroPiso, estado, descripcion, idTipoCategoria, idTipoHabitacion, idSucursal) values (37, 1, 3, 'Ocupada', 'Integer pede justo, lacinia eget, tincidunt eget, tempus vel, pede.', 4, 4, 1);
insert into habitacion (idHabitacion, numeroHabitacion, numeroPiso, estado, descripcion, idTipoCategoria, idTipoHabitacion, idSucursal) values (38, 1, 3, 'Disponible', 'Proin risus.', 4, 4, 2);
insert into habitacion (idHabitacion, numeroHabitacion, numeroPiso, estado, descripcion, idTipoCategoria, idTipoHabitacion, idSucursal) values (39, 1, 3, 'Disponible', 'Suspendisse potenti.', 1, 2, 3);
insert into habitacion (idHabitacion, numeroHabitacion, numeroPiso, estado, descripcion, idTipoCategoria, idTipoHabitacion, idSucursal) values (40, 1, 3, 'Disponible', 'Morbi ut odio.', 2, 2, 4);
insert into habitacion (idHabitacion, numeroHabitacion, numeroPiso, estado, descripcion, idTipoCategoria, idTipoHabitacion, idSucursal) values (41, 1, 3, 'Ocupada', 'Aliquam quis turpis eget elit sodales scelerisque.', 2, 4, 5);
insert into habitacion (idHabitacion, numeroHabitacion, numeroPiso, estado, descripcion, idTipoCategoria, idTipoHabitacion, idSucursal) values (42, 1, 3, 'Disponible', 'Nam congue, risus semper porta volutpat, quam pede lobortis ligula, sit amet eleifend pede libero quis orci.', 2, 4, 6);
insert into habitacion (idHabitacion, numeroHabitacion, numeroPiso, estado, descripcion, idTipoCategoria, idTipoHabitacion, idSucursal) values (43, 1, 3, 'Ocupada', 'Proin at turpis a pede posuere nonummy.', 2, 1, 7);
insert into habitacion (idHabitacion, numeroHabitacion, numeroPiso, estado, descripcion, idTipoCategoria, idTipoHabitacion, idSucursal) values (44, 1, 3, 'Ocupada', 'Integer ac leo.', 4, 3, 8);
insert into habitacion (idHabitacion, numeroHabitacion, numeroPiso, estado, descripcion, idTipoCategoria, idTipoHabitacion, idSucursal) values (45, 1, 3, 'Ocupada', 'Suspendisse ornare consequat lectus.', 4, 1, 9);
insert into habitacion (idHabitacion, numeroHabitacion, numeroPiso, estado, descripcion, idTipoCategoria, idTipoHabitacion, idSucursal) values (46, 1, 3, 'Disponible', 'Vestibulum sed magna at nunc commodo placerat.', 2, 3, 10);
insert into habitacion (idHabitacion, numeroHabitacion, numeroPiso, estado, descripcion, idTipoCategoria, idTipoHabitacion, idSucursal) values (47, 1, 3, 'Disponible', 'In sagittis dui vel nisl.', 4, 2, 11);
insert into habitacion (idHabitacion, numeroHabitacion, numeroPiso, estado, descripcion, idTipoCategoria, idTipoHabitacion, idSucursal) values (48, 1, 3, 'Disponible', 'Morbi ut odio.', 1, 3, 12);
insert into habitacion (idHabitacion, numeroHabitacion, numeroPiso, estado, descripcion, idTipoCategoria, idTipoHabitacion, idSucursal) values (49, 1, 3, 'Disponible', 'Vestibulum ante ipsum primis in faucibus orci luctus et ultrices posuere cubilia Curae; Nulla dapibus dolor vel est.', 3, 2, 13);
insert into habitacion (idHabitacion, numeroHabitacion, numeroPiso, estado, descripcion, idTipoCategoria, idTipoHabitacion, idSucursal) values (50, 1, 3, 'Disponible', 'Nulla justo.', 3, 3, 14);
insert into habitacion (idHabitacion, numeroHabitacion, numeroPiso, estado, descripcion, idTipoCategoria, idTipoHabitacion, idSucursal) values (51, 1, 3, 'Disponible', 'Donec odio justo, sollicitudin ut, suscipit a, feugiat et, eros.', 2, 3, 15);
insert into habitacion (idHabitacion, numeroHabitacion, numeroPiso, estado, descripcion, idTipoCategoria, idTipoHabitacion, idSucursal) values (52, 1, 3, 'Ocupada', 'In quis justo.', 3, 2, 16);
insert into habitacion (idHabitacion, numeroHabitacion, numeroPiso, estado, descripcion, idTipoCategoria, idTipoHabitacion, idSucursal) values (53, 1, 3, 'Ocupada', 'Integer aliquet, massa id lobortis convallis, tortor risus dapibus augue, vel accumsan tellus nisi eu orci.', 4, 2, 17);
insert into habitacion (idHabitacion, numeroHabitacion, numeroPiso, estado, descripcion, idTipoCategoria, idTipoHabitacion, idSucursal) values (54, 1, 3, 'Disponible', 'Nam tristique tortor eu pede.', 3, 1, 18);

insert into habitacion (idHabitacion, numeroHabitacion, numeroPiso, estado, descripcion, idTipoCategoria, idTipoHabitacion, idSucursal) values (55, 2, 1, 'Ocupada', 'Duis bibendum, felis sed interdum venenatis, turpis enim blandit mi, in porttitor pede justo eu massa.', 2, 2, 1);
insert into habitacion (idHabitacion, numeroHabitacion, numeroPiso, estado, descripcion, idTipoCategoria, idTipoHabitacion, idSucursal) values (56, 2, 1, 'Ocupada', 'Etiam vel augue.', 4, 1, 2);
insert into habitacion (idHabitacion, numeroHabitacion, numeroPiso, estado, descripcion, idTipoCategoria, idTipoHabitacion, idSucursal) values (57, 2, 1, 'Ocupada', 'Nam tristique tortor eu pede.', 3, 2, 3);
insert into habitacion (idHabitacion, numeroHabitacion, numeroPiso, estado, descripcion, idTipoCategoria, idTipoHabitacion, idSucursal) values (58, 2, 1, 'Disponible', 'Etiam faucibus cursus urna.', 4, 3, 4);
insert into habitacion (idHabitacion, numeroHabitacion, numeroPiso, estado, descripcion, idTipoCategoria, idTipoHabitacion, idSucursal) values (59, 2, 1, 'Disponible', 'Nam tristique tortor eu pede.', 1, 1, 5);
insert into habitacion (idHabitacion, numeroHabitacion, numeroPiso, estado, descripcion, idTipoCategoria, idTipoHabitacion, idSucursal) values (60, 2, 1, 'Disponible', 'Nulla mollis molestie lorem.', 3, 3, 6);
insert into habitacion (idHabitacion, numeroHabitacion, numeroPiso, estado, descripcion, idTipoCategoria, idTipoHabitacion, idSucursal) values (61, 2, 1, 'Disponible', 'Integer pede justo, lacinia eget, tincidunt eget, tempus vel, pede.', 3, 3, 7);
insert into habitacion (idHabitacion, numeroHabitacion, numeroPiso, estado, descripcion, idTipoCategoria, idTipoHabitacion, idSucursal) values (62, 2, 1, 'Disponible', 'Maecenas ut massa quis augue luctus tincidunt.', 1, 1, 8);
insert into habitacion (idHabitacion, numeroHabitacion, numeroPiso, estado, descripcion, idTipoCategoria, idTipoHabitacion, idSucursal) values (63, 2, 1, 'Ocupada', 'Nulla ac enim.', 3, 2, 9);
insert into habitacion (idHabitacion, numeroHabitacion, numeroPiso, estado, descripcion, idTipoCategoria, idTipoHabitacion, idSucursal) values (64, 2, 1, 'Disponible', 'Duis ac nibh.', 2, 4, 10);
insert into habitacion (idHabitacion, numeroHabitacion, numeroPiso, estado, descripcion, idTipoCategoria, idTipoHabitacion, idSucursal) values (65, 2, 1, 'Disponible', 'Suspendisse accumsan tortor quis turpis.', 1, 1, 11);
insert into habitacion (idHabitacion, numeroHabitacion, numeroPiso, estado, descripcion, idTipoCategoria, idTipoHabitacion, idSucursal) values (66, 2, 1, 'Ocupada', 'Nullam porttitor lacus at turpis.', 4, 4, 12);
insert into habitacion (idHabitacion, numeroHabitacion, numeroPiso, estado, descripcion, idTipoCategoria, idTipoHabitacion, idSucursal) values (67, 2, 1, 'Ocupada', 'Pellentesque at nulla.', 4, 3, 13);
insert into habitacion (idHabitacion, numeroHabitacion, numeroPiso, estado, descripcion, idTipoCategoria, idTipoHabitacion, idSucursal) values (68, 2, 1, 'Ocupada', 'Suspendisse potenti.', 4, 2, 14);
insert into habitacion (idHabitacion, numeroHabitacion, numeroPiso, estado, descripcion, idTipoCategoria, idTipoHabitacion, idSucursal) values (69, 2, 1, 'Ocupada', 'Vestibulum ac est lacinia nisi venenatis tristique.', 2, 4, 15);
insert into habitacion (idHabitacion, numeroHabitacion, numeroPiso, estado, descripcion, idTipoCategoria, idTipoHabitacion, idSucursal) values (70, 2, 1, 'Disponible', 'Vestibulum quam sapien, varius ut, blandit non, interdum in, ante.', 4, 2, 16);
insert into habitacion (idHabitacion, numeroHabitacion, numeroPiso, estado, descripcion, idTipoCategoria, idTipoHabitacion, idSucursal) values (71, 2, 1, 'Ocupada', 'Vestibulum rutrum rutrum neque.', 2, 3, 17);
insert into habitacion (idHabitacion, numeroHabitacion, numeroPiso, estado, descripcion, idTipoCategoria, idTipoHabitacion, idSucursal) values (72, 2, 1, 'Disponible', 'Donec odio justo, sollicitudin ut, suscipit a, feugiat et, eros.', 1, 3, 18);

insert into habitacion (idHabitacion, numeroHabitacion, numeroPiso, estado, descripcion, idTipoCategoria, idTipoHabitacion, idSucursal) values (73, 2, 2, 'Ocupada', 'Quisque arcu libero, rutrum ac, lobortis vel, dapibus at, diam.', 4, 4, 1);
insert into habitacion (idHabitacion, numeroHabitacion, numeroPiso, estado, descripcion, idTipoCategoria, idTipoHabitacion, idSucursal) values (74, 2, 2, 'Disponible', 'In blandit ultrices enim.', 2, 4, 2);
insert into habitacion (idHabitacion, numeroHabitacion, numeroPiso, estado, descripcion, idTipoCategoria, idTipoHabitacion, idSucursal) values (75, 2, 2, 'Disponible', 'In eleifend quam a odio.', 3, 3, 3);
insert into habitacion (idHabitacion, numeroHabitacion, numeroPiso, estado, descripcion, idTipoCategoria, idTipoHabitacion, idSucursal) values (76, 2, 2, 'Disponible', 'Integer ac neque.', 1, 2, 4);
insert into habitacion (idHabitacion, numeroHabitacion, numeroPiso, estado, descripcion, idTipoCategoria, idTipoHabitacion, idSucursal) values (77, 2, 2, 'Disponible', 'Aenean lectus.', 4, 2, 5);
insert into habitacion (idHabitacion, numeroHabitacion, numeroPiso, estado, descripcion, idTipoCategoria, idTipoHabitacion, idSucursal) values (78, 2, 2, 'Ocupada', 'Nulla nisl.', 4, 4, 6);
insert into habitacion (idHabitacion, numeroHabitacion, numeroPiso, estado, descripcion, idTipoCategoria, idTipoHabitacion, idSucursal) values (79, 2, 2, 'Ocupada', 'Vestibulum rutrum rutrum neque.', 2, 3, 7);
insert into habitacion (idHabitacion, numeroHabitacion, numeroPiso, estado, descripcion, idTipoCategoria, idTipoHabitacion, idSucursal) values (80, 2, 2, 'Ocupada', 'Nullam varius.', 4, 4, 8);
insert into habitacion (idHabitacion, numeroHabitacion, numeroPiso, estado, descripcion, idTipoCategoria, idTipoHabitacion, idSucursal) values (81, 2, 2, 'Ocupada', 'Quisque erat eros, viverra eget, congue eget, semper rutrum, nulla.', 2, 3, 9);
insert into habitacion (idHabitacion, numeroHabitacion, numeroPiso, estado, descripcion, idTipoCategoria, idTipoHabitacion, idSucursal) values (82, 2, 2, 'Disponible', 'In eleifend quam a odio.', 3, 3, 10);
insert into habitacion (idHabitacion, numeroHabitacion, numeroPiso, estado, descripcion, idTipoCategoria, idTipoHabitacion, idSucursal) values (83, 2, 2, 'Disponible', 'Nulla mollis molestie lorem.', 2, 3, 11);
insert into habitacion (idHabitacion, numeroHabitacion, numeroPiso, estado, descripcion, idTipoCategoria, idTipoHabitacion, idSucursal) values (84, 2, 2, 'Ocupada', 'Maecenas ut massa quis augue luctus tincidunt.', 2, 2, 12);
insert into habitacion (idHabitacion, numeroHabitacion, numeroPiso, estado, descripcion, idTipoCategoria, idTipoHabitacion, idSucursal) values (85, 2, 2, 'Ocupada', 'Donec dapibus.', 2, 4, 13);
insert into habitacion (idHabitacion, numeroHabitacion, numeroPiso, estado, descripcion, idTipoCategoria, idTipoHabitacion, idSucursal) values (86, 2, 2, 'Disponible', 'Morbi non lectus.', 4, 1, 14);
insert into habitacion (idHabitacion, numeroHabitacion, numeroPiso, estado, descripcion, idTipoCategoria, idTipoHabitacion, idSucursal) values (87, 2, 2, 'Disponible', 'Duis consequat dui nec nisi volutpat eleifend.', 3, 4, 15);
insert into habitacion (idHabitacion, numeroHabitacion, numeroPiso, estado, descripcion, idTipoCategoria, idTipoHabitacion, idSucursal) values (88, 2, 2, 'Ocupada', 'Vestibulum ante ipsum primis in faucibus orci luctus et ultrices posuere cubilia Curae; Donec pharetra, magna vestibulum aliquet ultrices, erat tortor sollicitudin mi, sit amet lobortis sapien sapien non mi.', 3, 1, 16);
insert into habitacion (idHabitacion, numeroHabitacion, numeroPiso, estado, descripcion, idTipoCategoria, idTipoHabitacion, idSucursal) values (89, 2, 2, 'Ocupada', 'In quis justo.', 4, 1, 17);
insert into habitacion (idHabitacion, numeroHabitacion, numeroPiso, estado, descripcion, idTipoCategoria, idTipoHabitacion, idSucursal) values (90, 2, 2, 'Disponible', 'Curabitur at ipsum ac tellus semper interdum.', 4, 1, 18);

insert into habitacion (idHabitacion, numeroHabitacion, numeroPiso, estado, descripcion, idTipoCategoria, idTipoHabitacion, idSucursal) values (91, 2, 3, 'Ocupada', 'Suspendisse potenti.', 2, 3, 1);
insert into habitacion (idHabitacion, numeroHabitacion, numeroPiso, estado, descripcion, idTipoCategoria, idTipoHabitacion, idSucursal) values (92, 2, 3, 'Disponible', 'Aliquam sit amet diam in magna bibendum imperdiet.', 4, 4, 2);
insert into habitacion (idHabitacion, numeroHabitacion, numeroPiso, estado, descripcion, idTipoCategoria, idTipoHabitacion, idSucursal) values (93, 2, 3, 'Ocupada', 'Pellentesque eget nunc.', 2, 3, 3);
insert into habitacion (idHabitacion, numeroHabitacion, numeroPiso, estado, descripcion, idTipoCategoria, idTipoHabitacion, idSucursal) values (94, 2, 3, 'Disponible', 'Quisque porta volutpat erat.', 4, 1, 4);
insert into habitacion (idHabitacion, numeroHabitacion, numeroPiso, estado, descripcion, idTipoCategoria, idTipoHabitacion, idSucursal) values (95, 2, 3, 'Disponible', 'Vestibulum ante ipsum primis in faucibus orci luctus et ultrices posuere cubilia Curae; Nulla dapibus dolor vel est.', 4, 3, 5);
insert into habitacion (idHabitacion, numeroHabitacion, numeroPiso, estado, descripcion, idTipoCategoria, idTipoHabitacion, idSucursal) values (96, 2, 3, 'Disponible', 'Cras in purus eu magna vulputate luctus.', 2, 4, 6);
insert into habitacion (idHabitacion, numeroHabitacion, numeroPiso, estado, descripcion, idTipoCategoria, idTipoHabitacion, idSucursal) values (97, 2, 3, 'Ocupada', 'Vestibulum quam sapien, varius ut, blandit non, interdum in, ante.', 1, 4, 7);
insert into habitacion (idHabitacion, numeroHabitacion, numeroPiso, estado, descripcion, idTipoCategoria, idTipoHabitacion, idSucursal) values (98, 2, 3, 'Disponible', 'Integer ac leo.', 1, 3, 8);
insert into habitacion (idHabitacion, numeroHabitacion, numeroPiso, estado, descripcion, idTipoCategoria, idTipoHabitacion, idSucursal) values (99, 2, 3, 'Ocupada', 'Duis mattis egestas metus.', 4, 2, 9);
insert into habitacion (idHabitacion, numeroHabitacion, numeroPiso, estado, descripcion, idTipoCategoria, idTipoHabitacion, idSucursal) values (100, 2, 3, 'Ocupada', 'Cras in purus eu magna vulputate luctus.', 4, 1, 10);
insert into habitacion (idHabitacion, numeroHabitacion, numeroPiso, estado, descripcion, idTipoCategoria, idTipoHabitacion, idSucursal) values (101, 2, 3, 'Ocupada', 'Morbi sem mauris, laoreet ut, rhoncus aliquet, pulvinar sed, nisl.', 3, 1, 11);
insert into habitacion (idHabitacion, numeroHabitacion, numeroPiso, estado, descripcion, idTipoCategoria, idTipoHabitacion, idSucursal) values (102, 2, 3, 'Disponible', 'Curabitur at ipsum ac tellus semper interdum.', 1, 4, 12);
insert into habitacion (idHabitacion, numeroHabitacion, numeroPiso, estado, descripcion, idTipoCategoria, idTipoHabitacion, idSucursal) values (103, 2, 3, 'Disponible', 'Sed accumsan felis.', 4, 4, 13);
insert into habitacion (idHabitacion, numeroHabitacion, numeroPiso, estado, descripcion, idTipoCategoria, idTipoHabitacion, idSucursal) values (104, 2, 3, 'Disponible', 'Morbi quis tortor id nulla ultrices aliquet.', 2, 4, 14);
insert into habitacion (idHabitacion, numeroHabitacion, numeroPiso, estado, descripcion, idTipoCategoria, idTipoHabitacion, idSucursal) values (105, 2, 3, 'Ocupada', 'Donec odio justo, sollicitudin ut, suscipit a, feugiat et, eros.', 3, 4, 15);
insert into habitacion (idHabitacion, numeroHabitacion, numeroPiso, estado, descripcion, idTipoCategoria, idTipoHabitacion, idSucursal) values (106, 2, 3, 'Disponible', 'In blandit ultrices enim.', 1, 1, 16);
insert into habitacion (idHabitacion, numeroHabitacion, numeroPiso, estado, descripcion, idTipoCategoria, idTipoHabitacion, idSucursal) values (107, 2, 3, 'Ocupada', 'Phasellus sit amet erat.', 4, 2, 17);
insert into habitacion (idHabitacion, numeroHabitacion, numeroPiso, estado, descripcion, idTipoCategoria, idTipoHabitacion, idSucursal) values (108, 2, 3, 'Disponible', 'Morbi sem mauris, laoreet ut, rhoncus aliquet, pulvinar sed, nisl.', 1, 1, 18);

insert into habitacion (idHabitacion, numeroHabitacion, numeroPiso, estado, descripcion, idTipoCategoria, idTipoHabitacion, idSucursal) values (109, 3, 1, 'Ocupada', 'Aenean sit amet justo.', 1, 3, 1);
insert into habitacion (idHabitacion, numeroHabitacion, numeroPiso, estado, descripcion, idTipoCategoria, idTipoHabitacion, idSucursal) values (110, 3, 1, 'Disponible', 'Cum sociis natoque penatibus et magnis dis parturient montes, nascetur ridiculus mus.', 1, 3, 2);
insert into habitacion (idHabitacion, numeroHabitacion, numeroPiso, estado, descripcion, idTipoCategoria, idTipoHabitacion, idSucursal) values (111, 3, 1, 'Ocupada', 'Nulla ac enim.', 4, 4, 3);
insert into habitacion (idHabitacion, numeroHabitacion, numeroPiso, estado, descripcion, idTipoCategoria, idTipoHabitacion, idSucursal) values (112, 3, 1, 'Ocupada', 'Morbi porttitor lorem id ligula.', 3, 3, 4);
insert into habitacion (idHabitacion, numeroHabitacion, numeroPiso, estado, descripcion, idTipoCategoria, idTipoHabitacion, idSucursal) values (113, 3, 1, 'Disponible', 'Etiam justo.', 2, 3, 5);
insert into habitacion (idHabitacion, numeroHabitacion, numeroPiso, estado, descripcion, idTipoCategoria, idTipoHabitacion, idSucursal) values (114, 3, 1, 'Disponible', 'Etiam justo.', 4, 2, 6);
insert into habitacion (idHabitacion, numeroHabitacion, numeroPiso, estado, descripcion, idTipoCategoria, idTipoHabitacion, idSucursal) values (115, 3, 1, 'Ocupada', 'Maecenas tincidunt lacus at velit.', 4, 1, 7);
insert into habitacion (idHabitacion, numeroHabitacion, numeroPiso, estado, descripcion, idTipoCategoria, idTipoHabitacion, idSucursal) values (116, 3, 1, 'Disponible', 'Aliquam quis turpis eget elit sodales scelerisque.', 3, 4, 8);
insert into habitacion (idHabitacion, numeroHabitacion, numeroPiso, estado, descripcion, idTipoCategoria, idTipoHabitacion, idSucursal) values (117, 3, 1, 'Ocupada', 'In tempor, turpis nec euismod scelerisque, quam turpis adipiscing lorem, vitae mattis nibh ligula nec sem.', 1, 1, 9);
insert into habitacion (idHabitacion, numeroHabitacion, numeroPiso, estado, descripcion, idTipoCategoria, idTipoHabitacion, idSucursal) values (118, 3, 1, 'Ocupada', 'Integer tincidunt ante vel ipsum.', 3, 4, 10);
insert into habitacion (idHabitacion, numeroHabitacion, numeroPiso, estado, descripcion, idTipoCategoria, idTipoHabitacion, idSucursal) values (119, 3, 1, 'Ocupada', 'In hac habitasse platea dictumst.', 3, 2, 11);
insert into habitacion (idHabitacion, numeroHabitacion, numeroPiso, estado, descripcion, idTipoCategoria, idTipoHabitacion, idSucursal) values (120, 3, 1, 'Disponible', 'Nulla justo.', 3, 4, 12);
insert into habitacion (idHabitacion, numeroHabitacion, numeroPiso, estado, descripcion, idTipoCategoria, idTipoHabitacion, idSucursal) values (121, 3, 1, 'Disponible', 'In eleifend quam a odio.', 4, 3, 13);
insert into habitacion (idHabitacion, numeroHabitacion, numeroPiso, estado, descripcion, idTipoCategoria, idTipoHabitacion, idSucursal) values (122, 3, 1, 'Disponible', 'Suspendisse potenti.', 1, 3, 14);
insert into habitacion (idHabitacion, numeroHabitacion, numeroPiso, estado, descripcion, idTipoCategoria, idTipoHabitacion, idSucursal) values (123, 3, 1, 'Ocupada', 'Vestibulum ante ipsum primis in faucibus orci luctus et ultrices posuere cubilia Curae; Donec pharetra, magna vestibulum aliquet ultrices, erat tortor sollicitudin mi, sit amet lobortis sapien sapien non mi.', 4, 3, 15);
insert into habitacion (idHabitacion, numeroHabitacion, numeroPiso, estado, descripcion, idTipoCategoria, idTipoHabitacion, idSucursal) values (124, 3, 1, 'Ocupada', 'Nunc nisl.', 2, 4, 16);
insert into habitacion (idHabitacion, numeroHabitacion, numeroPiso, estado, descripcion, idTipoCategoria, idTipoHabitacion, idSucursal) values (125, 3, 1, 'Disponible', 'Vestibulum ante ipsum primis in faucibus orci luctus et ultrices posuere cubilia Curae; Donec pharetra, magna vestibulum aliquet ultrices, erat tortor sollicitudin mi, sit amet lobortis sapien sapien non mi.', 4, 1, 17);
insert into habitacion (idHabitacion, numeroHabitacion, numeroPiso, estado, descripcion, idTipoCategoria, idTipoHabitacion, idSucursal) values (126, 3, 1, 'Disponible', 'Maecenas pulvinar lobortis est.', 2, 3, 18);
	
insert into habitacion (idHabitacion, numeroHabitacion, numeroPiso, estado, descripcion, idTipoCategoria, idTipoHabitacion, idSucursal) values (127, 3, 2, 'Disponible', 'Curabitur at ipsum ac tellus semper interdum.', 1, 1, 1);
insert into habitacion (idHabitacion, numeroHabitacion, numeroPiso, estado, descripcion, idTipoCategoria, idTipoHabitacion, idSucursal) values (128, 3, 2, 'Disponible', 'Sed accumsan felis.', 4, 4, 2);
insert into habitacion (idHabitacion, numeroHabitacion, numeroPiso, estado, descripcion, idTipoCategoria, idTipoHabitacion, idSucursal) values (129, 3, 2, 'Ocupada', 'Nam congue, risus semper porta volutpat, quam pede lobortis ligula, sit amet eleifend pede libero quis orci.', 3, 2, 3);
insert into habitacion (idHabitacion, numeroHabitacion, numeroPiso, estado, descripcion, idTipoCategoria, idTipoHabitacion, idSucursal) values (130, 3, 2, 'Ocupada', 'Morbi sem mauris, laoreet ut, rhoncus aliquet, pulvinar sed, nisl.', 2, 1, 4);
insert into habitacion (idHabitacion, numeroHabitacion, numeroPiso, estado, descripcion, idTipoCategoria, idTipoHabitacion, idSucursal) values (131, 3, 2, 'Disponible', 'Morbi quis tortor id nulla ultrices aliquet.', 2, 4, 5);
insert into habitacion (idHabitacion, numeroHabitacion, numeroPiso, estado, descripcion, idTipoCategoria, idTipoHabitacion, idSucursal) values (132, 3, 2, 'Disponible', 'Nullam molestie nibh in lectus.', 1, 3, 6);
insert into habitacion (idHabitacion, numeroHabitacion, numeroPiso, estado, descripcion, idTipoCategoria, idTipoHabitacion, idSucursal) values (133, 3, 2, 'Ocupada', 'Phasellus id sapien in sapien iaculis congue.', 2, 1, 7);
insert into habitacion (idHabitacion, numeroHabitacion, numeroPiso, estado, descripcion, idTipoCategoria, idTipoHabitacion, idSucursal) values (134, 3, 2, 'Disponible', 'Mauris sit amet eros.', 1, 3, 8);
insert into habitacion (idHabitacion, numeroHabitacion, numeroPiso, estado, descripcion, idTipoCategoria, idTipoHabitacion, idSucursal) values (135, 3, 2, 'Disponible', 'Nulla tempus.', 2, 2, 9);
insert into habitacion (idHabitacion, numeroHabitacion, numeroPiso, estado, descripcion, idTipoCategoria, idTipoHabitacion, idSucursal) values (136, 3, 2, 'Ocupada', 'Vivamus tortor.', 3, 1, 10);
insert into habitacion (idHabitacion, numeroHabitacion, numeroPiso, estado, descripcion, idTipoCategoria, idTipoHabitacion, idSucursal) values (137, 3, 2, 'Ocupada', 'Quisque arcu libero, rutrum ac, lobortis vel, dapibus at, diam.', 1, 1, 11);
insert into habitacion (idHabitacion, numeroHabitacion, numeroPiso, estado, descripcion, idTipoCategoria, idTipoHabitacion, idSucursal) values (138, 3, 2, 'Ocupada', 'Donec diam neque, vestibulum eget, vulputate ut, ultrices vel, augue.', 1, 3, 12);
insert into habitacion (idHabitacion, numeroHabitacion, numeroPiso, estado, descripcion, idTipoCategoria, idTipoHabitacion, idSucursal) values (139, 3, 2, 'Ocupada', 'Donec dapibus.', 3, 3, 13);
insert into habitacion (idHabitacion, numeroHabitacion, numeroPiso, estado, descripcion, idTipoCategoria, idTipoHabitacion, idSucursal) values (140, 3, 2, 'Disponible', 'Nullam varius.', 3, 4, 14);
insert into habitacion (idHabitacion, numeroHabitacion, numeroPiso, estado, descripcion, idTipoCategoria, idTipoHabitacion, idSucursal) values (141, 3, 2, 'Disponible', 'Vestibulum quam sapien, varius ut, blandit non, interdum in, ante.', 1, 1, 15);
insert into habitacion (idHabitacion, numeroHabitacion, numeroPiso, estado, descripcion, idTipoCategoria, idTipoHabitacion, idSucursal) values (142, 3, 2, 'Disponible', 'In tempor, turpis nec euismod scelerisque, quam turpis adipiscing lorem, vitae mattis nibh ligula nec sem.', 1, 1, 16);
insert into habitacion (idHabitacion, numeroHabitacion, numeroPiso, estado, descripcion, idTipoCategoria, idTipoHabitacion, idSucursal) values (143, 3, 2, 'Disponible', 'Donec ut mauris eget massa tempor convallis.', 2, 1, 17);
insert into habitacion (idHabitacion, numeroHabitacion, numeroPiso, estado, descripcion, idTipoCategoria, idTipoHabitacion, idSucursal) values (144, 3, 2, 'Ocupada', 'In congue.', 2, 4, 18);
insert into habitacion (idHabitacion, numeroHabitacion, numeroPiso, estado, descripcion, idTipoCategoria, idTipoHabitacion, idSucursal) values (145, 3, 3, 'Disponible', 'Cras mi pede, malesuada in, imperdiet et, commodo vulputate, justo.', 3, 3, 1);
insert into habitacion (idHabitacion, numeroHabitacion, numeroPiso, estado, descripcion, idTipoCategoria, idTipoHabitacion, idSucursal) values (146, 3, 3, 'Disponible', 'Morbi ut odio.', 4, 2, 2);
insert into habitacion (idHabitacion, numeroHabitacion, numeroPiso, estado, descripcion, idTipoCategoria, idTipoHabitacion, idSucursal) values (147, 3, 3, 'Disponible', 'In sagittis dui vel nisl.', 3, 2, 3);
insert into habitacion (idHabitacion, numeroHabitacion, numeroPiso, estado, descripcion, idTipoCategoria, idTipoHabitacion, idSucursal) values (148, 3, 3, 'Disponible', 'Suspendisse ornare consequat lectus.', 3, 4, 4);
insert into habitacion (idHabitacion, numeroHabitacion, numeroPiso, estado, descripcion, idTipoCategoria, idTipoHabitacion, idSucursal) values (149, 3, 3, 'Ocupada', 'Vestibulum sed magna at nunc commodo placerat.', 1, 3, 5);
insert into habitacion (idHabitacion, numeroHabitacion, numeroPiso, estado, descripcion, idTipoCategoria, idTipoHabitacion, idSucursal) values (150, 3, 3, 'Ocupada', 'Aliquam sit amet diam in magna bibendum imperdiet.', 3, 1, 6);
insert into habitacion (idHabitacion, numeroHabitacion, numeroPiso, estado, descripcion, idTipoCategoria, idTipoHabitacion, idSucursal) values (151, 3, 3, 'Disponible', 'Nullam sit amet turpis elementum ligula vehicula consequat.', 4, 2, 7);
insert into habitacion (idHabitacion, numeroHabitacion, numeroPiso, estado, descripcion, idTipoCategoria, idTipoHabitacion, idSucursal) values (152, 3, 3, 'Ocupada', 'Vestibulum ante ipsum primis in faucibus orci luctus et ultrices posuere cubilia Curae; Nulla dapibus dolor vel est.', 2, 2, 8);
insert into habitacion (idHabitacion, numeroHabitacion, numeroPiso, estado, descripcion, idTipoCategoria, idTipoHabitacion, idSucursal) values (153, 3, 3, 'Disponible', 'In hac habitasse platea dictumst.', 2, 2, 9);
insert into habitacion (idHabitacion, numeroHabitacion, numeroPiso, estado, descripcion, idTipoCategoria, idTipoHabitacion, idSucursal) values (154, 3, 3, 'Ocupada', 'Curabitur at ipsum ac tellus semper interdum.', 3, 2, 10);
insert into habitacion (idHabitacion, numeroHabitacion, numeroPiso, estado, descripcion, idTipoCategoria, idTipoHabitacion, idSucursal) values (155, 3, 3, 'Disponible', 'Nulla ac enim.', 3, 1, 11);
insert into habitacion (idHabitacion, numeroHabitacion, numeroPiso, estado, descripcion, idTipoCategoria, idTipoHabitacion, idSucursal) values (156, 3, 3, 'Disponible', 'Aenean auctor gravida sem.', 4, 3, 12);
insert into habitacion (idHabitacion, numeroHabitacion, numeroPiso, estado, descripcion, idTipoCategoria, idTipoHabitacion, idSucursal) values (157, 3, 3, 'Ocupada', 'Pellentesque viverra pede ac diam.', 2, 2, 13);
insert into habitacion (idHabitacion, numeroHabitacion, numeroPiso, estado, descripcion, idTipoCategoria, idTipoHabitacion, idSucursal) values (158, 3, 3, 'Disponible', 'Nulla tellus.', 1, 3, 14);
insert into habitacion (idHabitacion, numeroHabitacion, numeroPiso, estado, descripcion, idTipoCategoria, idTipoHabitacion, idSucursal) values (159, 3, 3, 'Disponible', 'Integer ac leo.', 4, 2, 15);
insert into habitacion (idHabitacion, numeroHabitacion, numeroPiso, estado, descripcion, idTipoCategoria, idTipoHabitacion, idSucursal) values (160, 3, 3, 'Disponible', 'Donec ut mauris eget massa tempor convallis.', 2, 3, 16);
insert into habitacion (idHabitacion, numeroHabitacion, numeroPiso, estado, descripcion, idTipoCategoria, idTipoHabitacion, idSucursal) values (161, 3, 3, 'Disponible', 'Donec ut mauris eget massa tempor convallis.', 1, 3, 17);
insert into habitacion (idHabitacion, numeroHabitacion, numeroPiso, estado, descripcion, idTipoCategoria, idTipoHabitacion, idSucursal) values (162, 3, 3, 'Ocupada', 'Quisque ut erat.', 1, 4, 18);
insert into habitacion (idHabitacion, numeroHabitacion, numeroPiso, estado, descripcion, idTipoCategoria, idTipoHabitacion, idSucursal) values (163, 4, 1, 'Disponible', 'Nunc purus.', 3, 3, 1);
insert into habitacion (idHabitacion, numeroHabitacion, numeroPiso, estado, descripcion, idTipoCategoria, idTipoHabitacion, idSucursal) values (164, 4, 1, 'Ocupada', 'Quisque erat eros, viverra eget, congue eget, semper rutrum, nulla.', 3, 3, 2);
insert into habitacion (idHabitacion, numeroHabitacion, numeroPiso, estado, descripcion, idTipoCategoria, idTipoHabitacion, idSucursal) values (165, 4, 1, 'Disponible', 'Fusce lacus purus, aliquet at, feugiat non, pretium quis, lectus.', 1, 1, 3);
insert into habitacion (idHabitacion, numeroHabitacion, numeroPiso, estado, descripcion, idTipoCategoria, idTipoHabitacion, idSucursal) values (166, 4, 1, 'Disponible', 'Nam congue, risus semper porta volutpat, quam pede lobortis ligula, sit amet eleifend pede libero quis orci.', 3, 2, 4);
insert into habitacion (idHabitacion, numeroHabitacion, numeroPiso, estado, descripcion, idTipoCategoria, idTipoHabitacion, idSucursal) values (167, 4, 1, 'Ocupada', 'Etiam pretium iaculis justo.', 2, 2, 5);
insert into habitacion (idHabitacion, numeroHabitacion, numeroPiso, estado, descripcion, idTipoCategoria, idTipoHabitacion, idSucursal) values (168, 4, 1, 'Disponible', 'Nullam varius.', 2, 2, 6);
insert into habitacion (idHabitacion, numeroHabitacion, numeroPiso, estado, descripcion, idTipoCategoria, idTipoHabitacion, idSucursal) values (169, 4, 1, 'Ocupada', 'Vivamus tortor.', 3, 1, 7);
insert into habitacion (idHabitacion, numeroHabitacion, numeroPiso, estado, descripcion, idTipoCategoria, idTipoHabitacion, idSucursal) values (170, 4, 1, 'Disponible', 'Aenean auctor gravida sem.', 1, 1, 8);
insert into habitacion (idHabitacion, numeroHabitacion, numeroPiso, estado, descripcion, idTipoCategoria, idTipoHabitacion, idSucursal) values (171, 4, 1, 'Disponible', 'Nulla neque libero, convallis eget, eleifend luctus, ultricies eu, nibh.', 4, 1, 9);
insert into habitacion (idHabitacion, numeroHabitacion, numeroPiso, estado, descripcion, idTipoCategoria, idTipoHabitacion, idSucursal) values (172, 4, 1, 'Ocupada', 'Etiam vel augue.', 4, 1, 10);
insert into habitacion (idHabitacion, numeroHabitacion, numeroPiso, estado, descripcion, idTipoCategoria, idTipoHabitacion, idSucursal) values (173, 4, 1, 'Disponible', 'Aenean sit amet justo.', 2, 2, 11);
insert into habitacion (idHabitacion, numeroHabitacion, numeroPiso, estado, descripcion, idTipoCategoria, idTipoHabitacion, idSucursal) values (174, 4, 1, 'Ocupada', 'Nullam sit amet turpis elementum ligula vehicula consequat.', 1, 2, 12);
insert into habitacion (idHabitacion, numeroHabitacion, numeroPiso, estado, descripcion, idTipoCategoria, idTipoHabitacion, idSucursal) values (175, 4, 1, 'Disponible', 'In hac habitasse platea dictumst.', 2, 1, 13);
insert into habitacion (idHabitacion, numeroHabitacion, numeroPiso, estado, descripcion, idTipoCategoria, idTipoHabitacion, idSucursal) values (176, 4, 1, 'Ocupada', 'Morbi odio odio, elementum eu, interdum eu, tincidunt in, leo.', 4, 1, 14);
insert into habitacion (idHabitacion, numeroHabitacion, numeroPiso, estado, descripcion, idTipoCategoria, idTipoHabitacion, idSucursal) values (177, 4, 1, 'Ocupada', 'Morbi quis tortor id nulla ultrices aliquet.', 1, 1, 15);
insert into habitacion (idHabitacion, numeroHabitacion, numeroPiso, estado, descripcion, idTipoCategoria, idTipoHabitacion, idSucursal) values (178, 4, 1, 'Ocupada', 'Curabitur in libero ut massa volutpat convallis.', 3, 4, 16);
insert into habitacion (idHabitacion, numeroHabitacion, numeroPiso, estado, descripcion, idTipoCategoria, idTipoHabitacion, idSucursal) values (179, 4, 1, 'Ocupada', 'Duis at velit eu est congue elementum.', 1, 1, 17);
insert into habitacion (idHabitacion, numeroHabitacion, numeroPiso, estado, descripcion, idTipoCategoria, idTipoHabitacion, idSucursal) values (180, 4, 1, 'Ocupada', 'Nunc nisl.', 2, 2, 18);
insert into habitacion (idHabitacion, numeroHabitacion, numeroPiso, estado, descripcion, idTipoCategoria, idTipoHabitacion, idSucursal) values (181, 4, 2, 'Disponible', 'Maecenas tincidunt lacus at velit.', 1, 4, 1);
insert into habitacion (idHabitacion, numeroHabitacion, numeroPiso, estado, descripcion, idTipoCategoria, idTipoHabitacion, idSucursal) values (182, 4, 2, 'Disponible', 'Maecenas ut massa quis augue luctus tincidunt.', 1, 1, 2);
insert into habitacion (idHabitacion, numeroHabitacion, numeroPiso, estado, descripcion, idTipoCategoria, idTipoHabitacion, idSucursal) values (183, 4, 2, 'Ocupada', 'Integer ac leo.', 3, 1, 3);
insert into habitacion (idHabitacion, numeroHabitacion, numeroPiso, estado, descripcion, idTipoCategoria, idTipoHabitacion, idSucursal) values (184, 4, 2, 'Disponible', 'Morbi quis tortor id nulla ultrices aliquet.', 3, 4, 4);
insert into habitacion (idHabitacion, numeroHabitacion, numeroPiso, estado, descripcion, idTipoCategoria, idTipoHabitacion, idSucursal) values (185, 4, 2, 'Ocupada', 'Donec odio justo, sollicitudin ut, suscipit a, feugiat et, eros.', 1, 2, 5);
insert into habitacion (idHabitacion, numeroHabitacion, numeroPiso, estado, descripcion, idTipoCategoria, idTipoHabitacion, idSucursal) values (186, 4, 2, 'Ocupada', 'Nam tristique tortor eu pede.', 4, 2, 6);
insert into habitacion (idHabitacion, numeroHabitacion, numeroPiso, estado, descripcion, idTipoCategoria, idTipoHabitacion, idSucursal) values (187, 4, 2, 'Ocupada', 'Nunc rhoncus dui vel sem.', 4, 4, 7);
insert into habitacion (idHabitacion, numeroHabitacion, numeroPiso, estado, descripcion, idTipoCategoria, idTipoHabitacion, idSucursal) values (188, 4, 2, 'Ocupada', 'Maecenas tristique, est et tempus semper, est quam pharetra magna, ac consequat metus sapien ut nunc.', 3, 1, 8);
insert into habitacion (idHabitacion, numeroHabitacion, numeroPiso, estado, descripcion, idTipoCategoria, idTipoHabitacion, idSucursal) values (189, 4, 2, 'Ocupada', 'Mauris enim leo, rhoncus sed, vestibulum sit amet, cursus id, turpis.', 1, 1, 9);
insert into habitacion (idHabitacion, numeroHabitacion, numeroPiso, estado, descripcion, idTipoCategoria, idTipoHabitacion, idSucursal) values (190, 4, 2, 'Ocupada', 'Duis at velit eu est congue elementum.', 3, 4, 10);
insert into habitacion (idHabitacion, numeroHabitacion, numeroPiso, estado, descripcion, idTipoCategoria, idTipoHabitacion, idSucursal) values (191, 4, 2, 'Ocupada', 'Praesent blandit.', 2, 1, 11);
insert into habitacion (idHabitacion, numeroHabitacion, numeroPiso, estado, descripcion, idTipoCategoria, idTipoHabitacion, idSucursal) values (192, 4, 2, 'Ocupada', 'Suspendisse potenti.', 4, 3, 12);
insert into habitacion (idHabitacion, numeroHabitacion, numeroPiso, estado, descripcion, idTipoCategoria, idTipoHabitacion, idSucursal) values (193, 4, 2, 'Ocupada', 'Morbi quis tortor id nulla ultrices aliquet.', 4, 3, 13);
insert into habitacion (idHabitacion, numeroHabitacion, numeroPiso, estado, descripcion, idTipoCategoria, idTipoHabitacion, idSucursal) values (194, 4, 2, 'Ocupada', 'Proin leo odio, porttitor id, consequat in, consequat ut, nulla.', 2, 3, 14);
insert into habitacion (idHabitacion, numeroHabitacion, numeroPiso, estado, descripcion, idTipoCategoria, idTipoHabitacion, idSucursal) values (195, 4, 2, 'Disponible', 'Suspendisse potenti.', 3, 2, 15);
insert into habitacion (idHabitacion, numeroHabitacion, numeroPiso, estado, descripcion, idTipoCategoria, idTipoHabitacion, idSucursal) values (196, 4, 2, 'Ocupada', 'Duis consequat dui nec nisi volutpat eleifend.', 1, 4, 16);
insert into habitacion (idHabitacion, numeroHabitacion, numeroPiso, estado, descripcion, idTipoCategoria, idTipoHabitacion, idSucursal) values (197, 4, 2, 'Disponible', 'Pellentesque at nulla.', 1, 1, 17);
insert into habitacion (idHabitacion, numeroHabitacion, numeroPiso, estado, descripcion, idTipoCategoria, idTipoHabitacion, idSucursal) values (198, 4, 2, 'Disponible', 'Etiam vel augue.', 3, 3, 18);
insert into habitacion (idHabitacion, numeroHabitacion, numeroPiso, estado, descripcion, idTipoCategoria, idTipoHabitacion, idSucursal) values (199, 4, 3, 'Disponible', 'Cras mi pede, malesuada in, imperdiet et, commodo vulputate, justo.', 4, 1, 1);
insert into habitacion (idHabitacion, numeroHabitacion, numeroPiso, estado, descripcion, idTipoCategoria, idTipoHabitacion, idSucursal) values (200, 4, 3, 'Disponible', 'Fusce congue, diam id ornare imperdiet, sapien urna pretium nisl, ut volutpat sapien arcu sed augue.', 2, 1, 2);
insert into habitacion (idHabitacion, numeroHabitacion, numeroPiso, estado, descripcion, idTipoCategoria, idTipoHabitacion, idSucursal) values (201, 4, 3, 'Disponible', 'Quisque erat eros, viverra eget, congue eget, semper rutrum, nulla.', 1, 1, 3);
insert into habitacion (idHabitacion, numeroHabitacion, numeroPiso, estado, descripcion, idTipoCategoria, idTipoHabitacion, idSucursal) values (202, 4, 3, 'Ocupada', 'Vestibulum ac est lacinia nisi venenatis tristique.', 2, 1, 4);
insert into habitacion (idHabitacion, numeroHabitacion, numeroPiso, estado, descripcion, idTipoCategoria, idTipoHabitacion, idSucursal) values (203, 4, 3, 'Disponible', 'Vestibulum ante ipsum primis in faucibus orci luctus et ultrices posuere cubilia Curae; Donec pharetra, magna vestibulum aliquet ultrices, erat tortor sollicitudin mi, sit amet lobortis sapien sapien non mi.', 4, 4, 5);
insert into habitacion (idHabitacion, numeroHabitacion, numeroPiso, estado, descripcion, idTipoCategoria, idTipoHabitacion, idSucursal) values (204, 4, 3, 'Disponible', 'Curabitur convallis.', 2, 1, 6);
insert into habitacion (idHabitacion, numeroHabitacion, numeroPiso, estado, descripcion, idTipoCategoria, idTipoHabitacion, idSucursal) values (205, 4, 3, 'Ocupada', 'Vivamus tortor.', 1, 3, 7);
insert into habitacion (idHabitacion, numeroHabitacion, numeroPiso, estado, descripcion, idTipoCategoria, idTipoHabitacion, idSucursal) values (206, 4, 3, 'Disponible', 'Praesent id massa id nisl venenatis lacinia.', 3, 2, 8);
insert into habitacion (idHabitacion, numeroHabitacion, numeroPiso, estado, descripcion, idTipoCategoria, idTipoHabitacion, idSucursal) values (207, 4, 3, 'Ocupada', 'Duis mattis egestas metus.', 2, 4, 9);
insert into habitacion (idHabitacion, numeroHabitacion, numeroPiso, estado, descripcion, idTipoCategoria, idTipoHabitacion, idSucursal) values (208, 4, 3, 'Disponible', 'Sed ante.', 3, 4, 10);
insert into habitacion (idHabitacion, numeroHabitacion, numeroPiso, estado, descripcion, idTipoCategoria, idTipoHabitacion, idSucursal) values (209, 4, 3, 'Ocupada', 'Integer tincidunt ante vel ipsum.', 4, 1, 11);
insert into habitacion (idHabitacion, numeroHabitacion, numeroPiso, estado, descripcion, idTipoCategoria, idTipoHabitacion, idSucursal) values (210, 4, 3, 'Disponible', 'Donec dapibus.', 1, 4, 12);
insert into habitacion (idHabitacion, numeroHabitacion, numeroPiso, estado, descripcion, idTipoCategoria, idTipoHabitacion, idSucursal) values (211, 4, 3, 'Ocupada', 'Fusce posuere felis sed lacus.', 2, 1, 13);
insert into habitacion (idHabitacion, numeroHabitacion, numeroPiso, estado, descripcion, idTipoCategoria, idTipoHabitacion, idSucursal) values (212, 4, 3, 'Disponible', 'Maecenas tristique, est et tempus semper, est quam pharetra magna, ac consequat metus sapien ut nunc.', 2, 3, 14);
insert into habitacion (idHabitacion, numeroHabitacion, numeroPiso, estado, descripcion, idTipoCategoria, idTipoHabitacion, idSucursal) values (213, 4, 3, 'Disponible', 'Praesent blandit lacinia erat.', 3, 2, 15);
insert into habitacion (idHabitacion, numeroHabitacion, numeroPiso, estado, descripcion, idTipoCategoria, idTipoHabitacion, idSucursal) values (214, 4, 3, 'Ocupada', 'Mauris ullamcorper purus sit amet nulla.', 2, 1, 16);
insert into habitacion (idHabitacion, numeroHabitacion, numeroPiso, estado, descripcion, idTipoCategoria, idTipoHabitacion, idSucursal) values (215, 4, 3, 'Disponible', 'Fusce lacus purus, aliquet at, feugiat non, pretium quis, lectus.', 3, 1, 17);
insert into habitacion (idHabitacion, numeroHabitacion, numeroPiso, estado, descripcion, idTipoCategoria, idTipoHabitacion, idSucursal) values (216, 4, 3, 'Ocupada', 'Pellentesque viverra pede ac diam.', 3, 4, 18);
insert into habitacion (idHabitacion, numeroHabitacion, numeroPiso, estado, descripcion, idTipoCategoria, idTipoHabitacion, idSucursal) values (217, 5, 1, 'Ocupada', 'Vestibulum ante ipsum primis in faucibus orci luctus et ultrices posuere cubilia Curae; Donec pharetra, magna vestibulum aliquet ultrices, erat tortor sollicitudin mi, sit amet lobortis sapien sapien non mi.', 2, 1, 1);
insert into habitacion (idHabitacion, numeroHabitacion, numeroPiso, estado, descripcion, idTipoCategoria, idTipoHabitacion, idSucursal) values (218, 5, 1, 'Ocupada', 'Donec ut mauris eget massa tempor convallis.', 2, 2, 2);
insert into habitacion (idHabitacion, numeroHabitacion, numeroPiso, estado, descripcion, idTipoCategoria, idTipoHabitacion, idSucursal) values (219, 5, 1, 'Disponible', 'Vestibulum ante ipsum primis in faucibus orci luctus et ultrices posuere cubilia Curae; Mauris viverra diam vitae quam.', 4, 3, 3);
insert into habitacion (idHabitacion, numeroHabitacion, numeroPiso, estado, descripcion, idTipoCategoria, idTipoHabitacion, idSucursal) values (220, 5, 1, 'Disponible', 'Sed ante.', 3, 4, 4);
insert into habitacion (idHabitacion, numeroHabitacion, numeroPiso, estado, descripcion, idTipoCategoria, idTipoHabitacion, idSucursal) values (221, 5, 1, 'Ocupada', 'Aliquam non mauris.', 2, 3, 5);
insert into habitacion (idHabitacion, numeroHabitacion, numeroPiso, estado, descripcion, idTipoCategoria, idTipoHabitacion, idSucursal) values (222, 5, 1, 'Ocupada', 'Aenean auctor gravida sem.', 1, 4, 6);
insert into habitacion (idHabitacion, numeroHabitacion, numeroPiso, estado, descripcion, idTipoCategoria, idTipoHabitacion, idSucursal) values (223, 5, 1, 'Disponible', 'Praesent blandit lacinia erat.', 2, 2, 7);
insert into habitacion (idHabitacion, numeroHabitacion, numeroPiso, estado, descripcion, idTipoCategoria, idTipoHabitacion, idSucursal) values (224, 5, 1, 'Ocupada', 'Sed sagittis.', 4, 1, 8);
insert into habitacion (idHabitacion, numeroHabitacion, numeroPiso, estado, descripcion, idTipoCategoria, idTipoHabitacion, idSucursal) values (225, 5, 1, 'Ocupada', 'Phasellus in felis.', 1, 3, 9);
insert into habitacion (idHabitacion, numeroHabitacion, numeroPiso, estado, descripcion, idTipoCategoria, idTipoHabitacion, idSucursal) values (226, 5, 1, 'Disponible', 'In hac habitasse platea dictumst.', 2, 4, 10);
insert into habitacion (idHabitacion, numeroHabitacion, numeroPiso, estado, descripcion, idTipoCategoria, idTipoHabitacion, idSucursal) values (227, 5, 1, 'Ocupada', 'Integer tincidunt ante vel ipsum.', 1, 3, 11);
insert into habitacion (idHabitacion, numeroHabitacion, numeroPiso, estado, descripcion, idTipoCategoria, idTipoHabitacion, idSucursal) values (228, 5, 1, 'Ocupada', 'Quisque erat eros, viverra eget, congue eget, semper rutrum, nulla.', 3, 3, 12);
insert into habitacion (idHabitacion, numeroHabitacion, numeroPiso, estado, descripcion, idTipoCategoria, idTipoHabitacion, idSucursal) values (229, 5, 1, 'Ocupada', 'Nullam varius.', 3, 1, 13);
insert into habitacion (idHabitacion, numeroHabitacion, numeroPiso, estado, descripcion, idTipoCategoria, idTipoHabitacion, idSucursal) values (230, 5, 1, 'Ocupada', 'Nulla suscipit ligula in lacus.', 1, 3, 14);
insert into habitacion (idHabitacion, numeroHabitacion, numeroPiso, estado, descripcion, idTipoCategoria, idTipoHabitacion, idSucursal) values (231, 5, 1, 'Ocupada', 'Vestibulum ante ipsum primis in faucibus orci luctus et ultrices posuere cubilia Curae; Mauris viverra diam vitae quam.', 1, 2, 15);
insert into habitacion (idHabitacion, numeroHabitacion, numeroPiso, estado, descripcion, idTipoCategoria, idTipoHabitacion, idSucursal) values (232, 5, 1, 'Ocupada', 'In tempor, turpis nec euismod scelerisque, quam turpis adipiscing lorem, vitae mattis nibh ligula nec sem.', 4, 4, 16);
insert into habitacion (idHabitacion, numeroHabitacion, numeroPiso, estado, descripcion, idTipoCategoria, idTipoHabitacion, idSucursal) values (233, 5, 1, 'Ocupada', 'Vestibulum quam sapien, varius ut, blandit non, interdum in, ante.', 3, 3, 17);
insert into habitacion (idHabitacion, numeroHabitacion, numeroPiso, estado, descripcion, idTipoCategoria, idTipoHabitacion, idSucursal) values (234, 5, 1, 'Disponible', 'Vestibulum ante ipsum primis in faucibus orci luctus et ultrices posuere cubilia Curae; Mauris viverra diam vitae quam.', 3, 4, 18);
insert into habitacion (idHabitacion, numeroHabitacion, numeroPiso, estado, descripcion, idTipoCategoria, idTipoHabitacion, idSucursal) values (235, 5, 2, 'Ocupada', 'Vestibulum ante ipsum primis in faucibus orci luctus et ultrices posuere cubilia Curae; Duis faucibus accumsan odio.', 4, 4, 1);
insert into habitacion (idHabitacion, numeroHabitacion, numeroPiso, estado, descripcion, idTipoCategoria, idTipoHabitacion, idSucursal) values (236, 5, 2, 'Disponible', 'Proin at turpis a pede posuere nonummy.', 3, 1, 2);
insert into habitacion (idHabitacion, numeroHabitacion, numeroPiso, estado, descripcion, idTipoCategoria, idTipoHabitacion, idSucursal) values (237, 5, 2, 'Disponible', 'Duis bibendum.', 1, 2, 3);
insert into habitacion (idHabitacion, numeroHabitacion, numeroPiso, estado, descripcion, idTipoCategoria, idTipoHabitacion, idSucursal) values (238, 5, 2, 'Ocupada', 'Nam dui.', 3, 3, 4);
insert into habitacion (idHabitacion, numeroHabitacion, numeroPiso, estado, descripcion, idTipoCategoria, idTipoHabitacion, idSucursal) values (239, 5, 2, 'Ocupada', 'In hac habitasse platea dictumst.', 2, 3, 5);
insert into habitacion (idHabitacion, numeroHabitacion, numeroPiso, estado, descripcion, idTipoCategoria, idTipoHabitacion, idSucursal) values (240, 5, 2, 'Ocupada', 'Fusce congue, diam id ornare imperdiet, sapien urna pretium nisl, ut volutpat sapien arcu sed augue.', 3, 3, 6);
insert into habitacion (idHabitacion, numeroHabitacion, numeroPiso, estado, descripcion, idTipoCategoria, idTipoHabitacion, idSucursal) values (241, 5, 2, 'Disponible', 'Lorem ipsum dolor sit amet, consectetuer adipiscing elit.', 3, 2, 7);
insert into habitacion (idHabitacion, numeroHabitacion, numeroPiso, estado, descripcion, idTipoCategoria, idTipoHabitacion, idSucursal) values (242, 5, 2, 'Disponible', 'In tempor, turpis nec euismod scelerisque, quam turpis adipiscing lorem, vitae mattis nibh ligula nec sem.', 3, 2, 8);
insert into habitacion (idHabitacion, numeroHabitacion, numeroPiso, estado, descripcion, idTipoCategoria, idTipoHabitacion, idSucursal) values (243, 5, 2, 'Disponible', 'Nam dui.', 3, 2, 9);
insert into habitacion (idHabitacion, numeroHabitacion, numeroPiso, estado, descripcion, idTipoCategoria, idTipoHabitacion, idSucursal) values (244, 5, 2, 'Disponible', 'Cras mi pede, malesuada in, imperdiet et, commodo vulputate, justo.', 4, 3, 10);
insert into habitacion (idHabitacion, numeroHabitacion, numeroPiso, estado, descripcion, idTipoCategoria, idTipoHabitacion, idSucursal) values (245, 5, 2, 'Ocupada', 'Lorem ipsum dolor sit amet, consectetuer adipiscing elit.', 4, 4, 11);
insert into habitacion (idHabitacion, numeroHabitacion, numeroPiso, estado, descripcion, idTipoCategoria, idTipoHabitacion, idSucursal) values (246, 5, 2, 'Disponible', 'Nam ultrices, libero non mattis pulvinar, nulla pede ullamcorper augue, a suscipit nulla elit ac nulla.', 2, 4, 12);
insert into habitacion (idHabitacion, numeroHabitacion, numeroPiso, estado, descripcion, idTipoCategoria, idTipoHabitacion, idSucursal) values (247, 5, 2, 'Ocupada', 'Nulla mollis molestie lorem.', 2, 4, 13);
insert into habitacion (idHabitacion, numeroHabitacion, numeroPiso, estado, descripcion, idTipoCategoria, idTipoHabitacion, idSucursal) values (248, 5, 2, 'Ocupada', 'Nam congue, risus semper porta volutpat, quam pede lobortis ligula, sit amet eleifend pede libero quis orci.', 2, 4, 14);
insert into habitacion (idHabitacion, numeroHabitacion, numeroPiso, estado, descripcion, idTipoCategoria, idTipoHabitacion, idSucursal) values (249, 5, 2, 'Ocupada', 'Duis ac nibh.', 3, 3, 15);
insert into habitacion (idHabitacion, numeroHabitacion, numeroPiso, estado, descripcion, idTipoCategoria, idTipoHabitacion, idSucursal) values (250, 5, 2, 'Ocupada', 'Etiam faucibus cursus urna.', 3, 2, 16);
insert into habitacion (idHabitacion, numeroHabitacion, numeroPiso, estado, descripcion, idTipoCategoria, idTipoHabitacion, idSucursal) values (251, 5, 2, 'Disponible', 'Maecenas leo odio, condimentum id, luctus nec, molestie sed, justo.', 4, 1, 17);
insert into habitacion (idHabitacion, numeroHabitacion, numeroPiso, estado, descripcion, idTipoCategoria, idTipoHabitacion, idSucursal) values (252, 5, 2, 'Disponible', 'Ut tellus.', 4, 1, 18);
insert into habitacion (idHabitacion, numeroHabitacion, numeroPiso, estado, descripcion, idTipoCategoria, idTipoHabitacion, idSucursal) values (253, 5, 3, 'Ocupada', 'Ut tellus.', 4, 1, 1);
insert into habitacion (idHabitacion, numeroHabitacion, numeroPiso, estado, descripcion, idTipoCategoria, idTipoHabitacion, idSucursal) values (254, 5, 3, 'Ocupada', 'Praesent blandit.', 2, 4, 2);
insert into habitacion (idHabitacion, numeroHabitacion, numeroPiso, estado, descripcion, idTipoCategoria, idTipoHabitacion, idSucursal) values (255, 5, 3, 'Disponible', 'Cum sociis natoque penatibus et magnis dis parturient montes, nascetur ridiculus mus.', 2, 2, 3);
insert into habitacion (idHabitacion, numeroHabitacion, numeroPiso, estado, descripcion, idTipoCategoria, idTipoHabitacion, idSucursal) values (256, 5, 3, 'Ocupada', 'Maecenas tincidunt lacus at velit.', 4, 3, 4);
insert into habitacion (idHabitacion, numeroHabitacion, numeroPiso, estado, descripcion, idTipoCategoria, idTipoHabitacion, idSucursal) values (257, 5, 3, 'Ocupada', 'Maecenas ut massa quis augue luctus tincidunt.', 1, 4, 5);
insert into habitacion (idHabitacion, numeroHabitacion, numeroPiso, estado, descripcion, idTipoCategoria, idTipoHabitacion, idSucursal) values (258, 5, 3, 'Disponible', 'In est risus, auctor sed, tristique in, tempus sit amet, sem.', 3, 4, 6);
insert into habitacion (idHabitacion, numeroHabitacion, numeroPiso, estado, descripcion, idTipoCategoria, idTipoHabitacion, idSucursal) values (259, 5, 3, 'Ocupada', 'Curabitur in libero ut massa volutpat convallis.', 2, 2, 7);
insert into habitacion (idHabitacion, numeroHabitacion, numeroPiso, estado, descripcion, idTipoCategoria, idTipoHabitacion, idSucursal) values (260, 5, 3, 'Disponible', 'Maecenas rhoncus aliquam lacus.', 4, 3, 8);
insert into habitacion (idHabitacion, numeroHabitacion, numeroPiso, estado, descripcion, idTipoCategoria, idTipoHabitacion, idSucursal) values (261, 5, 3, 'Ocupada', 'Curabitur in libero ut massa volutpat convallis.', 2, 3, 9);
insert into habitacion (idHabitacion, numeroHabitacion, numeroPiso, estado, descripcion, idTipoCategoria, idTipoHabitacion, idSucursal) values (262, 5, 3, 'Ocupada', 'Nunc rhoncus dui vel sem.', 3, 4, 10);
insert into habitacion (idHabitacion, numeroHabitacion, numeroPiso, estado, descripcion, idTipoCategoria, idTipoHabitacion, idSucursal) values (263, 5, 3, 'Disponible', 'Donec vitae nisi.', 4, 4, 11);
insert into habitacion (idHabitacion, numeroHabitacion, numeroPiso, estado, descripcion, idTipoCategoria, idTipoHabitacion, idSucursal) values (264, 5, 3, 'Disponible', 'Maecenas tristique, est et tempus semper, est quam pharetra magna, ac consequat metus sapien ut nunc.', 1, 2, 12);
insert into habitacion (idHabitacion, numeroHabitacion, numeroPiso, estado, descripcion, idTipoCategoria, idTipoHabitacion, idSucursal) values (265, 5, 3, 'Ocupada', 'Morbi sem mauris, laoreet ut, rhoncus aliquet, pulvinar sed, nisl.', 1, 2, 13);
insert into habitacion (idHabitacion, numeroHabitacion, numeroPiso, estado, descripcion, idTipoCategoria, idTipoHabitacion, idSucursal) values (266, 5, 3, 'Ocupada', 'Integer ac leo.', 1, 2, 14);
insert into habitacion (idHabitacion, numeroHabitacion, numeroPiso, estado, descripcion, idTipoCategoria, idTipoHabitacion, idSucursal) values (267, 5, 3, 'Ocupada', 'Etiam justo.', 2, 4, 15);
insert into habitacion (idHabitacion, numeroHabitacion, numeroPiso, estado, descripcion, idTipoCategoria, idTipoHabitacion, idSucursal) values (268, 5, 3, 'Ocupada', 'Morbi non quam nec dui luctus rutrum.', 4, 1, 16);
insert into habitacion (idHabitacion, numeroHabitacion, numeroPiso, estado, descripcion, idTipoCategoria, idTipoHabitacion, idSucursal) values (269, 5, 3, 'Ocupada', 'Curabitur in libero ut massa volutpat convallis.', 4, 1, 17);
insert into habitacion (idHabitacion, numeroHabitacion, numeroPiso, estado, descripcion, idTipoCategoria, idTipoHabitacion, idSucursal) values (270, 5, 3, 'Disponible', 'Nunc purus.', 1, 2, 18);
insert into habitacion (idHabitacion, numeroHabitacion, numeroPiso, estado, descripcion, idTipoCategoria, idTipoHabitacion, idSucursal) values (271, 6, 1, 'Ocupada', 'Morbi porttitor lorem id ligula.', 1, 4, 1);
insert into habitacion (idHabitacion, numeroHabitacion, numeroPiso, estado, descripcion, idTipoCategoria, idTipoHabitacion, idSucursal) values (272, 6, 1, 'Ocupada', 'Nam ultrices, libero non mattis pulvinar, nulla pede ullamcorper augue, a suscipit nulla elit ac nulla.', 2, 1, 2);
insert into habitacion (idHabitacion, numeroHabitacion, numeroPiso, estado, descripcion, idTipoCategoria, idTipoHabitacion, idSucursal) values (273, 6, 1, 'Ocupada', 'Fusce posuere felis sed lacus.', 3, 2, 3);
insert into habitacion (idHabitacion, numeroHabitacion, numeroPiso, estado, descripcion, idTipoCategoria, idTipoHabitacion, idSucursal) values (274, 6, 1, 'Ocupada', 'Morbi non quam nec dui luctus rutrum.', 3, 4, 4);
insert into habitacion (idHabitacion, numeroHabitacion, numeroPiso, estado, descripcion, idTipoCategoria, idTipoHabitacion, idSucursal) values (275, 6, 1, 'Ocupada', 'Vivamus vel nulla eget eros elementum pellentesque.', 2, 2, 5);
insert into habitacion (idHabitacion, numeroHabitacion, numeroPiso, estado, descripcion, idTipoCategoria, idTipoHabitacion, idSucursal) values (276, 6, 1, 'Ocupada', 'Aenean sit amet justo.', 2, 4, 6);
insert into habitacion (idHabitacion, numeroHabitacion, numeroPiso, estado, descripcion, idTipoCategoria, idTipoHabitacion, idSucursal) values (277, 6, 1, 'Ocupada', 'Quisque erat eros, viverra eget, congue eget, semper rutrum, nulla.', 1, 4, 7);
insert into habitacion (idHabitacion, numeroHabitacion, numeroPiso, estado, descripcion, idTipoCategoria, idTipoHabitacion, idSucursal) values (278, 6, 1, 'Ocupada', 'In sagittis dui vel nisl.', 4, 3, 8);
insert into habitacion (idHabitacion, numeroHabitacion, numeroPiso, estado, descripcion, idTipoCategoria, idTipoHabitacion, idSucursal) values (279, 6, 1, 'Disponible', 'Pellentesque ultrices mattis odio.', 3, 1, 9);
insert into habitacion (idHabitacion, numeroHabitacion, numeroPiso, estado, descripcion, idTipoCategoria, idTipoHabitacion, idSucursal) values (280, 6, 1, 'Ocupada', 'Integer tincidunt ante vel ipsum.', 4, 3, 10);
insert into habitacion (idHabitacion, numeroHabitacion, numeroPiso, estado, descripcion, idTipoCategoria, idTipoHabitacion, idSucursal) values (281, 6, 1, 'Ocupada', 'Quisque id justo sit amet sapien dignissim vestibulum.', 4, 4, 11);
insert into habitacion (idHabitacion, numeroHabitacion, numeroPiso, estado, descripcion, idTipoCategoria, idTipoHabitacion, idSucursal) values (282, 6, 1, 'Disponible', 'In eleifend quam a odio.', 2, 2, 12);
insert into habitacion (idHabitacion, numeroHabitacion, numeroPiso, estado, descripcion, idTipoCategoria, idTipoHabitacion, idSucursal) values (283, 6, 1, 'Ocupada', 'Vestibulum ac est lacinia nisi venenatis tristique.', 2, 1, 13);
insert into habitacion (idHabitacion, numeroHabitacion, numeroPiso, estado, descripcion, idTipoCategoria, idTipoHabitacion, idSucursal) values (284, 6, 1, 'Ocupada', 'Nam dui.', 4, 2, 14);
insert into habitacion (idHabitacion, numeroHabitacion, numeroPiso, estado, descripcion, idTipoCategoria, idTipoHabitacion, idSucursal) values (285, 6, 1, 'Disponible', 'Morbi a ipsum.', 1, 2, 15);
insert into habitacion (idHabitacion, numeroHabitacion, numeroPiso, estado, descripcion, idTipoCategoria, idTipoHabitacion, idSucursal) values (286, 6, 1, 'Ocupada', 'Mauris ullamcorper purus sit amet nulla.', 1, 4, 16);
insert into habitacion (idHabitacion, numeroHabitacion, numeroPiso, estado, descripcion, idTipoCategoria, idTipoHabitacion, idSucursal) values (287, 6, 1, 'Disponible', 'Pellentesque viverra pede ac diam.', 4, 3, 17);
insert into habitacion (idHabitacion, numeroHabitacion, numeroPiso, estado, descripcion, idTipoCategoria, idTipoHabitacion, idSucursal) values (288, 6, 1, 'Disponible', 'Quisque porta volutpat erat.', 2, 2, 18);
insert into habitacion (idHabitacion, numeroHabitacion, numeroPiso, estado, descripcion, idTipoCategoria, idTipoHabitacion, idSucursal) values (289, 6, 2, 'Disponible', 'Fusce lacus purus, aliquet at, feugiat non, pretium quis, lectus.', 2, 3, 1);
insert into habitacion (idHabitacion, numeroHabitacion, numeroPiso, estado, descripcion, idTipoCategoria, idTipoHabitacion, idSucursal) values (290, 6, 2, 'Ocupada', 'Duis aliquam convallis nunc.', 2, 2, 2);
insert into habitacion (idHabitacion, numeroHabitacion, numeroPiso, estado, descripcion, idTipoCategoria, idTipoHabitacion, idSucursal) values (291, 6, 2, 'Disponible', 'Nulla tempus.', 2, 1, 3);
insert into habitacion (idHabitacion, numeroHabitacion, numeroPiso, estado, descripcion, idTipoCategoria, idTipoHabitacion, idSucursal) values (292, 6, 2, 'Disponible', 'Duis consequat dui nec nisi volutpat eleifend.', 4, 2, 4);
insert into habitacion (idHabitacion, numeroHabitacion, numeroPiso, estado, descripcion, idTipoCategoria, idTipoHabitacion, idSucursal) values (293, 6, 2, 'Ocupada', 'Nullam porttitor lacus at turpis.', 3, 4, 5);
insert into habitacion (idHabitacion, numeroHabitacion, numeroPiso, estado, descripcion, idTipoCategoria, idTipoHabitacion, idSucursal) values (294, 6, 2, 'Disponible', 'Nullam sit amet turpis elementum ligula vehicula consequat.', 2, 4, 6);
insert into habitacion (idHabitacion, numeroHabitacion, numeroPiso, estado, descripcion, idTipoCategoria, idTipoHabitacion, idSucursal) values (295, 6, 2, 'Disponible', 'Duis consequat dui nec nisi volutpat eleifend.', 4, 3, 7);
insert into habitacion (idHabitacion, numeroHabitacion, numeroPiso, estado, descripcion, idTipoCategoria, idTipoHabitacion, idSucursal) values (296, 6, 2, 'Ocupada', 'Fusce posuere felis sed lacus.', 1, 3, 8);
insert into habitacion (idHabitacion, numeroHabitacion, numeroPiso, estado, descripcion, idTipoCategoria, idTipoHabitacion, idSucursal) values (297, 6, 2, 'Disponible', 'Vivamus tortor.', 1, 1, 9);
insert into habitacion (idHabitacion, numeroHabitacion, numeroPiso, estado, descripcion, idTipoCategoria, idTipoHabitacion, idSucursal) values (298, 6, 2, 'Ocupada', 'Integer non velit.', 2, 3, 10);
insert into habitacion (idHabitacion, numeroHabitacion, numeroPiso, estado, descripcion, idTipoCategoria, idTipoHabitacion, idSucursal) values (299, 6, 2, 'Disponible', 'Integer tincidunt ante vel ipsum.', 2, 1, 11);
insert into habitacion (idHabitacion, numeroHabitacion, numeroPiso, estado, descripcion, idTipoCategoria, idTipoHabitacion, idSucursal) values (300, 6, 2, 'Ocupada', 'Morbi ut odio.', 1, 3, 12);
insert into habitacion (idHabitacion, numeroHabitacion, numeroPiso, estado, descripcion, idTipoCategoria, idTipoHabitacion, idSucursal) values (301, 6, 2, 'Ocupada', 'Nullam orci pede, venenatis non, sodales sed, tincidunt eu, felis.', 1, 3, 13);
insert into habitacion (idHabitacion, numeroHabitacion, numeroPiso, estado, descripcion, idTipoCategoria, idTipoHabitacion, idSucursal) values (302, 6, 2, 'Disponible', 'Quisque id justo sit amet sapien dignissim vestibulum.', 4, 3, 14);
insert into habitacion (idHabitacion, numeroHabitacion, numeroPiso, estado, descripcion, idTipoCategoria, idTipoHabitacion, idSucursal) values (303, 6, 2, 'Ocupada', 'Nunc rhoncus dui vel sem.', 1, 3, 15);
insert into habitacion (idHabitacion, numeroHabitacion, numeroPiso, estado, descripcion, idTipoCategoria, idTipoHabitacion, idSucursal) values (304, 6, 2, 'Disponible', 'Curabitur in libero ut massa volutpat convallis.', 1, 3, 16);
insert into habitacion (idHabitacion, numeroHabitacion, numeroPiso, estado, descripcion, idTipoCategoria, idTipoHabitacion, idSucursal) values (305, 6, 2, 'Ocupada', 'Pellentesque viverra pede ac diam.', 4, 2, 17);
insert into habitacion (idHabitacion, numeroHabitacion, numeroPiso, estado, descripcion, idTipoCategoria, idTipoHabitacion, idSucursal) values (306, 6, 2, 'Disponible', 'Morbi non lectus.', 1, 4, 18);
insert into habitacion (idHabitacion, numeroHabitacion, numeroPiso, estado, descripcion, idTipoCategoria, idTipoHabitacion, idSucursal) values (307, 6, 3, 'Ocupada', 'Nulla suscipit ligula in lacus.', 2, 4, 1);
insert into habitacion (idHabitacion, numeroHabitacion, numeroPiso, estado, descripcion, idTipoCategoria, idTipoHabitacion, idSucursal) values (308, 6, 3, 'Ocupada', 'Mauris enim leo, rhoncus sed, vestibulum sit amet, cursus id, turpis.', 1, 4, 2);
insert into habitacion (idHabitacion, numeroHabitacion, numeroPiso, estado, descripcion, idTipoCategoria, idTipoHabitacion, idSucursal) values (309, 6, 3, 'Disponible', 'In blandit ultrices enim.', 1, 4, 3);
insert into habitacion (idHabitacion, numeroHabitacion, numeroPiso, estado, descripcion, idTipoCategoria, idTipoHabitacion, idSucursal) values (310, 6, 3, 'Disponible', 'Aenean lectus.', 2, 2, 4);
insert into habitacion (idHabitacion, numeroHabitacion, numeroPiso, estado, descripcion, idTipoCategoria, idTipoHabitacion, idSucursal) values (311, 6, 3, 'Ocupada', 'Quisque erat eros, viverra eget, congue eget, semper rutrum, nulla.', 1, 1, 5);
insert into habitacion (idHabitacion, numeroHabitacion, numeroPiso, estado, descripcion, idTipoCategoria, idTipoHabitacion, idSucursal) values (312, 6, 3, 'Ocupada', 'Aliquam non mauris.', 1, 2, 6);
insert into habitacion (idHabitacion, numeroHabitacion, numeroPiso, estado, descripcion, idTipoCategoria, idTipoHabitacion, idSucursal) values (313, 6, 3, 'Disponible', 'Nam tristique tortor eu pede.', 3, 2, 7);
insert into habitacion (idHabitacion, numeroHabitacion, numeroPiso, estado, descripcion, idTipoCategoria, idTipoHabitacion, idSucursal) values (314, 6, 3, 'Ocupada', 'Phasellus sit amet erat.', 2, 4, 8);
insert into habitacion (idHabitacion, numeroHabitacion, numeroPiso, estado, descripcion, idTipoCategoria, idTipoHabitacion, idSucursal) values (315, 6, 3, 'Ocupada', 'Duis at velit eu est congue elementum.', 4, 4, 9);
insert into habitacion (idHabitacion, numeroHabitacion, numeroPiso, estado, descripcion, idTipoCategoria, idTipoHabitacion, idSucursal) values (316, 6, 3, 'Ocupada', 'Nam nulla.', 1, 3, 10);
insert into habitacion (idHabitacion, numeroHabitacion, numeroPiso, estado, descripcion, idTipoCategoria, idTipoHabitacion, idSucursal) values (317, 6, 3, 'Disponible', 'Nulla nisl.', 4, 1, 11);
insert into habitacion (idHabitacion, numeroHabitacion, numeroPiso, estado, descripcion, idTipoCategoria, idTipoHabitacion, idSucursal) values (318, 6, 3, 'Disponible', 'In eleifend quam a odio.', 3, 3, 12);
insert into habitacion (idHabitacion, numeroHabitacion, numeroPiso, estado, descripcion, idTipoCategoria, idTipoHabitacion, idSucursal) values (319, 6, 3, 'Ocupada', 'Morbi vestibulum, velit id pretium iaculis, diam erat fermentum justo, nec condimentum neque sapien placerat ante.', 2, 2, 13);
insert into habitacion (idHabitacion, numeroHabitacion, numeroPiso, estado, descripcion, idTipoCategoria, idTipoHabitacion, idSucursal) values (320, 6, 3, 'Disponible', 'Suspendisse potenti.', 4, 2, 14);
insert into habitacion (idHabitacion, numeroHabitacion, numeroPiso, estado, descripcion, idTipoCategoria, idTipoHabitacion, idSucursal) values (321, 6, 3, 'Ocupada', 'Vestibulum sed magna at nunc commodo placerat.', 1, 4, 15);
insert into habitacion (idHabitacion, numeroHabitacion, numeroPiso, estado, descripcion, idTipoCategoria, idTipoHabitacion, idSucursal) values (322, 6, 3, 'Disponible', 'Integer aliquet, massa id lobortis convallis, tortor risus dapibus augue, vel accumsan tellus nisi eu orci.', 3, 4, 16);
insert into habitacion (idHabitacion, numeroHabitacion, numeroPiso, estado, descripcion, idTipoCategoria, idTipoHabitacion, idSucursal) values (323, 6, 3, 'Ocupada', 'Integer aliquet, massa id lobortis convallis, tortor risus dapibus augue, vel accumsan tellus nisi eu orci.', 4, 3, 17);
insert into habitacion (idHabitacion, numeroHabitacion, numeroPiso, estado, descripcion, idTipoCategoria, idTipoHabitacion, idSucursal) values (324, 6, 3, 'Ocupada', 'Nam ultrices, libero non mattis pulvinar, nulla pede ullamcorper augue, a suscipit nulla elit ac nulla.', 2, 3, 18);

-- -----------------------------------------------------
-- 200 Inserts de tabla habitacion_reservacion
-- -----------------------------------------------------
insert into habitacion_reservacion (idHabitacion, idReservacion) values (1, 95);
insert into habitacion_reservacion (idHabitacion, idReservacion) values (2, 39);
insert into habitacion_reservacion (idHabitacion, idReservacion) values (3, 199);
insert into habitacion_reservacion (idHabitacion, idReservacion) values (4, 158);
insert into habitacion_reservacion (idHabitacion, idReservacion) values (5, 125);
insert into habitacion_reservacion (idHabitacion, idReservacion) values (6, 184);
insert into habitacion_reservacion (idHabitacion, idReservacion) values (7, 197);
insert into habitacion_reservacion (idHabitacion, idReservacion) values (8, 164);
insert into habitacion_reservacion (idHabitacion, idReservacion) values (9, 176);
insert into habitacion_reservacion (idHabitacion, idReservacion) values (10, 143);
insert into habitacion_reservacion (idHabitacion, idReservacion) values (11, 25);
insert into habitacion_reservacion (idHabitacion, idReservacion) values (12, 41);
insert into habitacion_reservacion (idHabitacion, idReservacion) values (13, 63);
insert into habitacion_reservacion (idHabitacion, idReservacion) values (14, 93);
insert into habitacion_reservacion (idHabitacion, idReservacion) values (15, 72);
insert into habitacion_reservacion (idHabitacion, idReservacion) values (16, 177);
insert into habitacion_reservacion (idHabitacion, idReservacion) values (17, 21);
insert into habitacion_reservacion (idHabitacion, idReservacion) values (18, 110);
insert into habitacion_reservacion (idHabitacion, idReservacion) values (19, 99);
insert into habitacion_reservacion (idHabitacion, idReservacion) values (20, 115);
insert into habitacion_reservacion (idHabitacion, idReservacion) values (21, 186);
insert into habitacion_reservacion (idHabitacion, idReservacion) values (22, 93);
insert into habitacion_reservacion (idHabitacion, idReservacion) values (23, 80);
insert into habitacion_reservacion (idHabitacion, idReservacion) values (24, 50);
insert into habitacion_reservacion (idHabitacion, idReservacion) values (25, 132);
insert into habitacion_reservacion (idHabitacion, idReservacion) values (26, 12);
insert into habitacion_reservacion (idHabitacion, idReservacion) values (27, 26);
insert into habitacion_reservacion (idHabitacion, idReservacion) values (28, 84);
insert into habitacion_reservacion (idHabitacion, idReservacion) values (29, 154);
insert into habitacion_reservacion (idHabitacion, idReservacion) values (30, 52);
insert into habitacion_reservacion (idHabitacion, idReservacion) values (31, 75);
insert into habitacion_reservacion (idHabitacion, idReservacion) values (32, 84);
insert into habitacion_reservacion (idHabitacion, idReservacion) values (33, 115);
insert into habitacion_reservacion (idHabitacion, idReservacion) values (34, 64);
insert into habitacion_reservacion (idHabitacion, idReservacion) values (35, 94);
insert into habitacion_reservacion (idHabitacion, idReservacion) values (36, 128);
insert into habitacion_reservacion (idHabitacion, idReservacion) values (37, 68);
insert into habitacion_reservacion (idHabitacion, idReservacion) values (38, 94);
insert into habitacion_reservacion (idHabitacion, idReservacion) values (39, 138);
insert into habitacion_reservacion (idHabitacion, idReservacion) values (40, 191);
insert into habitacion_reservacion (idHabitacion, idReservacion) values (41, 90);
insert into habitacion_reservacion (idHabitacion, idReservacion) values (42, 103);
insert into habitacion_reservacion (idHabitacion, idReservacion) values (43, 197);
insert into habitacion_reservacion (idHabitacion, idReservacion) values (44, 168);
insert into habitacion_reservacion (idHabitacion, idReservacion) values (45, 124);
insert into habitacion_reservacion (idHabitacion, idReservacion) values (46, 25);
insert into habitacion_reservacion (idHabitacion, idReservacion) values (47, 45);
insert into habitacion_reservacion (idHabitacion, idReservacion) values (48, 187);
insert into habitacion_reservacion (idHabitacion, idReservacion) values (49, 161);
insert into habitacion_reservacion (idHabitacion, idReservacion) values (50, 46);
insert into habitacion_reservacion (idHabitacion, idReservacion) values (51, 66);
insert into habitacion_reservacion (idHabitacion, idReservacion) values (52, 101);
insert into habitacion_reservacion (idHabitacion, idReservacion) values (53, 197);
insert into habitacion_reservacion (idHabitacion, idReservacion) values (54, 40);
insert into habitacion_reservacion (idHabitacion, idReservacion) values (55, 98);
insert into habitacion_reservacion (idHabitacion, idReservacion) values (56, 160);
insert into habitacion_reservacion (idHabitacion, idReservacion) values (57, 150);
insert into habitacion_reservacion (idHabitacion, idReservacion) values (58, 179);
insert into habitacion_reservacion (idHabitacion, idReservacion) values (59, 15);
insert into habitacion_reservacion (idHabitacion, idReservacion) values (60, 27);
insert into habitacion_reservacion (idHabitacion, idReservacion) values (61, 136);
insert into habitacion_reservacion (idHabitacion, idReservacion) values (62, 190);
insert into habitacion_reservacion (idHabitacion, idReservacion) values (63, 73);
insert into habitacion_reservacion (idHabitacion, idReservacion) values (64, 113);
insert into habitacion_reservacion (idHabitacion, idReservacion) values (65, 97);
insert into habitacion_reservacion (idHabitacion, idReservacion) values (66, 183);
insert into habitacion_reservacion (idHabitacion, idReservacion) values (67, 43);
insert into habitacion_reservacion (idHabitacion, idReservacion) values (68, 159);
insert into habitacion_reservacion (idHabitacion, idReservacion) values (69, 17);
insert into habitacion_reservacion (idHabitacion, idReservacion) values (70, 167);
insert into habitacion_reservacion (idHabitacion, idReservacion) values (71, 189);
insert into habitacion_reservacion (idHabitacion, idReservacion) values (72, 177);
insert into habitacion_reservacion (idHabitacion, idReservacion) values (73, 174);
insert into habitacion_reservacion (idHabitacion, idReservacion) values (74, 124);
insert into habitacion_reservacion (idHabitacion, idReservacion) values (75, 58);
insert into habitacion_reservacion (idHabitacion, idReservacion) values (76, 178);
insert into habitacion_reservacion (idHabitacion, idReservacion) values (77, 195);
insert into habitacion_reservacion (idHabitacion, idReservacion) values (78, 85);
insert into habitacion_reservacion (idHabitacion, idReservacion) values (79, 129);
insert into habitacion_reservacion (idHabitacion, idReservacion) values (80, 70);
insert into habitacion_reservacion (idHabitacion, idReservacion) values (81, 130);
insert into habitacion_reservacion (idHabitacion, idReservacion) values (82, 145);
insert into habitacion_reservacion (idHabitacion, idReservacion) values (83, 135);
insert into habitacion_reservacion (idHabitacion, idReservacion) values (84, 43);
insert into habitacion_reservacion (idHabitacion, idReservacion) values (85, 67);
insert into habitacion_reservacion (idHabitacion, idReservacion) values (86, 1);
insert into habitacion_reservacion (idHabitacion, idReservacion) values (87, 20);
insert into habitacion_reservacion (idHabitacion, idReservacion) values (88, 8);
insert into habitacion_reservacion (idHabitacion, idReservacion) values (89, 72);
insert into habitacion_reservacion (idHabitacion, idReservacion) values (90, 39);
insert into habitacion_reservacion (idHabitacion, idReservacion) values (91, 199);
insert into habitacion_reservacion (idHabitacion, idReservacion) values (92, 85);
insert into habitacion_reservacion (idHabitacion, idReservacion) values (93, 86);
insert into habitacion_reservacion (idHabitacion, idReservacion) values (94, 54);
insert into habitacion_reservacion (idHabitacion, idReservacion) values (95, 164);
insert into habitacion_reservacion (idHabitacion, idReservacion) values (96, 116);
insert into habitacion_reservacion (idHabitacion, idReservacion) values (97, 193);
insert into habitacion_reservacion (idHabitacion, idReservacion) values (98, 171);
insert into habitacion_reservacion (idHabitacion, idReservacion) values (99, 99);
insert into habitacion_reservacion (idHabitacion, idReservacion) values (100, 95);
insert into habitacion_reservacion (idHabitacion, idReservacion) values (101, 103);
insert into habitacion_reservacion (idHabitacion, idReservacion) values (102, 77);
insert into habitacion_reservacion (idHabitacion, idReservacion) values (103, 116);
insert into habitacion_reservacion (idHabitacion, idReservacion) values (104, 30);
insert into habitacion_reservacion (idHabitacion, idReservacion) values (105, 78);
insert into habitacion_reservacion (idHabitacion, idReservacion) values (106, 6);
insert into habitacion_reservacion (idHabitacion, idReservacion) values (107, 2);
insert into habitacion_reservacion (idHabitacion, idReservacion) values (108, 100);
insert into habitacion_reservacion (idHabitacion, idReservacion) values (109, 85);
insert into habitacion_reservacion (idHabitacion, idReservacion) values (110, 22);
insert into habitacion_reservacion (idHabitacion, idReservacion) values (111, 29);
insert into habitacion_reservacion (idHabitacion, idReservacion) values (112, 10);
insert into habitacion_reservacion (idHabitacion, idReservacion) values (113, 146);
insert into habitacion_reservacion (idHabitacion, idReservacion) values (114, 50);
insert into habitacion_reservacion (idHabitacion, idReservacion) values (115, 128);
insert into habitacion_reservacion (idHabitacion, idReservacion) values (116, 21);
insert into habitacion_reservacion (idHabitacion, idReservacion) values (117, 184);
insert into habitacion_reservacion (idHabitacion, idReservacion) values (118, 140);
insert into habitacion_reservacion (idHabitacion, idReservacion) values (119, 100);
insert into habitacion_reservacion (idHabitacion, idReservacion) values (120, 198);
insert into habitacion_reservacion (idHabitacion, idReservacion) values (121, 186);
insert into habitacion_reservacion (idHabitacion, idReservacion) values (122, 67);
insert into habitacion_reservacion (idHabitacion, idReservacion) values (123, 12);
insert into habitacion_reservacion (idHabitacion, idReservacion) values (124, 197);
insert into habitacion_reservacion (idHabitacion, idReservacion) values (125, 98);
insert into habitacion_reservacion (idHabitacion, idReservacion) values (126, 41);
insert into habitacion_reservacion (idHabitacion, idReservacion) values (127, 142);
insert into habitacion_reservacion (idHabitacion, idReservacion) values (128, 2);
insert into habitacion_reservacion (idHabitacion, idReservacion) values (129, 16);
insert into habitacion_reservacion (idHabitacion, idReservacion) values (130, 56);
insert into habitacion_reservacion (idHabitacion, idReservacion) values (131, 70);
insert into habitacion_reservacion (idHabitacion, idReservacion) values (132, 187);
insert into habitacion_reservacion (idHabitacion, idReservacion) values (133, 140);
insert into habitacion_reservacion (idHabitacion, idReservacion) values (134, 89);
insert into habitacion_reservacion (idHabitacion, idReservacion) values (135, 162);
insert into habitacion_reservacion (idHabitacion, idReservacion) values (136, 18);
insert into habitacion_reservacion (idHabitacion, idReservacion) values (137, 50);
insert into habitacion_reservacion (idHabitacion, idReservacion) values (138, 127);
insert into habitacion_reservacion (idHabitacion, idReservacion) values (139, 169);
insert into habitacion_reservacion (idHabitacion, idReservacion) values (140, 46);
insert into habitacion_reservacion (idHabitacion, idReservacion) values (141, 41);
insert into habitacion_reservacion (idHabitacion, idReservacion) values (142, 182);
insert into habitacion_reservacion (idHabitacion, idReservacion) values (143, 20);
insert into habitacion_reservacion (idHabitacion, idReservacion) values (144, 166);
insert into habitacion_reservacion (idHabitacion, idReservacion) values (145, 157);
insert into habitacion_reservacion (idHabitacion, idReservacion) values (146, 3);
insert into habitacion_reservacion (idHabitacion, idReservacion) values (147, 161);
insert into habitacion_reservacion (idHabitacion, idReservacion) values (148, 177);
insert into habitacion_reservacion (idHabitacion, idReservacion) values (149, 197);
insert into habitacion_reservacion (idHabitacion, idReservacion) values (150, 167);
insert into habitacion_reservacion (idHabitacion, idReservacion) values (151, 185);
insert into habitacion_reservacion (idHabitacion, idReservacion) values (152, 184);
insert into habitacion_reservacion (idHabitacion, idReservacion) values (153, 65);
insert into habitacion_reservacion (idHabitacion, idReservacion) values (154, 21);
insert into habitacion_reservacion (idHabitacion, idReservacion) values (155, 58);
insert into habitacion_reservacion (idHabitacion, idReservacion) values (156, 130);
insert into habitacion_reservacion (idHabitacion, idReservacion) values (157, 171);
insert into habitacion_reservacion (idHabitacion, idReservacion) values (158, 175);
insert into habitacion_reservacion (idHabitacion, idReservacion) values (159, 106);
insert into habitacion_reservacion (idHabitacion, idReservacion) values (160, 22);
insert into habitacion_reservacion (idHabitacion, idReservacion) values (161, 175);
insert into habitacion_reservacion (idHabitacion, idReservacion) values (162, 101);
insert into habitacion_reservacion (idHabitacion, idReservacion) values (163, 149);
insert into habitacion_reservacion (idHabitacion, idReservacion) values (164, 111);
insert into habitacion_reservacion (idHabitacion, idReservacion) values (165, 87);
insert into habitacion_reservacion (idHabitacion, idReservacion) values (166, 177);
insert into habitacion_reservacion (idHabitacion, idReservacion) values (167, 43);
insert into habitacion_reservacion (idHabitacion, idReservacion) values (168, 109);
insert into habitacion_reservacion (idHabitacion, idReservacion) values (169, 98);
insert into habitacion_reservacion (idHabitacion, idReservacion) values (170, 188);
insert into habitacion_reservacion (idHabitacion, idReservacion) values (171, 118);
insert into habitacion_reservacion (idHabitacion, idReservacion) values (172, 143);
insert into habitacion_reservacion (idHabitacion, idReservacion) values (173, 51);
insert into habitacion_reservacion (idHabitacion, idReservacion) values (174, 77);
insert into habitacion_reservacion (idHabitacion, idReservacion) values (175, 38);
insert into habitacion_reservacion (idHabitacion, idReservacion) values (176, 173);
insert into habitacion_reservacion (idHabitacion, idReservacion) values (177, 37);
insert into habitacion_reservacion (idHabitacion, idReservacion) values (178, 176);
insert into habitacion_reservacion (idHabitacion, idReservacion) values (179, 161);
insert into habitacion_reservacion (idHabitacion, idReservacion) values (180, 92);
insert into habitacion_reservacion (idHabitacion, idReservacion) values (181, 173);
insert into habitacion_reservacion (idHabitacion, idReservacion) values (182, 100);
insert into habitacion_reservacion (idHabitacion, idReservacion) values (183, 87);
insert into habitacion_reservacion (idHabitacion, idReservacion) values (184, 61);
insert into habitacion_reservacion (idHabitacion, idReservacion) values (185, 51);
insert into habitacion_reservacion (idHabitacion, idReservacion) values (186, 153);
insert into habitacion_reservacion (idHabitacion, idReservacion) values (187, 194);
insert into habitacion_reservacion (idHabitacion, idReservacion) values (188, 76);
insert into habitacion_reservacion (idHabitacion, idReservacion) values (189, 46);
insert into habitacion_reservacion (idHabitacion, idReservacion) values (190, 106);
insert into habitacion_reservacion (idHabitacion, idReservacion) values (191, 48);
insert into habitacion_reservacion (idHabitacion, idReservacion) values (192, 92);
insert into habitacion_reservacion (idHabitacion, idReservacion) values (193, 182);
insert into habitacion_reservacion (idHabitacion, idReservacion) values (194, 148);
insert into habitacion_reservacion (idHabitacion, idReservacion) values (195, 138);
insert into habitacion_reservacion (idHabitacion, idReservacion) values (196, 100);
insert into habitacion_reservacion (idHabitacion, idReservacion) values (197, 70);
insert into habitacion_reservacion (idHabitacion, idReservacion) values (198, 110);
insert into habitacion_reservacion (idHabitacion, idReservacion) values (199, 40);
insert into habitacion_reservacion (idHabitacion, idReservacion) values (200, 25);


-- -----------------------------------------------------
-- 105 Inserts de tabla factura_impuesto
-- -----------------------------------------------------
INSERT INTO factura_impuesto (idFactura, idImpuesto) VALUES (1, 5);
INSERT INTO factura_impuesto (idFactura, idImpuesto) VALUES (2, 1);
INSERT INTO factura_impuesto (idFactura, idImpuesto) VALUES (3, 25);
INSERT INTO factura_impuesto (idFactura, idImpuesto) VALUES (4, 17);
INSERT INTO factura_impuesto (idFactura, idImpuesto) VALUES (5, 11);
INSERT INTO factura_impuesto (idFactura, idImpuesto) VALUES (6, 15);
INSERT INTO factura_impuesto (idFactura, idImpuesto) VALUES (7, 28);
INSERT INTO factura_impuesto (idFactura, idImpuesto) VALUES (8, 8);
INSERT INTO factura_impuesto (idFactura, idImpuesto) VALUES (9, 2);
INSERT INTO factura_impuesto (idFactura, idImpuesto) VALUES (10, 22);
INSERT INTO factura_impuesto (idFactura, idImpuesto) VALUES (11, 26);
INSERT INTO factura_impuesto (idFactura, idImpuesto) VALUES (12, 27);
INSERT INTO factura_impuesto (idFactura, idImpuesto) VALUES (13, 26);
INSERT INTO factura_impuesto (idFactura, idImpuesto) VALUES (14, 25);
INSERT INTO factura_impuesto (idFactura, idImpuesto) VALUES (15, 28);
INSERT INTO factura_impuesto (idFactura, idImpuesto) VALUES (16, 28);
INSERT INTO factura_impuesto (idFactura, idImpuesto) VALUES (17, 22);
INSERT INTO factura_impuesto (idFactura, idImpuesto) VALUES (18, 14);
INSERT INTO factura_impuesto (idFactura, idImpuesto) VALUES (19, 14);
INSERT INTO factura_impuesto (idFactura, idImpuesto) VALUES (20, 16);
INSERT INTO factura_impuesto (idFactura, idImpuesto) VALUES (21, 9);
INSERT INTO factura_impuesto (idFactura, idImpuesto) VALUES (22, 9);
INSERT INTO factura_impuesto (idFactura, idImpuesto) VALUES (23, 26);
INSERT INTO factura_impuesto (idFactura, idImpuesto) VALUES (24, 10);
INSERT INTO factura_impuesto (idFactura, idImpuesto) VALUES (25, 9);
INSERT INTO factura_impuesto (idFactura, idImpuesto) VALUES (26, 2);
INSERT INTO factura_impuesto (idFactura, idImpuesto) VALUES (27, 24);
INSERT INTO factura_impuesto (idFactura, idImpuesto) VALUES (28, 24);
INSERT INTO factura_impuesto (idFactura, idImpuesto) VALUES (29, 16);
INSERT INTO factura_impuesto (idFactura, idImpuesto) VALUES (30, 15);
INSERT INTO factura_impuesto (idFactura, idImpuesto) VALUES (31, 28);
INSERT INTO factura_impuesto (idFactura, idImpuesto) VALUES (32, 10);
INSERT INTO factura_impuesto (idFactura, idImpuesto) VALUES (33, 21);
INSERT INTO factura_impuesto (idFactura, idImpuesto) VALUES (34, 14);
INSERT INTO factura_impuesto (idFactura, idImpuesto) VALUES (35, 8);
INSERT INTO factura_impuesto (idFactura, idImpuesto) VALUES (36, 3);
INSERT INTO factura_impuesto (idFactura, idImpuesto) VALUES (37, 25);
INSERT INTO factura_impuesto (idFactura, idImpuesto) VALUES (38, 9);
INSERT INTO factura_impuesto (idFactura, idImpuesto) VALUES (39, 7);
INSERT INTO factura_impuesto (idFactura, idImpuesto) VALUES (40, 18);
INSERT INTO factura_impuesto (idFactura, idImpuesto) VALUES (41, 10);
INSERT INTO factura_impuesto (idFactura, idImpuesto) VALUES (42, 26);
INSERT INTO factura_impuesto (idFactura, idImpuesto) VALUES (43, 28);
INSERT INTO factura_impuesto (idFactura, idImpuesto) VALUES (44, 8);
INSERT INTO factura_impuesto (idFactura, idImpuesto) VALUES (45, 13);
INSERT INTO factura_impuesto (idFactura, idImpuesto) VALUES (46, 1);
INSERT INTO factura_impuesto (idFactura, idImpuesto) VALUES (47, 30);
INSERT INTO factura_impuesto (idFactura, idImpuesto) VALUES (48, 15);
INSERT INTO factura_impuesto (idFactura, idImpuesto) VALUES (49, 21);
INSERT INTO factura_impuesto (idFactura, idImpuesto) VALUES (50, 28);
INSERT INTO factura_impuesto (idFactura, idImpuesto) VALUES (51, 3);
INSERT INTO factura_impuesto (idFactura, idImpuesto) VALUES (52, 18);
INSERT INTO factura_impuesto (idFactura, idImpuesto) VALUES (53, 17);
INSERT INTO factura_impuesto (idFactura, idImpuesto) VALUES (54, 25);
INSERT INTO factura_impuesto (idFactura, idImpuesto) VALUES (55, 23);
INSERT INTO factura_impuesto (idFactura, idImpuesto) VALUES (56, 17);
INSERT INTO factura_impuesto (idFactura, idImpuesto) VALUES (57, 7);
INSERT INTO factura_impuesto (idFactura, idImpuesto) VALUES (58, 6);
INSERT INTO factura_impuesto (idFactura, idImpuesto) VALUES (59, 13);
INSERT INTO factura_impuesto (idFactura, idImpuesto) VALUES (60, 10);
INSERT INTO factura_impuesto (idFactura, idImpuesto) VALUES (61, 21);
INSERT INTO factura_impuesto (idFactura, idImpuesto) VALUES (62, 22);
INSERT INTO factura_impuesto (idFactura, idImpuesto) VALUES (63, 2);
INSERT INTO factura_impuesto (idFactura, idImpuesto) VALUES (64, 17);
INSERT INTO factura_impuesto (idFactura, idImpuesto) VALUES (65, 30);
INSERT INTO factura_impuesto (idFactura, idImpuesto) VALUES (66, 7);
INSERT INTO factura_impuesto (idFactura, idImpuesto) VALUES (67, 19);
INSERT INTO factura_impuesto (idFactura, idImpuesto) VALUES (68, 9);
INSERT INTO factura_impuesto (idFactura, idImpuesto) VALUES (69, 23);
INSERT INTO factura_impuesto (idFactura, idImpuesto) VALUES (70, 16);
INSERT INTO factura_impuesto (idFactura, idImpuesto) VALUES (71, 28);
INSERT INTO factura_impuesto (idFactura, idImpuesto) VALUES (72, 4);
INSERT INTO factura_impuesto (idFactura, idImpuesto) VALUES (73, 18);
INSERT INTO factura_impuesto (idFactura, idImpuesto) VALUES (74, 3);
INSERT INTO factura_impuesto (idFactura, idImpuesto) VALUES (75, 18);
INSERT INTO factura_impuesto (idFactura, idImpuesto) VALUES (76, 14);
INSERT INTO factura_impuesto (idFactura, idImpuesto) VALUES (77, 4);
INSERT INTO factura_impuesto (idFactura, idImpuesto) VALUES (78, 22);
INSERT INTO factura_impuesto (idFactura, idImpuesto) VALUES (79, 29);
INSERT INTO factura_impuesto (idFactura, idImpuesto) VALUES (80, 11);
INSERT INTO factura_impuesto (idFactura, idImpuesto) VALUES (81, 1);
INSERT INTO factura_impuesto (idFactura, idImpuesto) VALUES (82, 3);
INSERT INTO factura_impuesto (idFactura, idImpuesto) VALUES (83, 14);
INSERT INTO factura_impuesto (idFactura, idImpuesto) VALUES (84, 19);
INSERT INTO factura_impuesto (idFactura, idImpuesto) VALUES (85, 10);
INSERT INTO factura_impuesto (idFactura, idImpuesto) VALUES (86, 7);
INSERT INTO factura_impuesto (idFactura, idImpuesto) VALUES (87, 24);
INSERT INTO factura_impuesto (idFactura, idImpuesto) VALUES (88, 28);
INSERT INTO factura_impuesto (idFactura, idImpuesto) VALUES (89, 16);
INSERT INTO factura_impuesto (idFactura, idImpuesto) VALUES (90, 21);
INSERT INTO factura_impuesto (idFactura, idImpuesto) VALUES (91, 27);
INSERT INTO factura_impuesto (idFactura, idImpuesto) VALUES (92, 5);
INSERT INTO factura_impuesto (idFactura, idImpuesto) VALUES (93, 12);
INSERT INTO factura_impuesto (idFactura, idImpuesto) VALUES (94, 27);
INSERT INTO factura_impuesto (idFactura, idImpuesto) VALUES (95, 20);
INSERT INTO factura_impuesto (idFactura, idImpuesto) VALUES (96, 25);
INSERT INTO factura_impuesto (idFactura, idImpuesto) VALUES (97, 1);
INSERT INTO factura_impuesto (idFactura, idImpuesto) VALUES (98, 3);
INSERT INTO factura_impuesto (idFactura, idImpuesto) VALUES (99, 5);
INSERT INTO factura_impuesto (idFactura, idImpuesto) VALUES (100, 27);
INSERT INTO factura_impuesto (idFactura, idImpuesto) VALUES (101, 20);
INSERT INTO factura_impuesto (idFactura, idImpuesto) VALUES (102, 29);
INSERT INTO factura_impuesto (idFactura, idImpuesto) VALUES (103, 2);
INSERT INTO factura_impuesto (idFactura, idImpuesto) VALUES (104, 28);
INSERT INTO factura_impuesto (idFactura, idImpuesto) VALUES (105, 16);

-- -----------------------------------------------------
-- Inserts de tabla factura_descuento
-- -----------------------------------------------------
INSERT INTO factura_descuento (idFactura, idDescuento) VALUES (1, 86);
INSERT INTO factura_descuento (idFactura, idDescuento) VALUES (2, 60);
INSERT INTO factura_descuento (idFactura, idDescuento) VALUES (3, 43);
INSERT INTO factura_descuento (idFactura, idDescuento) VALUES (4, 84);
INSERT INTO factura_descuento (idFactura, idDescuento) VALUES (5, 21);
INSERT INTO factura_descuento (idFactura, idDescuento) VALUES (6, 41);
INSERT INTO factura_descuento (idFactura, idDescuento) VALUES (7, 71);
INSERT INTO factura_descuento (idFactura, idDescuento) VALUES (8, 40);
INSERT INTO factura_descuento (idFactura, idDescuento) VALUES (9, 8);
INSERT INTO factura_descuento (idFactura, idDescuento) VALUES (10, 39);
INSERT INTO factura_descuento (idFactura, idDescuento) VALUES (11, 85);
INSERT INTO factura_descuento (idFactura, idDescuento) VALUES (12, 44);
INSERT INTO factura_descuento (idFactura, idDescuento) VALUES (13, 80);
INSERT INTO factura_descuento (idFactura, idDescuento) VALUES (14, 85);
INSERT INTO factura_descuento (idFactura, idDescuento) VALUES (15, 18);
INSERT INTO factura_descuento (idFactura, idDescuento) VALUES (16, 53);
INSERT INTO factura_descuento (idFactura, idDescuento) VALUES (17, 56);
INSERT INTO factura_descuento (idFactura, idDescuento) VALUES (18, 93);
INSERT INTO factura_descuento (idFactura, idDescuento) VALUES (19, 79);
INSERT INTO factura_descuento (idFactura, idDescuento) VALUES (20, 61);
INSERT INTO factura_descuento (idFactura, idDescuento) VALUES (21, 24);
INSERT INTO factura_descuento (idFactura, idDescuento) VALUES (22, 90);
INSERT INTO factura_descuento (idFactura, idDescuento) VALUES (23, 76);
INSERT INTO factura_descuento (idFactura, idDescuento) VALUES (24, 23);
INSERT INTO factura_descuento (idFactura, idDescuento) VALUES (25, 81);
INSERT INTO factura_descuento (idFactura, idDescuento) VALUES (26, 47);
INSERT INTO factura_descuento (idFactura, idDescuento) VALUES (27, 62);
INSERT INTO factura_descuento (idFactura, idDescuento) VALUES (28, 57);
INSERT INTO factura_descuento (idFactura, idDescuento) VALUES (29, 54);
INSERT INTO factura_descuento (idFactura, idDescuento) VALUES (30, 56);
INSERT INTO factura_descuento (idFactura, idDescuento) VALUES (31, 91);
INSERT INTO factura_descuento (idFactura, idDescuento) VALUES (32, 48);
INSERT INTO factura_descuento (idFactura, idDescuento) VALUES (33, 84);
INSERT INTO factura_descuento (idFactura, idDescuento) VALUES (34, 9);
INSERT INTO factura_descuento (idFactura, idDescuento) VALUES (35, 53);
INSERT INTO factura_descuento (idFactura, idDescuento) VALUES (36, 77);
INSERT INTO factura_descuento (idFactura, idDescuento) VALUES (37, 10);
INSERT INTO factura_descuento (idFactura, idDescuento) VALUES (38, 66);
INSERT INTO factura_descuento (idFactura, idDescuento) VALUES (39, 93);
INSERT INTO factura_descuento (idFactura, idDescuento) VALUES (40, 28);
INSERT INTO factura_descuento (idFactura, idDescuento) VALUES (41, 51);
INSERT INTO factura_descuento (idFactura, idDescuento) VALUES (42, 27);
INSERT INTO factura_descuento (idFactura, idDescuento) VALUES (43, 98);
INSERT INTO factura_descuento (idFactura, idDescuento) VALUES (44, 64);
INSERT INTO factura_descuento (idFactura, idDescuento) VALUES (45, 11);
INSERT INTO factura_descuento (idFactura, idDescuento) VALUES (46, 82);
INSERT INTO factura_descuento (idFactura, idDescuento) VALUES (47, 89);
INSERT INTO factura_descuento (idFactura, idDescuento) VALUES (48, 37);
INSERT INTO factura_descuento (idFactura, idDescuento) VALUES (49, 11);
INSERT INTO factura_descuento (idFactura, idDescuento) VALUES (50, 49);
INSERT INTO factura_descuento (idFactura, idDescuento) VALUES (51, 16);
INSERT INTO factura_descuento (idFactura, idDescuento) VALUES (52, 98);
INSERT INTO factura_descuento (idFactura, idDescuento) VALUES (53, 53);
INSERT INTO factura_descuento (idFactura, idDescuento) VALUES (54, 41);
INSERT INTO factura_descuento (idFactura, idDescuento) VALUES (55, 23);
INSERT INTO factura_descuento (idFactura, idDescuento) VALUES (56, 41);
INSERT INTO factura_descuento (idFactura, idDescuento) VALUES (57, 86);
INSERT INTO factura_descuento (idFactura, idDescuento) VALUES (58, 2);
INSERT INTO factura_descuento (idFactura, idDescuento) VALUES (59, 24);
INSERT INTO factura_descuento (idFactura, idDescuento) VALUES (60, 66);
INSERT INTO factura_descuento (idFactura, idDescuento) VALUES (61, 19);
INSERT INTO factura_descuento (idFactura, idDescuento) VALUES (62, 58);
INSERT INTO factura_descuento (idFactura, idDescuento) VALUES (63, 62);
INSERT INTO factura_descuento (idFactura, idDescuento) VALUES (64, 39);
INSERT INTO factura_descuento (idFactura, idDescuento) VALUES (65, 65);
INSERT INTO factura_descuento (idFactura, idDescuento) VALUES (66, 45);
INSERT INTO factura_descuento (idFactura, idDescuento) VALUES (67, 59);
INSERT INTO factura_descuento (idFactura, idDescuento) VALUES (68, 1);
INSERT INTO factura_descuento (idFactura, idDescuento) VALUES (69, 14);
INSERT INTO factura_descuento (idFactura, idDescuento) VALUES (70, 80);
INSERT INTO factura_descuento (idFactura, idDescuento) VALUES (71, 23);
INSERT INTO factura_descuento (idFactura, idDescuento) VALUES (72, 40);
INSERT INTO factura_descuento (idFactura, idDescuento) VALUES (73, 95);
INSERT INTO factura_descuento (idFactura, idDescuento) VALUES (74, 12);
INSERT INTO factura_descuento (idFactura, idDescuento) VALUES (75, 59);
INSERT INTO factura_descuento (idFactura, idDescuento) VALUES (76, 93);
INSERT INTO factura_descuento (idFactura, idDescuento) VALUES (77, 28);
INSERT INTO factura_descuento (idFactura, idDescuento) VALUES (78, 100);
INSERT INTO factura_descuento (idFactura, idDescuento) VALUES (79, 90);
INSERT INTO factura_descuento (idFactura, idDescuento) VALUES (80, 78);
INSERT INTO factura_descuento (idFactura, idDescuento) VALUES (81, 16);
INSERT INTO factura_descuento (idFactura, idDescuento) VALUES (82, 73);
INSERT INTO factura_descuento (idFactura, idDescuento) VALUES (83, 52);
INSERT INTO factura_descuento (idFactura, idDescuento) VALUES (84, 32);
INSERT INTO factura_descuento (idFactura, idDescuento) VALUES (85, 37);
INSERT INTO factura_descuento (idFactura, idDescuento) VALUES (86, 35);
INSERT INTO factura_descuento (idFactura, idDescuento) VALUES (87, 46);
INSERT INTO factura_descuento (idFactura, idDescuento) VALUES (88, 86);
INSERT INTO factura_descuento (idFactura, idDescuento) VALUES (89, 78);
INSERT INTO factura_descuento (idFactura, idDescuento) VALUES (90, 6);
INSERT INTO factura_descuento (idFactura, idDescuento) VALUES (91, 71);
INSERT INTO factura_descuento (idFactura, idDescuento) VALUES (92, 95);
INSERT INTO factura_descuento (idFactura, idDescuento) VALUES (93, 26);
INSERT INTO factura_descuento (idFactura, idDescuento) VALUES (94, 76);
INSERT INTO factura_descuento (idFactura, idDescuento) VALUES (95, 66);
INSERT INTO factura_descuento (idFactura, idDescuento) VALUES (96, 92);
INSERT INTO factura_descuento (idFactura, idDescuento) VALUES (97, 15);
INSERT INTO factura_descuento (idFactura, idDescuento) VALUES (98, 5);
INSERT INTO factura_descuento (idFactura, idDescuento) VALUES (99, 52);
INSERT INTO factura_descuento (idFactura, idDescuento) VALUES (100, 61);
INSERT INTO factura_descuento (idFactura, idDescuento) VALUES (101, 96);
INSERT INTO factura_descuento (idFactura, idDescuento) VALUES (102, 57);
INSERT INTO factura_descuento (idFactura, idDescuento) VALUES (103, 34);
INSERT INTO factura_descuento (idFactura, idDescuento) VALUES (104, 41);
INSERT INTO factura_descuento (idFactura, idDescuento) VALUES (105, 41);

-- -----------------------------------------------------
-- 105 Inserts de tabla experienciaLaboral 
-- -----------------------------------------------------
INSERT INTO ExperienciaLaboral (idExperienciaLaboral, titulo , fechaIncio, fechaFin, descripcion, idEmpleado) VALUES (1, 'titulo del colegio', '2015-05-28 14:21:23', '2015-07-11 17:37:19', 'Ut at dolor quis odio consequat varius.', 7);
INSERT INTO ExperienciaLaboral (idExperienciaLaboral, titulo , fechaIncio, fechaFin, descripcion, idEmpleado) VALUES (2, 'titulo del colegio', '2016-11-29 06:36:31', '2015-07-06 06:19:46', 'Integer tincidunt ante vel ipsum.', 33);
INSERT INTO ExperienciaLaboral (idExperienciaLaboral, titulo , fechaIncio, fechaFin, descripcion, idEmpleado) VALUES (3, 'titulo del colegio', '2016-06-07 13:14:56', '2012-01-14 16:51:01', 'Quisque id justo sit amet sapien dignissim vestibulum.', 49);
INSERT INTO ExperienciaLaboral (idExperienciaLaboral, titulo , fechaIncio, fechaFin, descripcion, idEmpleado) VALUES (4, 'titulo del colegio', '2015-11-09 01:24:18', '2016-05-25 08:24:26', 'Integer a nibh.', 95);
INSERT INTO ExperienciaLaboral (idExperienciaLaboral, titulo , fechaIncio, fechaFin, descripcion, idEmpleado) VALUES (5, 'titulo universitario', '2014-12-15 07:20:06', '2017-03-19 21:25:27', 'Quisque arcu libero, rutrum ac, lobortis vel, dapibus at, diam.', 12);
INSERT INTO ExperienciaLaboral (idExperienciaLaboral, titulo , fechaIncio, fechaFin, descripcion, idEmpleado) VALUES (6, 'titulo universitario', '2017-03-10 20:42:43', '2014-05-26 23:35:06', 'Nulla suscipit ligula in lacus.', 39);
INSERT INTO ExperienciaLaboral (idExperienciaLaboral, titulo , fechaIncio, fechaFin, descripcion, idEmpleado) VALUES (7, 'titulo del colegio', '2016-12-24 02:45:45', '2014-04-04 06:33:06', 'Vivamus vestibulum sagittis sapien.', 81);
INSERT INTO ExperienciaLaboral (idExperienciaLaboral, titulo , fechaIncio, fechaFin, descripcion, idEmpleado) VALUES (8, 'titulo del colegio', '2012-11-28 17:52:51', '2012-10-23 16:17:57', 'Integer a nibh.', 53);
INSERT INTO ExperienciaLaboral (idExperienciaLaboral, titulo , fechaIncio, fechaFin, descripcion, idEmpleado) VALUES (9, 'titulo universitario', '2014-12-31 12:09:14', '2014-06-20 21:49:39', 'Vivamus tortor.', 92);
INSERT INTO ExperienciaLaboral (idExperienciaLaboral, titulo , fechaIncio, fechaFin, descripcion, idEmpleado) VALUES (10, 'titulo del colegio', '2015-08-23 04:43:24', '2016-01-27 12:23:44', 'Praesent blandit lacinia erat.', 40);
INSERT INTO ExperienciaLaboral (idExperienciaLaboral, titulo , fechaIncio, fechaFin, descripcion, idEmpleado) VALUES (11, 'titulo universitario', '2017-04-07 06:53:10', '2016-06-13 12:38:56', 'Donec quis orci eget orci vehicula condimentum.', 61);
INSERT INTO ExperienciaLaboral (idExperienciaLaboral, titulo , fechaIncio, fechaFin, descripcion, idEmpleado) VALUES (12, 'titulo universitario', '2015-08-20 14:10:35', '2015-04-04 14:20:46', 'Vivamus metus arcu, adipiscing molestie, hendrerit at, vulputate vitae, nisl.', 34);
INSERT INTO ExperienciaLaboral (idExperienciaLaboral, titulo , fechaIncio, fechaFin, descripcion, idEmpleado) VALUES (13, 'titulo universitario', '2016-07-26 04:22:15', '2015-07-21 15:08:36', 'Aenean sit amet justo.', 72);
INSERT INTO ExperienciaLaboral (idExperienciaLaboral, titulo , fechaIncio, fechaFin, descripcion, idEmpleado) VALUES (14, 'titulo universitario', '2014-06-30 13:43:15', '2014-10-08 14:54:24', 'Quisque erat eros, viverra eget, congue eget, semper rutrum, nulla.', 83);
INSERT INTO ExperienciaLaboral (idExperienciaLaboral, titulo , fechaIncio, fechaFin, descripcion, idEmpleado) VALUES (15, 'titulo del colegio', '2016-03-23 19:17:06', '2014-04-04 09:48:15', 'Quisque porta volutpat erat.', 73);
INSERT INTO ExperienciaLaboral (idExperienciaLaboral, titulo , fechaIncio, fechaFin, descripcion, idEmpleado) VALUES (16, 'titulo del colegio', '2012-11-11 01:35:46', '2013-11-26 20:09:44', 'Morbi odio odio, elementum eu, interdum eu, tincidunt in, leo.', 66);
INSERT INTO ExperienciaLaboral (idExperienciaLaboral, titulo , fechaIncio, fechaFin, descripcion, idEmpleado) VALUES (17, 'titulo universitario', '2013-07-28 23:26:35', '2012-01-23 08:35:39', 'Fusce lacus purus, aliquet at, feugiat non, pretium quis, lectus.', 9);
INSERT INTO ExperienciaLaboral (idExperienciaLaboral, titulo , fechaIncio, fechaFin, descripcion, idEmpleado) VALUES (18, 'titulo universitario', '2013-09-17 16:28:00', '2014-06-21 06:05:13', 'Morbi odio odio, elementum eu, interdum eu, tincidunt in, leo.', 101);
INSERT INTO ExperienciaLaboral (idExperienciaLaboral, titulo , fechaIncio, fechaFin, descripcion, idEmpleado) VALUES (19, 'titulo universitario', '2014-04-27 17:50:43', '2016-07-28 18:53:00', 'Morbi vel lectus in quam fringilla rhoncus.', 31);
INSERT INTO ExperienciaLaboral (idExperienciaLaboral, titulo , fechaIncio, fechaFin, descripcion, idEmpleado) VALUES (20, 'titulo del colegio', '2015-02-20 07:14:24', '2015-03-21 06:25:04', 'Sed vel enim sit amet nunc viverra dapibus.', 5);
INSERT INTO ExperienciaLaboral (idExperienciaLaboral, titulo , fechaIncio, fechaFin, descripcion, idEmpleado) VALUES (21, 'titulo del colegio', '2012-02-02 07:44:26', '2013-09-08 01:22:09', 'Sed vel enim sit amet nunc viverra dapibus.', 27);
INSERT INTO ExperienciaLaboral (idExperienciaLaboral, titulo , fechaIncio, fechaFin, descripcion, idEmpleado) VALUES (22, 'titulo universitario', '2017-03-26 20:45:46', '2017-10-14 20:07:54', 'Morbi vestibulum, velit id pretium iaculis, diam erat fermentum justo, nec condimentum neque sapien placerat ante.', 23);
INSERT INTO ExperienciaLaboral (idExperienciaLaboral, titulo , fechaIncio, fechaFin, descripcion, idEmpleado) VALUES (23, 'titulo universitario', '2014-06-05 02:47:57', '2017-04-05 01:25:10', 'In eleifend quam a odio.', 74);
INSERT INTO ExperienciaLaboral (idExperienciaLaboral, titulo , fechaIncio, fechaFin, descripcion, idEmpleado) VALUES (24, 'titulo del colegio', '2016-02-05 19:52:49', '2013-06-24 20:05:04', 'Mauris lacinia sapien quis libero.', 95);
INSERT INTO ExperienciaLaboral (idExperienciaLaboral, titulo , fechaIncio, fechaFin, descripcion, idEmpleado) VALUES (25, 'titulo universitario', '2016-10-29 00:37:28', '2017-02-14 02:45:58', 'Suspendisse potenti.', 73);
INSERT INTO ExperienciaLaboral (idExperienciaLaboral, titulo , fechaIncio, fechaFin, descripcion, idEmpleado) VALUES (26, 'titulo del colegio', '2012-05-28 20:51:45', '2013-06-08 23:49:07', 'Morbi non lectus.', 5);
INSERT INTO ExperienciaLaboral (idExperienciaLaboral, titulo , fechaIncio, fechaFin, descripcion, idEmpleado) VALUES (27, 'titulo del colegio', '2013-07-22 14:58:28', '2018-02-09 06:22:52', 'Morbi porttitor lorem id ligula.', 97);
INSERT INTO ExperienciaLaboral (idExperienciaLaboral, titulo , fechaIncio, fechaFin, descripcion, idEmpleado) VALUES (28, 'titulo universitario', '2016-01-20 05:09:40', '2015-07-10 04:00:55', 'Morbi odio odio, elementum eu, interdum eu, tincidunt in, leo.', 14);
INSERT INTO ExperienciaLaboral (idExperienciaLaboral, titulo , fechaIncio, fechaFin, descripcion, idEmpleado) VALUES (29, 'titulo del colegio', '2012-05-27 07:55:16', '2017-08-17 06:58:21', 'Donec quis orci eget orci vehicula condimentum.', 61);
INSERT INTO ExperienciaLaboral (idExperienciaLaboral, titulo , fechaIncio, fechaFin, descripcion, idEmpleado) VALUES (30, 'titulo universitario', '2016-09-05 11:38:40', '2014-07-24 05:19:50', 'Donec dapibus.', 60);
INSERT INTO ExperienciaLaboral (idExperienciaLaboral, titulo , fechaIncio, fechaFin, descripcion, idEmpleado) VALUES (31, 'titulo del colegio', '2013-01-20 14:11:48', '2017-09-04 11:05:07', 'In hac habitasse platea dictumst.', 17);
INSERT INTO ExperienciaLaboral (idExperienciaLaboral, titulo , fechaIncio, fechaFin, descripcion, idEmpleado) VALUES (32, 'titulo universitario', '2017-10-08 21:22:40', '2016-05-25 09:08:41', 'Curabitur gravida nisi at nibh.', 37);
INSERT INTO ExperienciaLaboral (idExperienciaLaboral, titulo , fechaIncio, fechaFin, descripcion, idEmpleado) VALUES (33, 'titulo del colegio', '2012-08-01 07:17:27', '2012-07-07 06:45:48', 'Duis bibendum, felis sed interdum venenatis, turpis enim blandit mi, in porttitor pede justo eu massa.', 69);
INSERT INTO ExperienciaLaboral (idExperienciaLaboral, titulo , fechaIncio, fechaFin, descripcion, idEmpleado) VALUES (34, 'titulo del colegio', '2014-07-01 21:19:02', '2017-10-23 05:57:37', 'In sagittis dui vel nisl.', 93);
INSERT INTO ExperienciaLaboral (idExperienciaLaboral, titulo , fechaIncio, fechaFin, descripcion, idEmpleado) VALUES (35, 'titulo del colegio', '2017-12-10 21:44:53', '2017-10-18 20:15:20', 'Vestibulum ante ipsum primis in faucibus orci luctus et ultrices posuere cubilia Curae; Donec pharetra, magna vestibulum aliquet ultrices, erat tortor sollicitudin mi, sit amet lobortis sapien sapien non mi.', 14);
INSERT INTO ExperienciaLaboral (idExperienciaLaboral, titulo , fechaIncio, fechaFin, descripcion, idEmpleado) VALUES (36, 'titulo del colegio', '2015-02-19 00:01:31', '2016-08-03 10:12:40', 'Morbi quis tortor id nulla ultrices aliquet.', 88);
INSERT INTO ExperienciaLaboral (idExperienciaLaboral, titulo , fechaIncio, fechaFin, descripcion, idEmpleado) VALUES (37, 'titulo del colegio', '2013-06-25 00:46:22', '2017-03-19 11:03:22', 'Cras in purus eu magna vulputate luctus.', 35);
INSERT INTO ExperienciaLaboral (idExperienciaLaboral, titulo , fechaIncio, fechaFin, descripcion, idEmpleado) VALUES (38, 'titulo universitario', '2017-04-01 08:37:52', '2014-01-11 12:24:51', 'Nulla justo.', 87);
INSERT INTO ExperienciaLaboral (idExperienciaLaboral, titulo , fechaIncio, fechaFin, descripcion, idEmpleado) VALUES (39, 'titulo universitario', '2017-08-23 03:49:02', '2013-06-08 08:49:24', 'Donec dapibus.', 24);
INSERT INTO ExperienciaLaboral (idExperienciaLaboral, titulo , fechaIncio, fechaFin, descripcion, idEmpleado) VALUES (40, 'titulo universitario', '2012-02-05 03:34:38', '2013-02-17 00:09:15', 'Morbi vestibulum, velit id pretium iaculis, diam erat fermentum justo, nec condimentum neque sapien placerat ante.', 91);
INSERT INTO ExperienciaLaboral (idExperienciaLaboral, titulo , fechaIncio, fechaFin, descripcion, idEmpleado) VALUES (41, 'titulo universitario', '2014-12-25 23:47:48', '2015-08-31 15:25:01', 'In quis justo.', 84);
INSERT INTO ExperienciaLaboral (idExperienciaLaboral, titulo , fechaIncio, fechaFin, descripcion, idEmpleado) VALUES (42, 'titulo universitario', '2016-05-06 10:42:55', '2017-10-10 18:58:34', 'Morbi non lectus.', 35);
INSERT INTO ExperienciaLaboral (idExperienciaLaboral, titulo , fechaIncio, fechaFin, descripcion, idEmpleado) VALUES (43, 'titulo del colegio', '2013-08-11 19:33:21', '2018-03-03 13:32:45', 'Nullam porttitor lacus at turpis.', 17);
INSERT INTO ExperienciaLaboral (idExperienciaLaboral, titulo , fechaIncio, fechaFin, descripcion, idEmpleado) VALUES (44, 'titulo del colegio', '2014-09-30 15:51:05', '2015-02-26 04:49:31', 'Etiam pretium iaculis justo.', 94);
INSERT INTO ExperienciaLaboral (idExperienciaLaboral, titulo , fechaIncio, fechaFin, descripcion, idEmpleado) VALUES (45, 'titulo del colegio', '2018-04-01 06:40:35', '2013-10-10 03:47:03', 'Aliquam augue quam, sollicitudin vitae, consectetuer eget, rutrum at, lorem.', 76);
INSERT INTO ExperienciaLaboral (idExperienciaLaboral, titulo , fechaIncio, fechaFin, descripcion, idEmpleado) VALUES (46, 'titulo universitario', '2015-04-07 12:37:58', '2014-01-13 06:08:25', 'Integer a nibh.', 30);
INSERT INTO ExperienciaLaboral (idExperienciaLaboral, titulo , fechaIncio, fechaFin, descripcion, idEmpleado) VALUES (47, 'titulo del colegio', '2016-07-11 22:48:50', '2017-12-24 07:42:26', 'Cum sociis natoque penatibus et magnis dis parturient montes, nascetur ridiculus mus.', 105);
INSERT INTO ExperienciaLaboral (idExperienciaLaboral, titulo , fechaIncio, fechaFin, descripcion, idEmpleado) VALUES (48, 'titulo del colegio', '2017-06-17 01:37:49', '2013-03-26 22:13:11', 'Nunc nisl.', 3);
INSERT INTO ExperienciaLaboral (idExperienciaLaboral, titulo , fechaIncio, fechaFin, descripcion, idEmpleado) VALUES (49, 'titulo universitario', '2016-06-14 04:09:12', '2012-08-28 16:15:28', 'Phasellus id sapien in sapien iaculis congue.', 70);
INSERT INTO ExperienciaLaboral (idExperienciaLaboral, titulo , fechaIncio, fechaFin, descripcion, idEmpleado) VALUES (50, 'titulo del colegio', '2012-03-06 21:06:56', '2013-05-06 08:42:50', 'Vestibulum ante ipsum primis in faucibus orci luctus et ultrices posuere cubilia Curae; Donec pharetra, magna vestibulum aliquet ultrices, erat tortor sollicitudin mi, sit amet lobortis sapien sapien non mi.', 66);
INSERT INTO ExperienciaLaboral (idExperienciaLaboral, titulo , fechaIncio, fechaFin, descripcion, idEmpleado) VALUES (51, 'titulo del colegio', '2017-11-02 19:50:29', '2017-05-23 10:05:52', 'Quisque porta volutpat erat.', 72);
INSERT INTO ExperienciaLaboral (idExperienciaLaboral, titulo , fechaIncio, fechaFin, descripcion, idEmpleado) VALUES (52, 'titulo del colegio', '2012-04-13 22:18:56', '2016-03-20 02:02:56', 'Mauris sit amet eros.', 103);
INSERT INTO ExperienciaLaboral (idExperienciaLaboral, titulo , fechaIncio, fechaFin, descripcion, idEmpleado) VALUES (53, 'titulo del colegio', '2014-11-12 05:30:07', '2018-02-24 01:09:38', 'Etiam justo.', 70);
INSERT INTO ExperienciaLaboral (idExperienciaLaboral, titulo , fechaIncio, fechaFin, descripcion, idEmpleado) VALUES (54, 'titulo universitario', '2013-03-23 10:57:38', '2014-10-03 22:50:08', 'In congue.', 13);
INSERT INTO ExperienciaLaboral (idExperienciaLaboral, titulo , fechaIncio, fechaFin, descripcion, idEmpleado) VALUES (55, 'titulo del colegio', '2014-01-19 13:41:42', '2016-02-16 23:20:40', 'Aenean lectus.', 43);
INSERT INTO ExperienciaLaboral (idExperienciaLaboral, titulo , fechaIncio, fechaFin, descripcion, idEmpleado) VALUES (56, 'titulo del colegio', '2017-09-06 14:40:49', '2018-02-16 09:41:34', 'Nulla ac enim.', 97);
INSERT INTO ExperienciaLaboral (idExperienciaLaboral, titulo , fechaIncio, fechaFin, descripcion, idEmpleado) VALUES (57, 'titulo universitario', '2018-02-24 10:14:20', '2013-12-10 19:08:30', 'Integer non velit.', 88);
INSERT INTO ExperienciaLaboral (idExperienciaLaboral, titulo , fechaIncio, fechaFin, descripcion, idEmpleado) VALUES (58, 'titulo del colegio', '2015-10-05 10:44:19', '2015-12-08 16:33:11', 'Morbi porttitor lorem id ligula.', 81);
INSERT INTO ExperienciaLaboral (idExperienciaLaboral, titulo , fechaIncio, fechaFin, descripcion, idEmpleado) VALUES (59, 'titulo universitario', '2012-02-21 07:13:35', '2013-11-10 07:20:32', 'Nullam porttitor lacus at turpis.', 15);
INSERT INTO ExperienciaLaboral (idExperienciaLaboral, titulo , fechaIncio, fechaFin, descripcion, idEmpleado) VALUES (60, 'titulo del colegio', '2014-05-26 07:27:42', '2015-01-09 04:17:23', 'Duis mattis egestas metus.', 78);
INSERT INTO ExperienciaLaboral (idExperienciaLaboral, titulo , fechaIncio, fechaFin, descripcion, idEmpleado) VALUES (61, 'titulo del colegio', '2017-02-23 22:33:29', '2014-02-17 11:32:42', 'Vestibulum ante ipsum primis in faucibus orci luctus et ultrices posuere cubilia Curae; Donec pharetra, magna vestibulum aliquet ultrices, erat tortor sollicitudin mi, sit amet lobortis sapien sapien non mi.', 35);
INSERT INTO ExperienciaLaboral (idExperienciaLaboral, titulo , fechaIncio, fechaFin, descripcion, idEmpleado) VALUES (62, 'titulo universitario', '2012-10-24 19:38:26', '2016-12-19 08:30:45', 'Vivamus tortor.', 3);
INSERT INTO ExperienciaLaboral (idExperienciaLaboral, titulo , fechaIncio, fechaFin, descripcion, idEmpleado) VALUES (63, 'titulo universitario', '2013-03-04 00:27:28', '2013-07-19 21:29:19', 'Integer tincidunt ante vel ipsum.', 71);
INSERT INTO ExperienciaLaboral (idExperienciaLaboral, titulo , fechaIncio, fechaFin, descripcion, idEmpleado) VALUES (64, 'titulo universitario', '2013-06-01 05:29:35', '2016-09-02 12:30:10', 'Suspendisse potenti.', 59);
INSERT INTO ExperienciaLaboral (idExperienciaLaboral, titulo , fechaIncio, fechaFin, descripcion, idEmpleado) VALUES (65, 'titulo del colegio', '2012-02-05 04:00:11', '2017-10-01 02:29:03', 'Cras mi pede, malesuada in, imperdiet et, commodo vulputate, justo.', 55);
INSERT INTO ExperienciaLaboral (idExperienciaLaboral, titulo , fechaIncio, fechaFin, descripcion, idEmpleado) VALUES (66, 'titulo universitario', '2012-09-08 05:35:18', '2015-05-26 02:44:48', 'Nullam varius.', 75);
INSERT INTO ExperienciaLaboral (idExperienciaLaboral, titulo , fechaIncio, fechaFin, descripcion, idEmpleado) VALUES (67, 'titulo universitario', '2017-10-23 20:24:23', '2017-12-28 04:16:38', 'Cum sociis natoque penatibus et magnis dis parturient montes, nascetur ridiculus mus.', 103);
INSERT INTO ExperienciaLaboral (idExperienciaLaboral, titulo , fechaIncio, fechaFin, descripcion, idEmpleado) VALUES (68, 'titulo del colegio', '2013-06-17 23:14:27', '2017-05-04 18:25:12', 'Maecenas rhoncus aliquam lacus.', 42);
INSERT INTO ExperienciaLaboral (idExperienciaLaboral, titulo , fechaIncio, fechaFin, descripcion, idEmpleado) VALUES (69, 'titulo del colegio', '2017-07-14 00:58:36', '2017-10-26 00:15:50', 'Donec ut mauris eget massa tempor convallis.', 73);
INSERT INTO ExperienciaLaboral (idExperienciaLaboral, titulo , fechaIncio, fechaFin, descripcion, idEmpleado) VALUES (70, 'titulo del colegio', '2016-09-22 03:11:45', '2014-06-19 09:51:57', 'Duis aliquam convallis nunc.', 39);
INSERT INTO ExperienciaLaboral (idExperienciaLaboral, titulo , fechaIncio, fechaFin, descripcion, idEmpleado) VALUES (71, 'titulo universitario', '2013-03-23 02:54:52', '2016-06-05 06:36:52', 'Curabitur in libero ut massa volutpat convallis.', 47);
INSERT INTO ExperienciaLaboral (idExperienciaLaboral, titulo , fechaIncio, fechaFin, descripcion, idEmpleado) VALUES (72, 'titulo universitario', '2014-01-27 00:02:03', '2017-11-14 07:10:53', 'Vestibulum ante ipsum primis in faucibus orci luctus et ultrices posuere cubilia Curae; Nulla dapibus dolor vel est.', 76);
INSERT INTO ExperienciaLaboral (idExperienciaLaboral, titulo , fechaIncio, fechaFin, descripcion, idEmpleado) VALUES (73, 'titulo universitario', '2012-03-05 16:06:40', '2018-01-14 09:38:31', 'Morbi porttitor lorem id ligula.', 36);
INSERT INTO ExperienciaLaboral (idExperienciaLaboral, titulo , fechaIncio, fechaFin, descripcion, idEmpleado) VALUES (74, 'titulo universitario', '2018-01-05 20:00:06', '2015-11-26 07:05:18', 'Nam ultrices, libero non mattis pulvinar, nulla pede ullamcorper augue, a suscipit nulla elit ac nulla.', 32);
INSERT INTO ExperienciaLaboral (idExperienciaLaboral, titulo , fechaIncio, fechaFin, descripcion, idEmpleado) VALUES (75, 'titulo del colegio', '2013-08-06 01:06:33', '2014-03-10 04:16:48', 'Phasellus sit amet erat.', 7);
INSERT INTO ExperienciaLaboral (idExperienciaLaboral, titulo , fechaIncio, fechaFin, descripcion, idEmpleado) VALUES (76, 'titulo universitario', '2013-02-26 09:43:40', '2016-12-06 09:06:04', 'Vivamus metus arcu, adipiscing molestie, hendrerit at, vulputate vitae, nisl.', 41);
INSERT INTO ExperienciaLaboral (idExperienciaLaboral, titulo , fechaIncio, fechaFin, descripcion, idEmpleado) VALUES (77, 'titulo del colegio', '2016-01-08 11:16:46', '2014-05-21 19:15:10', 'Fusce posuere felis sed lacus.', 72);
INSERT INTO ExperienciaLaboral (idExperienciaLaboral, titulo , fechaIncio, fechaFin, descripcion, idEmpleado) VALUES (78, 'titulo universitario', '2016-11-12 11:53:39', '2014-07-26 10:34:47', 'Nam dui.', 37);
INSERT INTO ExperienciaLaboral (idExperienciaLaboral, titulo , fechaIncio, fechaFin, descripcion, idEmpleado) VALUES (79, 'titulo universitario', '2017-01-07 12:42:33', '2015-08-31 22:15:47', 'Integer ac leo.', 35);
INSERT INTO ExperienciaLaboral (idExperienciaLaboral, titulo , fechaIncio, fechaFin, descripcion, idEmpleado) VALUES (80, 'titulo universitario', '2017-04-03 22:56:50', '2014-07-06 18:10:47', 'Vestibulum ante ipsum primis in faucibus orci luctus et ultrices posuere cubilia Curae; Duis faucibus accumsan odio.', 101);
INSERT INTO ExperienciaLaboral (idExperienciaLaboral, titulo , fechaIncio, fechaFin, descripcion, idEmpleado) VALUES (81, 'titulo universitario', '2013-02-02 18:05:58', '2014-04-29 09:15:01', 'Suspendisse potenti.', 93);
INSERT INTO ExperienciaLaboral (idExperienciaLaboral, titulo , fechaIncio, fechaFin, descripcion, idEmpleado) VALUES (82, 'titulo del colegio', '2016-10-01 21:05:11', '2012-10-01 20:18:24', 'Pellentesque eget nunc.', 22);
INSERT INTO ExperienciaLaboral (idExperienciaLaboral, titulo , fechaIncio, fechaFin, descripcion, idEmpleado) VALUES (83, 'titulo del colegio', '2018-01-02 10:39:09', '2012-08-24 03:30:52', 'Pellentesque viverra pede ac diam.', 68);
INSERT INTO ExperienciaLaboral (idExperienciaLaboral, titulo , fechaIncio, fechaFin, descripcion, idEmpleado) VALUES (84, 'titulo universitario', '2015-05-12 20:08:39', '2016-02-12 20:49:09', 'Donec semper sapien a libero.', 83);
INSERT INTO ExperienciaLaboral (idExperienciaLaboral, titulo , fechaIncio, fechaFin, descripcion, idEmpleado) VALUES (85, 'titulo universitario', '2013-02-04 13:19:33', '2014-11-01 11:16:05', 'Nulla nisl.', 68);
INSERT INTO ExperienciaLaboral (idExperienciaLaboral, titulo , fechaIncio, fechaFin, descripcion, idEmpleado) VALUES (86, 'titulo del colegio', '2014-09-10 06:29:24', '2012-11-26 07:11:53', 'Nunc nisl.', 6);
INSERT INTO ExperienciaLaboral (idExperienciaLaboral, titulo , fechaIncio, fechaFin, descripcion, idEmpleado) VALUES (87, 'titulo del colegio', '2012-04-10 08:23:33', '2015-12-12 17:07:20', 'Donec ut mauris eget massa tempor convallis.', 92);
INSERT INTO ExperienciaLaboral (idExperienciaLaboral, titulo , fechaIncio, fechaFin, descripcion, idEmpleado) VALUES (88, 'titulo universitario', '2016-02-10 16:26:13', '2015-03-07 19:03:11', 'Mauris lacinia sapien quis libero.', 88);
INSERT INTO ExperienciaLaboral (idExperienciaLaboral, titulo , fechaIncio, fechaFin, descripcion, idEmpleado) VALUES (89, 'titulo universitario', '2017-05-02 15:59:29', '2017-04-03 11:16:25', 'Aliquam augue quam, sollicitudin vitae, consectetuer eget, rutrum at, lorem.', 41);
INSERT INTO ExperienciaLaboral (idExperienciaLaboral, titulo , fechaIncio, fechaFin, descripcion, idEmpleado) VALUES (90, 'titulo universitario', '2017-06-02 10:26:41', '2013-08-06 01:31:38', 'Nulla ut erat id mauris vulputate elementum.', 45);
INSERT INTO ExperienciaLaboral (idExperienciaLaboral, titulo , fechaIncio, fechaFin, descripcion, idEmpleado) VALUES (91, 'titulo universitario', '2014-05-12 10:20:22', '2017-04-07 04:34:40', 'In hac habitasse platea dictumst.', 21);
INSERT INTO ExperienciaLaboral (idExperienciaLaboral, titulo , fechaIncio, fechaFin, descripcion, idEmpleado) VALUES (92, 'titulo del colegio', '2017-10-10 07:22:45', '2014-11-28 12:17:19', 'Cras non velit nec nisi vulputate nonummy.', 83);
INSERT INTO ExperienciaLaboral (idExperienciaLaboral, titulo , fechaIncio, fechaFin, descripcion, idEmpleado) VALUES (93, 'titulo del colegio', '2016-03-09 04:35:22', '2016-09-02 02:55:09', 'Cum sociis natoque penatibus et magnis dis parturient montes, nascetur ridiculus mus.', 41);
INSERT INTO ExperienciaLaboral (idExperienciaLaboral, titulo , fechaIncio, fechaFin, descripcion, idEmpleado) VALUES (94, 'titulo universitario', '2013-07-11 22:10:47', '2017-12-14 14:30:20', 'Vestibulum ante ipsum primis in faucibus orci luctus et ultrices posuere cubilia Curae; Donec pharetra, magna vestibulum aliquet ultrices, erat tortor sollicitudin mi, sit amet lobortis sapien sapien non mi.', 17);
INSERT INTO ExperienciaLaboral (idExperienciaLaboral, titulo , fechaIncio, fechaFin, descripcion, idEmpleado) VALUES (95, 'titulo universitario', '2013-12-18 04:19:01', '2016-10-28 19:23:25', 'Nulla mollis molestie lorem.', 29);
INSERT INTO ExperienciaLaboral (idExperienciaLaboral, titulo , fechaIncio, fechaFin, descripcion, idEmpleado) VALUES (96, 'titulo universitario', '2014-10-31 00:01:37', '2013-01-19 01:53:46', 'Vivamus vel nulla eget eros elementum pellentesque.', 102);
INSERT INTO ExperienciaLaboral (idExperienciaLaboral, titulo , fechaIncio, fechaFin, descripcion, idEmpleado) VALUES (97, 'titulo del colegio', '2012-02-11 23:53:20', '2018-01-15 17:42:41', 'Mauris lacinia sapien quis libero.', 36);
INSERT INTO ExperienciaLaboral (idExperienciaLaboral, titulo , fechaIncio, fechaFin, descripcion, idEmpleado) VALUES (98, 'titulo universitario', '2017-03-19 07:20:00', '2013-10-07 09:10:10', 'Suspendisse potenti.', 52);
INSERT INTO ExperienciaLaboral (idExperienciaLaboral, titulo , fechaIncio, fechaFin, descripcion, idEmpleado) VALUES (99, 'titulo universitario', '2012-02-03 10:26:40', '2013-09-14 10:57:38', 'Cras mi pede, malesuada in, imperdiet et, commodo vulputate, justo.', 32);
INSERT INTO ExperienciaLaboral (idExperienciaLaboral, titulo , fechaIncio, fechaFin, descripcion, idEmpleado) VALUES (100, 'titulo universitario', '2012-06-01 11:43:04', '2013-10-25 23:27:32', 'Etiam vel augue.', 13);
INSERT INTO ExperienciaLaboral (idExperienciaLaboral, titulo , fechaIncio, fechaFin, descripcion, idEmpleado) VALUES (101, 'titulo del colegio', '2017-08-06 02:09:40', '2014-01-22 09:06:22', 'In hac habitasse platea dictumst.', 68);
INSERT INTO ExperienciaLaboral (idExperienciaLaboral, titulo , fechaIncio, fechaFin, descripcion, idEmpleado) VALUES (102, 'titulo del colegio', '2014-12-21 05:22:11', '2016-02-23 10:07:02', 'Praesent blandit lacinia erat.', 38);
INSERT INTO ExperienciaLaboral (idExperienciaLaboral, titulo , fechaIncio, fechaFin, descripcion, idEmpleado) VALUES (103, 'titulo del colegio', '2016-08-15 19:14:53', '2018-02-26 09:16:01', 'Vivamus metus arcu, adipiscing molestie, hendrerit at, vulputate vitae, nisl.', 89);
INSERT INTO ExperienciaLaboral (idExperienciaLaboral, titulo , fechaIncio, fechaFin, descripcion, idEmpleado) VALUES (104, 'titulo del colegio', '2012-05-23 03:33:05', '2015-11-24 09:47:57', 'Maecenas rhoncus aliquam lacus.', 93);
INSERT INTO ExperienciaLaboral (idExperienciaLaboral, titulo , fechaIncio, fechaFin, descripcion, idEmpleado) VALUES (105, 'titulo del colegio', '2012-08-20 12:58:29', '2012-04-27 04:16:17', 'Nulla ut erat id mauris vulputate elementum.', 5);
